year,series,chapter,key,title,origin_bill,source,text_chars,obtained,unobtainable_reason,text_terms,snippet,url
2023,Acts,1,1,"AN ACT ESTABLISHING A SICK LEAVE BANK FOR HOLLI HILL, AN EMPLOYEE OF THE DEPARTMENT OF CHILDREN AND FAMILIES",H25,api,1188,yes,,,,https://malegislature.gov/Laws/SessionLaws/Acts/2023/Chapter1
2023,Acts,2,2,AN ACT MAKING APPROPRIATIONS FOR THE FISCAL YEAR 2023 TO PROVIDE FOR SUPPLEMENTING CERTAIN EXISTING APPROPRIATIONS AND FOR CERTAIN OTHER ACTIVITIES AND PROJECTS,H58,api,85683,yes,,personal_information:2;biometric:1;facial_recognition:1;sale_of_data:1;surveillance:2,"hird party provides a notary public with a means to verify the identity of a remotely-located individual by a review of personal information from public or private data sources, which may include credential analysis, dynamic knowledge-based authentication, ana",https://malegislature.gov/Laws/SessionLaws/Acts/2023/Chapter2
2023,Acts,3,3,AN ACT DIRECTING THE CITY OF BOSTON POLICE DEPARTMENT TO WAIVE THE MAXIMUM AGE REQUIREMENT FOR POLICE OFFICERS FOR WILFRID DECOSSA,H2520,api,655,yes,,,,https://malegislature.gov/Laws/SessionLaws/Acts/2023/Chapter3
2023,Acts,4,4,"AN ACT ESTABLISHING A SICK LEAVE BANK FOR MEREDITH MINGOLELLI-COTTER, AN EMPLOYEE OF THE TRIAL COURT OF THE COMMONWEALTH",S2377,api,1229,yes,,,,https://malegislature.gov/Laws/SessionLaws/Acts/2023/Chapter4
2023,Acts,5,5,AN ACT FURTHER REGULATING THE APPOINTMENT OF SPECIAL POLICE OFFICERS IN THE CITY OF WATERTOWN,H2622,api,523,yes,,,,https://malegislature.gov/Laws/SessionLaws/Acts/2023/Chapter5
2023,Acts,6,6,"AN ACT ESTABLISHING A SICK LEAVE BANK FOR HOLLIE BARTER, AN EMPLOYEE OF THE DEPARTMENT OF CHILDREN AND FAMILIES",H3713,api,1194,yes,,,,https://malegislature.gov/Laws/SessionLaws/Acts/2023/Chapter6
2023,Acts,7,7,AN ACT TO CREATE THE EXECUTIVE OFFICE OF HOUSING AND LIVABLE COMMUNITIES AND TO RENAME THE EXECUTIVE OFFICE OF ECONOMIC DEVELOPMENT,H43,api,126393,yes,,,,https://malegislature.gov/Laws/SessionLaws/Acts/2023/Chapter7
2023,Acts,8,8,AN ACT AUTHORIZING THE TOWN OF LEICESTER TO CONTINUE THE EMPLOYMENT OF KENNETH M. ANTANAVICA,H2579,api,917,yes,,,,https://malegislature.gov/Laws/SessionLaws/Acts/2023/Chapter8
2023,Acts,9,9,"AN ACT ESTABLISHING A SICK LEAVE BANK FOR CHRISTOPHER TRIGILIO, AN EMPLOYEE OF THE TRIAL COURT OF THE COMMONWEALTH",S2376,api,1208,yes,,,,https://malegislature.gov/Laws/SessionLaws/Acts/2023/Chapter9
2023,Acts,10,10,AN ACT ESTABLISHING A PROCESS FOR DETERMINING THE ORDER OF CANDIDATES' NAMES ON THE TOWN OF MARBLEHEAD'S TOWN ELECTION BALLOTS,S411,api,1178,yes,,,,https://malegislature.gov/Laws/SessionLaws/Acts/2023/Chapter10
2023,Acts,11,11,AN ACT RELATIVE TO DISTRICT CITY COUNCIL ELECTION IN THE CITY OF BOSTON,H3872,api,3470,yes,,,,https://malegislature.gov/Laws/SessionLaws/Acts/2023/Chapter11
2023,Acts,12,12,AN ACT AUTHORIZING THE CITY OF SOMERVILLE TO CONTINUE THE EMPLOYMENT OF CHARLES J. FEMINO AS ACTING CHIEF OF POLICE,S2370,api,1250,yes,,,,https://malegislature.gov/Laws/SessionLaws/Acts/2023/Chapter12
2023,Acts,13,13,"AN ACT PROVIDING FOR THE TERMS OF CERTAIN BONDS TO PROVIDE FOR A PROGRAM OF HOUSING, COMMUNITY DEVELOPMENT, ECONOMIC OPPORTUNITIES, SUPPORT FOR LOCAL GOVERNMENTS, INCREASED INNOVATION AND JOB CREATION TO BE ISSUED BY THE COMMONWEALTH",H3862,api,1897,yes,,,,https://malegislature.gov/Laws/SessionLaws/Acts/2023/Chapter13
2023,Acts,14,14,AN ACT EXTENDING THE TIME FOR THE ISSUANCE OF ALCOHOLIC BEVERAGE LICENSES IN THE CITY OF WOBURN,H316,api,462,yes,,,,https://malegislature.gov/Laws/SessionLaws/Acts/2023/Chapter14
2023,Acts,15,15,AN ACT MAKING CERTAIN APPROPRIATIONS FOR FISCAL YEAR 2024 BEFORE FINAL ACTION ON THE GENERAL APPROPRIATION BILL,H3936,api,1833,yes,,,,https://malegislature.gov/Laws/SessionLaws/Acts/2023/Chapter15
2023,Acts,16,16,AN ACT AUTHORIZING THE TOWN OF MANSFIELD TO GRANT AN ADDITIONAL LICENSE FOR THE SALE OF ALL ALCOHOLIC BEVERAGES NOT TO BE DRUNK ON THE PREMISES,H3828,api,1937,yes,,,,https://malegislature.gov/Laws/SessionLaws/Acts/2023/Chapter16
2023,Acts,17,17,"AN ACT ESTABLISHING A SICK LEAVE BANK FOR DAVID BENWAY, AN EMPLOYEE OF THE MASSACHUSETTS MARITIME ACADEMY",H3739,api,1168,yes,,,,https://malegislature.gov/Laws/SessionLaws/Acts/2023/Chapter17
2023,Acts,18,18,"AN ACT ESTABLISHING A SICK LEAVE BANK FOR AMELIA ALEX, AN EMPLOYEE OF THE DEPARTMENT OF CHILDREN AND FAMILIES",S2383,api,1186,yes,,,,https://malegislature.gov/Laws/SessionLaws/Acts/2023/Chapter18
2023,Acts,19,19,AN ACT AUTHORIZING THE TOWN OF WAKEFIELD TO ESTABLISH A MEANS TESTED SENIOR CITIZEN PROPERTY TAX EXEMPTION,H3807,api,3898,yes,,,,https://malegislature.gov/Laws/SessionLaws/Acts/2023/Chapter19
2023,Acts,20,20,AN ACT AUTHORIZING THE TOWN OF BERLIN TO GRANT UP TO 2 ADDITIONAL LICENSES FOR THE SALE OF ALL ALCOHOLIC BEVERAGES NOT TO BE DRUNK ON THE PREMISES,H345,api,2819,yes,,,,https://malegislature.gov/Laws/SessionLaws/Acts/2023/Chapter20
2023,Acts,21,21,"AN ACT ESTABLISHING A SICK LEAVE BANK FOR MICHAEL GRANT, AN EMPLOYEE OF THE DEPARTMENT OF CORRECTION",H3821,api,1182,yes,,,,https://malegislature.gov/Laws/SessionLaws/Acts/2023/Chapter21
2023,Acts,22,22,AN ACT CHANGING THE NAME OF THE BOARD OF SELECTMEN OF THE TOWN OF HANOVER TO SELECT BOARD,S1302,api,10160,yes,,,,https://malegislature.gov/Laws/SessionLaws/Acts/2023/Chapter22
2023,Acts,23,23,"AN ACT ESTABLISHING A SICK LEAVE BANK FOR WILLIAM DONAHUE, AN EMPLOYEE OF THE TRIAL COURT OF THE COMMONWEALTH",H3778,api,1194,yes,,,,https://malegislature.gov/Laws/SessionLaws/Acts/2023/Chapter23
2023,Acts,24,24,AN ACT MAKING CERTAIN APPROPRIATIONS FOR FISCAL YEAR 2024 BEFORE FINAL ACTION ON THE GENERAL APPROPRIATION BILL,H4022,api,1044,yes,,,,https://malegislature.gov/Laws/SessionLaws/Acts/2023/Chapter24
2023,Acts,25,25,AN ACT AUTHORIZING THE TOWN OF ROCHESTER TO GRANT AN ADDITIONAL LICENSE FOR THE SALE OF ALL ALCOHOLIC BEVERAGES NOT TO BE DRUNK ON THE PREMISES,H393,api,2850,yes,,,,https://malegislature.gov/Laws/SessionLaws/Acts/2023/Chapter25
2023,Acts,26,26,AN ACT MAKING APPROPRIATIONS FOR THE FISCAL YEAR 2023 TO PROVIDE FOR SUPPLEMENTING CERTAIN EXISTING APPROPRIATIONS AND FOR CERTAIN OTHER ACTIVITIES AND PROJECTS,H4033,api,11911,yes,,,,https://malegislature.gov/Laws/SessionLaws/Acts/2023/Chapter26
2023,Acts,27,27,AN ACT FINANCING IMPROVEMENTS TO MUNICIPAL ROADS AND BRIDGES,H4013,api,6606,yes,,,,https://malegislature.gov/Laws/SessionLaws/Acts/2023/Chapter27
2023,Acts,28,28,"AN ACT MAKING APPROPRIATIONS FOR THE FISCAL YEAR 2024 FOR THE MAINTENANCE OF THE DEPARTMENTS, BOARDS, COMMISSIONS, INSTITUTIONS, AND CERTAIN ACTIVITIES OF THE COMMONWEALTH, FOR INTEREST, SINKING FUND, AND SERIAL BOND REQUIREMENTS, AND FOR CERTAIN PERMANENT IMPROVEMENTS",H4040,api,1353575,yes,,personal_information:7;surveillance:11;electronic_monitoring:1;privacy_generic:7;record_nondisclosure:2,attorneys’ offices and the early intervention program within the department of public health may share with each other personal data regarding the parents and children who receive services provided under early education and care programs administered b,https://malegislature.gov/Laws/SessionLaws/Acts/2023/Chapter28
2023,Acts,29,29,"AN ACT ESTABLISHING A SICK LEAVE BANK FOR THOMAS HARTLEY, AN EMPLOYEE OF THE DEPARTMENT OF CORRECTION",H3966,api,1175,yes,,,,https://malegislature.gov/Laws/SessionLaws/Acts/2023/Chapter29
2023,Acts,30,30,AN ACT CHANGING THE NAME OF THE BOARD OF SELECTMEN OF THE TOWN OF LANESBOROUGH TO THE SELECT BOARD,H2029,api,1074,yes,,,,https://malegislature.gov/Laws/SessionLaws/Acts/2023/Chapter30
2023,Acts,31,31,"AN ACT ESTABLISHING A SICK LEAVE BANK FOR TANYA PIZZI, AN EMPLOYEE OF THE MASSACHUSETTS DEPARTMENT OF TRANSPORTATION",H3836,api,1203,yes,,,,https://malegislature.gov/Laws/SessionLaws/Acts/2023/Chapter31
2023,Acts,32,32,AN ACT AUTHORIZING THE TOWN OF SHREWSBURY TO GRANT ABATEMENT OF REAL ESTATE TAXES FOR THE DAUGHTER OF FALLEN FIREFIGHTER CHRISTOPHER ROY,H3906,api,762,yes,,,,https://malegislature.gov/Laws/SessionLaws/Acts/2023/Chapter32
2023,Acts,33,33,"AN ACT ESTABLISHING A SICK LEAVE BANK FOR KIMBERLY RIGGINS, AN EMPLOYEE OF THE DEPARTMENT OF CORRECTION",H4006,api,1182,yes,,,,https://malegislature.gov/Laws/SessionLaws/Acts/2023/Chapter33
2023,Acts,34,34,"AN ACT ESTABLISHING A SICK LEAVE BANK FOR JODY RICKETSON, AN EMPLOYEE OF THE DEPARTMENT OF CHILDREN AND FAMILIES",S2433,api,1198,yes,,,,https://malegislature.gov/Laws/SessionLaws/Acts/2023/Chapter34
2023,Acts,35,35,"AN ACT AUTHORIZING THE TOWN OF LANESBOROUGH TO CONTINUE THE EMPLOYMENT OF DANIEL BOLOGNIA, CHARLES GARRITY, PETER PANNESCO, PETER OAKLEY, DAVID ROLLE, DONALD WHALEN AND MICHAEL WOOLIVER AS FIREFIGHTERS",H2435,api,2010,yes,,,,https://malegislature.gov/Laws/SessionLaws/Acts/2023/Chapter35
2023,Acts,36,36,AN ACT AUTHORIZING THE TOWN OF HANCOCK TO CONTINUE THE EMPLOYMENT OF FIREFIGHTERS AND THE POLICE CHIEF.,H2437,api,1116,yes,,,,https://malegislature.gov/Laws/SessionLaws/Acts/2023/Chapter36
2023,Acts,37,37,AN ACT PROVIDING FOR CERTAIN RETIREMENT BENEFITS FOR THE SURVIVING BENEFICIARY OF ROBERT LAWLER,H2649,api,1414,yes,,,,https://malegislature.gov/Laws/SessionLaws/Acts/2023/Chapter37
2023,Acts,38,38,AN ACT VALIDATING THE ANNUAL TOWN MEETING FOR THE TOWN OF BLANDFORD,H661,api,693,yes,,,,https://malegislature.gov/Laws/SessionLaws/Acts/2023/Chapter38
2023,Acts,39,39,AN ACT FURTHER REGULATING CERTAIN ALCOHOLIC BEVERAGE LICENSES IN THE TOWN OF HUDSON,H320,api,395,yes,,,,https://malegislature.gov/Laws/SessionLaws/Acts/2023/Chapter39
2023,Acts,40,40,AN ACT PROVIDING FOR THE TERMS OF CERTAIN BONDS TO BE ISSUED BY THE COMMONWEALTH,H4057,api,881,yes,,,,https://malegislature.gov/Laws/SessionLaws/Acts/2023/Chapter40
2023,Acts,41,41,AN ACT AUTHORIZING THE TOWN OF SCITUATE TO APPOINT RETIRED POLICE OFFICERS AS SPECIAL POLICE OFFICERS,S2424,api,4705,yes,,,,https://malegislature.gov/Laws/SessionLaws/Acts/2023/Chapter41
2023,Acts,42,42,AN ACT ESTABLISHING THE POSITION OF TREASURER-COLLECTOR IN THE TOWN OF MONSON,H3716,api,2226,yes,,,,https://malegislature.gov/Laws/SessionLaws/Acts/2023/Chapter42
2023,Acts,43,43,AN ACT AUTHORIZING THE TOWN OF PROVINCETOWN TO CONTINUE THE EMPLOYMENT OF MICHAEL TROVATO,S1642,api,1240,yes,,,,https://malegislature.gov/Laws/SessionLaws/Acts/2023/Chapter43
2023,Acts,44,44,"AN ACT ESTABLISHING A SICK LEAVE BANK FOR MATHEW BLAZES, AN EMPLOYEE OF THE WORCESTER COUNTY SHERIFF'S OFFICE",S2386,api,1171,yes,,,,https://malegislature.gov/Laws/SessionLaws/Acts/2023/Chapter44
2023,Acts,45,45,AN ACT MERGING CERTAIN VOTING PRECINCTS IN THE TOWN OF GROTON,H3884,api,396,yes,,,,https://malegislature.gov/Laws/SessionLaws/Acts/2023/Chapter45
2023,Acts,46,46,AN ACT CHANGING THE TIMING OF PRELIMINARY ELECTIONS IN THE CITY KNOWN AS THE TOWN OF AGAWAM TO 8 WEEKS PRECEDING REGULAR ELECTIONS,H4023,api,1893,yes,,,,https://malegislature.gov/Laws/SessionLaws/Acts/2023/Chapter46
2023,Acts,47,47,AN ACT AUTHORIZING THE TOWN OF WENDELL AND THE TOWN OF NEW SALEM TO CONTINUE THE EMPLOYMENT OF JOSEPH J. CUNEO,H3813,api,2054,yes,,,,https://malegislature.gov/Laws/SessionLaws/Acts/2023/Chapter47
2023,Acts,48,48,AN ACT AMENDING THE HOME RULE CHARTER OF THE CITY OF BEVERLY,H4093,api,139358,yes,,,,https://malegislature.gov/Laws/SessionLaws/Acts/2023/Chapter48
2023,Acts,49,49,"AN ACT ESTABLISHING A SICK LEAVE BANK FOR MATTHEW MCRAE, AN EMPLOYEE OF THE DEPARTMENT OF STATE POLICE",H4085,api,1177,yes,,,,https://malegislature.gov/Laws/SessionLaws/Acts/2023/Chapter49
2023,Acts,50,50,"AN ACT TO IMPROVE THE COMMONWEALTH’S COMPETITIVENESS, AFFORDABILITY, AND EQUITY",H4104,api,45892,yes,,,,https://malegislature.gov/Laws/SessionLaws/Acts/2023/Chapter50
2023,Acts,51,51,"AN ACT ESTABLISHING A SICK LEAVE BANK FOR PAUL O'BRIEN, AN EMPLOYEE OF THE TRIAL COURT OF THE COMMONWEALTH",H4083,api,1188,yes,,,,https://malegislature.gov/Laws/SessionLaws/Acts/2023/Chapter51
2023,Acts,52,52,AN ACT PROVIDING FOR THE APPOINTMENT OF A COMMISSIONER OF PUBLIC HEALTH IN THE CITY OF BROCKTON,H3824,api,844,yes,,,,https://malegislature.gov/Laws/SessionLaws/Acts/2023/Chapter52
2023,Acts,53,53,AN ACT EXEMPTING JOANNE RICARDELLI FROM THE MAXIMUM AGE REQUIREMENT FOR FIREFIGHTERS IN THE TOWN OF WILMINGTON,H3964,api,951,yes,,,,https://malegislature.gov/Laws/SessionLaws/Acts/2023/Chapter53
2023,Acts,54,54,AN ACT RELATIVE TO THE RATE OF PAYMENT FOR CERTAIN MASSHEALTH GROUND AMBULANCE SERVICES,H4054,api,814,yes,,,,https://malegislature.gov/Laws/SessionLaws/Acts/2023/Chapter54
2023,Acts,55,55,AN ACT RELATIVE TO THE PAID FAMILY AND MEDICAL LEAVE PROGRAM,H4053,api,1039,yes,,,,https://malegislature.gov/Laws/SessionLaws/Acts/2023/Chapter55
2023,Acts,56,56,AN ACT RELATIVE TO REQUIRING THE HIGHWAY DIVISION OF THE MASSACHUSETTS DEPARTMENT OF TRANSPORTATION TO ESTABLISH A DEPARTMENT AND LICENSURE PROCESS TO OVERSEE QUARRIES PRODUCING CONCRETE AGGREGATE,H4050,api,6827,yes,,,,https://malegislature.gov/Laws/SessionLaws/Acts/2023/Chapter56
2023,Acts,57,57,AN ACT CLARIFYING THE APPLICATION OF JUDICIAL RETIREMENT LAW,H4082,api,901,yes,,,,https://malegislature.gov/Laws/SessionLaws/Acts/2023/Chapter57
2023,Acts,58,58,AN ACT RELATIVE TO PROPERTY TAX CLASSIFICATIONS IN THE CITY OF WATERTOWN,H2910,api,1839,yes,,,,https://malegislature.gov/Laws/SessionLaws/Acts/2023/Chapter58
2023,Acts,59,59,AN ACT AMENDING THE TOURISM REVENUE PRESERVATION FUND IN THE TOWN OF YARMOUTH,H3796,api,1012,yes,,,,https://malegislature.gov/Laws/SessionLaws/Acts/2023/Chapter59
2023,Acts,60,60,AN ACT INCREASING THE MEMBERSHIP OF THE SELECT BOARD OF THE TOWN OF LAKEVILLE,H2093,api,990,yes,,,,https://malegislature.gov/Laws/SessionLaws/Acts/2023/Chapter60
2023,Acts,61,61,AN ACT CREATING THE OFFICES OF SELECT BOARD AND TOWN MANAGER IN THE TOWN OF SANDISFIELD,H3907,api,9742,yes,,,,https://malegislature.gov/Laws/SessionLaws/Acts/2023/Chapter61
2023,Acts,62,62,"AN ACT ESTABLISHING A SICK LEAVE BANK FOR JASON BARONE-CICHOCKI, AN EMPLOYEE OF THE MASSACHUSETTS DEPARTMENT OF TRANSPORTATION",S2414,api,1234,yes,,,,https://malegislature.gov/Laws/SessionLaws/Acts/2023/Chapter62
2023,Acts,63,63,AN ACT RELATIVE TO THE CHARTER OF THE TOWN OF DEDHAM,H2081,api,7847,yes,,,,https://malegislature.gov/Laws/SessionLaws/Acts/2023/Chapter63
2023,Acts,64,64,AN ACT PROVIDING FOR UNLIMITED FREE PHONE CALLS TO INCARCERATED INDIVIDUALS,H4052,api,3811,yes,,,,https://malegislature.gov/Laws/SessionLaws/Acts/2023/Chapter64
2023,Acts,65,65,AN ACT CHANGING THE NAME OF THE BOARD OF SELECTMEN OF THE TOWN OF GOSNOLD TO SELECTBOARD,H3842,api,626,yes,,,,https://malegislature.gov/Laws/SessionLaws/Acts/2023/Chapter65
2023,Acts,66,66,AN ACT AUTHORIZING THE TOWN OF RAYNHAM TO GRANT 2 ADDITIONAL LICENSES FOR THE SALE OF ALL ALCOHOLIC BEVERAGES NOT TO BE DRUNK ON THE PREMISES,H283,api,2924,yes,,,,https://malegislature.gov/Laws/SessionLaws/Acts/2023/Chapter66
2023,Acts,67,67,"AN ACT ESTABLISHING A SICK LEAVE BANK FOR JAER J. MARTINEZ, AN EMPLOYEE OF THE DEPARTMENT OF TRANSITIONAL ASSISTANCE",H4110,api,1210,yes,,,,https://malegislature.gov/Laws/SessionLaws/Acts/2023/Chapter67
2023,Acts,68,68,"AN ACT ESTABLISHING A SICK LEAVE BANK FOR CORINNE SENNA, AN EMPLOYEE OF THE TRIAL COURT OF THE COMMONWEALTH",H4144,api,1193,yes,,,,https://malegislature.gov/Laws/SessionLaws/Acts/2023/Chapter68
2023,Acts,69,69,AN ACT AUTHORIZING THE CONVEYANCE OF A CERTAIN PARCEL OF LAND IN THE CITY OF FALL RIVER,S2503,api,3153,yes,,,,https://malegislature.gov/Laws/SessionLaws/Acts/2023/Chapter69
2023,Acts,70,70,AN ACT AUTHORIZING THE TOWN OF NORTHFIELD TO CONTINUE THE EMPLOYMENT OF FLOYD DUNNELL III,H4048,api,966,yes,,,,https://malegislature.gov/Laws/SessionLaws/Acts/2023/Chapter70
2023,Acts,71,71,AN ACT AUTHORIZING THE TOWN OF WAKEFIELD TO CONVEY AN EASEMENT TO THE WAKEFIELD MUNICIPAL GAS AND LIGHT DEPARTMENT,H4062,api,4055,yes,,,,https://malegislature.gov/Laws/SessionLaws/Acts/2023/Chapter71
2023,Acts,72,72,"AN ACT VALIDATING THE RESULTS OF THE ANNUAL TOWN ELECTION HELD IN THE TOWN OF DEERFIELD ON MAY 2, 2022",H4157,api,625,yes,,,,https://malegislature.gov/Laws/SessionLaws/Acts/2023/Chapter72
2023,Acts,73,73,AN ACT INCREASING THE MEMBERSHIP OF THE BOARD OF HEALTH IN THE TOWN OF READING,H2072,api,1083,yes,,,,https://malegislature.gov/Laws/SessionLaws/Acts/2023/Chapter73
2023,Acts,74,74,AN ACT CHANGING THE BOARD OF SELECTMEN OF THE TOWN OF AVON TO A SELECT BOARD,H3746,api,1186,yes,,,,https://malegislature.gov/Laws/SessionLaws/Acts/2023/Chapter74
2023,Acts,75,75,AN ACT AMENDING THE CHARTER OF THE TOWN OF NORTHBOROUGH,H3903,api,504,yes,,,,https://malegislature.gov/Laws/SessionLaws/Acts/2023/Chapter75
2023,Acts,76,76,AN ACT AUTHORIZING THE CITY OF NORTHAMPTON TO GRANT 7 ADDITIONAL LICENSES FOR THE SALE OF ALL ALCOHOLIC BEVERAGES TO BE DRUNK ON THE PREMISES,H3952,api,3999,yes,,,,https://malegislature.gov/Laws/SessionLaws/Acts/2023/Chapter76
2023,Acts,77,77,AN ACT MAKING APPROPRIATIONS FOR THE FISCAL YEAR 2023 FOR SUPPLEMENTING CERTAIN EXISTING APPROPRIATIONS AND FOR CERTAIN OTHER ACTIVITIES AND PROJECTS,H4204,api,144683,yes,,personal_information:1,"imited to the names and contact information for each CDC worker; provided, however, that the list shall not include any personally identifiable information of the consumers. All CDC workers, upon hire, or at any other reasonable time, shall be provided an opportunity to subm",https://malegislature.gov/Laws/SessionLaws/Acts/2023/Chapter77
2023,Acts,78,78,AN ACT EXEMPTING THE POSITION OF DEPUTY FIRE CHIEF IN THE TOWN OF WRENTHAM FROM THE CIVIL SERVICE LAW.,H3720,api,597,yes,,,,https://malegislature.gov/Laws/SessionLaws/Acts/2023/Chapter78
2023,Acts,79,79,AN ACT CHANGING THE TOWN OF PLYMOUTH'S 1820 COURTHOUSE FUND TO THE FACILITIES IMPROVEMENT FUND,H3909,api,896,yes,,,,https://malegislature.gov/Laws/SessionLaws/Acts/2023/Chapter79
2023,Acts,80,80,AN ACT AUTHORIZING THE CITY OF PITTSFIELD TO AWARD A 1-YEAR OR MULTIPLE-YEAR CONTRACT FOR AN AUDIT OF THE BOOKS AND ACCOUNTS OF THE CITY,H2045,api,1690,yes,,,,https://malegislature.gov/Laws/SessionLaws/Acts/2023/Chapter80
2023,Acts,81,81,AN ACT AUTHORIZING THE TOWN OF CONWAY TO CONTINUE THE EMPLOYMENT OF POLICE OFFICER RANDALL WILLIAMS,H2448,api,1622,yes,,,,https://malegislature.gov/Laws/SessionLaws/Acts/2023/Chapter81
2023,Acts,82,82,AN ACT CHANGING THE NAME OF THE BOARD OF SELECTMEN OF THE TOWN OF WESTPORT TO SELECT BOARD,H3751,api,1067,yes,,,,https://malegislature.gov/Laws/SessionLaws/Acts/2023/Chapter82
2023,Acts,83,83,"AN ACT RELATIVE TO CREDITABLE SERVICE FOR ABBY LEVIN, A MEMBER OF THE MASSACHUSETTS TEACHERS’ RETIREMENT SYSTEM",H4168,api,1356,yes,,,,https://malegislature.gov/Laws/SessionLaws/Acts/2023/Chapter83
2023,Acts,84,84,AN ACT AMENDING THE CHARTER OF THE TOWN OF WILLIAMSTOWN TO MAKE ALL GENDER REFERENCES NEUTRAL,H2030,api,12829,yes,,,,https://malegislature.gov/Laws/SessionLaws/Acts/2023/Chapter84
2023,Acts,85,85,AN ACT ESTABLISHING A TRUST TO ADMINISTER A LENGTH OF SERVICE AWARD PROGRAM FOR THE SWANSEA FIRE DEPARTMENT,H4047,api,2448,yes,,,,https://malegislature.gov/Laws/SessionLaws/Acts/2023/Chapter85
2023,Acts,86,86,"AN ACT ESTABLISHING A SICK LEAVE BANK FOR ANTHONY FANNOH, JR. AN EMPLOYEE OF THE DEPARTMENT OF MENTAL HEALTH",H4165,api,1205,yes,,,,https://malegislature.gov/Laws/SessionLaws/Acts/2023/Chapter86
2023,Acts,87,87,AN ACT AUTHORIZING CYNTHIA FALZONE TO PURCHASE CREDITABLE SERVICE FROM THE NORFOLK COUNTY RETIREMENT BOARD,H3979,api,960,yes,,,,https://malegislature.gov/Laws/SessionLaws/Acts/2023/Chapter87
2023,Acts,88,88,AN ACT EXEMPTING THE POSITION OF POLICE CHIEF IN THE TOWN OF LANCASTER FROM THE CIVIL SERVICE LAW,H2571,api,567,yes,,,,https://malegislature.gov/Laws/SessionLaws/Acts/2023/Chapter88
2023,Acts,89,89,AN ACT AUTHORIZING THE CITY OF LEOMINSTER TO ESTABLISH AN AGE LIMIT FOR ORIGINAL APPOINTMENT TO THE POSITION OF POLICE OFFICER,H2555,api,562,yes,,,,https://malegislature.gov/Laws/SessionLaws/Acts/2023/Chapter89
2024,Acts,1,1,AN ACT PROVIDING FOR THE APPOINTMENT OF ASSOCIATE MEMBERS OF THE PLANNING BOARD OF THE TOWN OF SHUTESBURY TO FILL VACANCIES ON THE BOARD.,H4038,api,892,yes,,,,https://malegislature.gov/Laws/SessionLaws/Acts/2024/Chapter1
2024,Acts,2,2,AN ACT AUTHORIZING THE CITY OF HAVERHILL TO APPOINT RETIRED POLICE OFFICERS AS DETAIL POLICE OFFICERS,H2677,api,5127,yes,,,,https://malegislature.gov/Laws/SessionLaws/Acts/2024/Chapter2
2024,Acts,3,3,AN ACT ESTABLISHING A SENIOR PROPERTY TAX DEFERRAL PROGRAM IN THE CITY OF TAUNTON,S2517,api,6506,yes,,,,https://malegislature.gov/Laws/SessionLaws/Acts/2024/Chapter3
2024,Acts,4,4,AN ACT AUTHORIZING MATTHEW K. SONNABEND TO PURCHASE CREDITABLE SERVICE FROM THE BARNSTABLE COUNTY RETIREMENT BOARD,H3643,api,709,yes,,,,https://malegislature.gov/Laws/SessionLaws/Acts/2024/Chapter4
2024,Acts,5,5,AN ACT AUTHORIZING THE TOWN OF NORTH READING TO USE A PORTION OF CONSERVATION LAND FOR PUBLIC WAY PURPOSES,H4169,api,1184,yes,,,,https://malegislature.gov/Laws/SessionLaws/Acts/2024/Chapter5
2024,Acts,6,6,AN ACT GRANTING AN ADDITIONAL LIQUOR LICENSE FOR THE SALE OF ALL ALCOHOLIC BEVERAGES TO BE DRUNK ON THE PREMISES IN THE TOWN OF CHATHAM,H4189,api,2081,yes,,,,https://malegislature.gov/Laws/SessionLaws/Acts/2024/Chapter6
2024,Acts,7,7,AN ACT AUTHORIZING THE TOWN OF HULL TO LEASE CERTAIN PROPERTY TO PROMOTE ECONOMIC DEVELOPMENT AND FOR THE MORE EFFECTIVE USE OF TOWN PROPERTY,H4099,api,1771,yes,,,,https://malegislature.gov/Laws/SessionLaws/Acts/2024/Chapter7
2024,Acts,8,8,"AN ACT ESTABLISHING A SICK LEAVE BANK FOR SEILA CHHAV, AN EMPLOYEE OF THE TRIAL COURT OF THE COMMONWEALTH",S2525,api,1242,yes,,,,https://malegislature.gov/Laws/SessionLaws/Acts/2024/Chapter8
2024,Acts,9,9,"AN ACT ESTABLISHING A SICK LEAVE BANK FOR RENE PEREZ, AN EMPLOYEE OF THE DEPARTMENT OF DEVELOPMENTAL SERVICES",S2452,api,1245,yes,,,,https://malegislature.gov/Laws/SessionLaws/Acts/2024/Chapter9
2024,Acts,10,10,AN ACT CHANGING THE POSITION OF TOWN CLERK IN THE TOWN OF WENHAM FROM AN ELECTED POSITION TO AN APPOINTED POSITION,S2524,api,1661,yes,,,,https://malegislature.gov/Laws/SessionLaws/Acts/2024/Chapter10
2024,Acts,11,11,AN ACT AUTHORIZING THE TOWN OF READING TO DISSOLVE ITS AFFORDABLE HOUSING TRUST FUND,H1341,api,972,yes,,,,https://malegislature.gov/Laws/SessionLaws/Acts/2024/Chapter11
2024,Acts,12,12,AN ACT RELATIVE TO THE MIDDLEBOROUGH GAS AND ELECTRIC BOARD OF COMMISSIONERS IN THE TOWN OF MIDDLEBOROUGH,H2092,api,1307,yes,,,,https://malegislature.gov/Laws/SessionLaws/Acts/2024/Chapter12
2024,Acts,13,13,"AN ACT AUTHORIZING THE CITY OF REVERE TO PAY A CERTAIN SUM OF MONEY TO THE ESTATE OF GEORGE J. ROTONDO, JR",H2055,api,485,yes,,,,https://malegislature.gov/Laws/SessionLaws/Acts/2024/Chapter13
2024,Acts,14,14,"AN ACT ESTABLISHING A SICK LEAVE BANK FOR CHERYL THOUIN, AN EMPLOYEE OF THE HAMPSHIRE COUNTY SHERIFF’S OFFICE",H4233,api,1176,yes,,,,https://malegislature.gov/Laws/SessionLaws/Acts/2024/Chapter14
2024,Acts,15,15,"AN ACT AUTHORIZING JOHN R. STOWE, JR. TO PURCHASE CREDITABLE SERVICE FROM THE BARNSTABLE COUNTY RETIREMENT BOARD",H3656,api,550,yes,,,,https://malegislature.gov/Laws/SessionLaws/Acts/2024/Chapter15
2024,Acts,16,16,AN ACT EXPANDING AND IMPROVING EQUITY IN THE SEWER SYSTEM IN THE TOWN OF PROVINCETOWN,H2096,api,876,yes,,,,https://malegislature.gov/Laws/SessionLaws/Acts/2024/Chapter16
2024,Acts,17,17,AN ACT AUTHORIZING THE TOWN OF WALES TO ESTABLISH A DEPARTMENT OF PUBLIC WORKS,S1297,api,2620,yes,,,,https://malegislature.gov/Laws/SessionLaws/Acts/2024/Chapter17
2024,Acts,18,18,AN ACT AMENDING THE CHARTER OF THE CITY OF WESTFIELD,S2547,api,6685,yes,,,,https://malegislature.gov/Laws/SessionLaws/Acts/2024/Chapter18
2024,Acts,19,19,"AN ACT ESTABLISHING A SICK LEAVE BANK FOR JONATHAN COREY, AN EMPLOYEE OF THE SUFFOLK COUNTY SHERIFF'S DEPARTMENT",H4250,api,1199,yes,,,,https://malegislature.gov/Laws/SessionLaws/Acts/2024/Chapter19
2024,Acts,20,20,AN ACT FURTHER REGULATING AT-LARGE TOWN MEETING MEMBERS IN THE TOWN OF MILFORD,H2089,api,525,yes,,,,https://malegislature.gov/Laws/SessionLaws/Acts/2024/Chapter20
2024,Acts,21,21,AN ACT AUTHORIZING THE CITY OF SOMERVILLE TO APPOINT AN ALTERNATE MEMBER TO THE LICENSING COMMISSION,H4205,api,1155,yes,,,,https://malegislature.gov/Laws/SessionLaws/Acts/2024/Chapter21
2024,Acts,22,22,AN ACT ESTABLISHING A SPECIAL PURPOSE REVOLVING FUND IN THE TOWN OF NORTH ANDOVER,S2454,api,1088,yes,,,,https://malegislature.gov/Laws/SessionLaws/Acts/2024/Chapter22
2024,Acts,23,23,AN ACT INCREASING THE MEMBERSHIP OF THE SELECT BOARD IN THE TOWN OF STERLING,H3727,api,1527,yes,,,,https://malegislature.gov/Laws/SessionLaws/Acts/2024/Chapter23
2024,Acts,24,24,AN ACT VALIDATING THE RESULTS OF THE ANNUAL TOWN ELECTION HELD IN THE TOWN OF LANCASTER,H3578,api,593,yes,,,,https://malegislature.gov/Laws/SessionLaws/Acts/2024/Chapter24
2024,Acts,25,25,AN ACT RELATIVE TO THE SELECT BOARD OF THE TOWN OF NORTHBOROUGH,H3902,api,1076,yes,,,,https://malegislature.gov/Laws/SessionLaws/Acts/2024/Chapter25
2024,Acts,26,26,AN ACT DESIGNATING A CERTAIN BRIDGE IN THE CITY OF LEOMINSTER AS THE CAPTAIN ROSS A. REYNOLDS MEMORIAL BRIDGE,H3334,api,788,yes,,,,https://malegislature.gov/Laws/SessionLaws/Acts/2024/Chapter26
2024,Acts,27,27,AN ACT AUTHORIZING BRANDON FREDETTE TO TAKE THE CIVIL SERVICE EXAMINATION FOR THE POSITION OF FIREFIGHTER IN THE CITY OF HAVERHILL NOTWITHSTANDING THE MAXIMUM AGE REQUIREMENT,H4147,api,724,yes,,,,https://malegislature.gov/Laws/SessionLaws/Acts/2024/Chapter27
2024,Acts,28,28,AN ACT REMOVING THE RESIDENCY REQUIREMENT FOR THE TREASURER OF THE COUNTY OF DUKES COUNTY,S1288,api,950,yes,,,,https://malegislature.gov/Laws/SessionLaws/Acts/2024/Chapter28
2024,Acts,29,29,AN ACT ESTABLISHING AN APPOINTED TOWN CLERK IN THE TOWN OF RUTLAND,H3985,api,1017,yes,,,,https://malegislature.gov/Laws/SessionLaws/Acts/2024/Chapter29
2024,Acts,30,30,AN ACT AUTHORIZING THE CITY OF GREENFIELD TO GRANT AN ADDITIONAL LICENSE FOR THE SALE OF ALL ALCOHOLIC BEVERAGES TO BE DRUNK ON THE PREMISES,H4191,api,2216,yes,,,,https://malegislature.gov/Laws/SessionLaws/Acts/2024/Chapter30
2024,Acts,31,31,AN ACT TO PROVIDE FOR THE CONTINUANCE OF THE TOWN OF HINGHAM'S SENIOR MEANS-TESTED PROPERTY TAX EXEMPTION,S2553,api,297,yes,,,,https://malegislature.gov/Laws/SessionLaws/Acts/2024/Chapter31
2024,Acts,32,32,AN ACT AUTHORIZING THE TOWN OF WEST STOCKBRIDGE TO CONTINUE THE EMPLOYMENT OF STEVEN TRAVER AS FIRE CHIEF,H4196,api,1139,yes,,,,https://malegislature.gov/Laws/SessionLaws/Acts/2024/Chapter32
2024,Acts,33,33,AN ACT RELATIVE TO THE AUBURN WATER DISTRICT CLERK AND TREASURER,H2048,api,569,yes,,,,https://malegislature.gov/Laws/SessionLaws/Acts/2024/Chapter33
2024,Acts,34,34,AN ACT DISSOLVING THE HAMPSHIRE COUNTY REGIONAL HOUSING AUTHORITY AND INCORPORATING ITS FUNCTIONS INTO THE NORTHAMPTON HOUSING AUTHORITY,H3810,api,2093,yes,,,,https://malegislature.gov/Laws/SessionLaws/Acts/2024/Chapter34
2024,Acts,35,35,AN ACT AUTHORIZING THE TOWN OF RICHMOND TO CONTINUE THE EMPLOYMENT OF STEVEN TRAVER AS FIRE CHIEF,H4197,api,1116,yes,,,,https://malegislature.gov/Laws/SessionLaws/Acts/2024/Chapter35
2024,Acts,36,36,AN ACT INCREASING THE MEMBERSHIP OF THE BOARD OF TRUSTEES OF THE FORBES LIBRARY IN THE CITY OF NORTHAMPTON,H4221,api,632,yes,,,,https://malegislature.gov/Laws/SessionLaws/Acts/2024/Chapter36
2024,Acts,37,37,AN ACT EXPANDING THE SELECT BOARD OF THE TOWN OF SHARON,H3905,api,1787,yes,,,,https://malegislature.gov/Laws/SessionLaws/Acts/2024/Chapter37
2024,Acts,38,38,"AN ACT ESTABLISHING A SICK LEAVE BANK FOR DANIELLE MARIE CRUZ, AN EMPLOYEE OF THE TRIAL COURT OF THE COMMONWEALTH",S2537,api,1211,yes,,,,https://malegislature.gov/Laws/SessionLaws/Acts/2024/Chapter38
2024,Acts,39,39,AN ACT FURTHER REGULATING THE SYSTEMS OF SEWERS IN THE TOWN OF DEERFIELD,H4220,api,2168,yes,,,,https://malegislature.gov/Laws/SessionLaws/Acts/2024/Chapter39
2024,Acts,40,40,AN ACT DESIGNATING A CERTAIN BRIDGE IN THE TOWN OF STONEHAM AS THE STATE TROOPER TAMAR A. BUCCI MEMORIAL BRIDGE,H4123,api,807,yes,,,,https://malegislature.gov/Laws/SessionLaws/Acts/2024/Chapter40
2024,Acts,41,41,AN ACT DESIGNATING A CERTAIN BRIDGE IN THE TOWNS OF BELCHERTOWN AND WARE AS THE KENNETH J. IWASINSKI MEMORIAL BRIDGE,H4008,api,802,yes,,,,https://malegislature.gov/Laws/SessionLaws/Acts/2024/Chapter41
2024,Acts,42,42,AN ACT EXEMPTING CERTAIN POSITIONS IN THE CITY OF NORTHAMPTON FROM THE CIVIL SERVICE LAW.,H3719,api,1073,yes,,,,https://malegislature.gov/Laws/SessionLaws/Acts/2024/Chapter42
2024,Acts,43,43,AN ACT CHANGING THE NAME OF THE BOARD OF SELECTMEN OF THE TOWN OF ROCKPORT TO THE SELECT BOARD,S2459,api,610,yes,,,,https://malegislature.gov/Laws/SessionLaws/Acts/2024/Chapter43
2024,Acts,44,44,AN ACT ESTABLISHING THE POSITION OF TOWN MANAGER IN THE TOWN OF BELCHERTOWN,H3960,api,13067,yes,,,,https://malegislature.gov/Laws/SessionLaws/Acts/2024/Chapter44
2024,Acts,45,45,AN ACT VALIDATING THE ACTIONS TAKEN AT THE PRINCETON ANNUAL TOWN MEETING,H4067,api,588,yes,,,,https://malegislature.gov/Laws/SessionLaws/Acts/2024/Chapter45
2024,Acts,46,46,AN ACT SEPARATING THE POSITIONS OF TOWN CLERK AND TREASURER-COLLECTOR IN THE TOWN OF SOUTHWICK,H4079,api,2484,yes,,,,https://malegislature.gov/Laws/SessionLaws/Acts/2024/Chapter46
2024,Acts,47,47,AN ACT AUTHORIZING THE APPOINTMENT OF SPECIAL POLICE OFFICERS IN THE TOWN OF CHARLTON,S2416,api,2464,yes,,,,https://malegislature.gov/Laws/SessionLaws/Acts/2024/Chapter47
2024,Acts,48,48,AN ACT AUTHORIZING THE TOWN OF HAMILTON TO AMEND THE INCOME THRESHOLD FOR SENIOR REAL PROPERTY TAX DEFERMENTS,S2508,api,878,yes,,,,https://malegislature.gov/Laws/SessionLaws/Acts/2024/Chapter48
2024,Acts,49,49,AN ACT DESIGNATING A CERTAIN BRIDGE IN THE TOWN OF DEDHAM AS THE HONORABLE DEBORAH R. COCHRAN MEMORIAL BRIDGE,H3382,api,841,yes,,,,https://malegislature.gov/Laws/SessionLaws/Acts/2024/Chapter49
2024,Acts,50,50,AN ACT AUTHORIZING THE BOARD OF SELECTMEN OF THE TOWN OF ROCKLAND TO SERVE AS CEMETERY COMMISSIONERS FOR THE TOWN,H4010,api,987,yes,,,,https://malegislature.gov/Laws/SessionLaws/Acts/2024/Chapter50
2024,Acts,51,51,AN ACT DESIGNATING A CERTAIN BRIDGE IN THE TOWN OF LEXINGTON AS THE HENRY N. “HANK” MANZ BRIDGE,H4160,api,1356,yes,,,,https://malegislature.gov/Laws/SessionLaws/Acts/2024/Chapter51
2024,Acts,52,52,AN ACT AUTHORIZING THE TOWN OF DEDHAM TO ESTABLISH A MAXIMUM AGE REQUIREMENT FOR ORIGINAL APPOINTMENT TO THE POSITION OF POLICE OFFICER,H3910,api,848,yes,,,,https://malegislature.gov/Laws/SessionLaws/Acts/2024/Chapter52
2024,Acts,53,53,AN ACT INCREASING THE TERM OF OFFICE FOR SELECT BOARD MEMBERS IN THE TOWN OF MARBLEHEAD FROM 1 YEAR TO 3 YEARS,S2652,api,1020,yes,,,,https://malegislature.gov/Laws/SessionLaws/Acts/2024/Chapter53
2024,Acts,54,54,AN ACT DIRECTING THE POLICE DEPARTMENT OF THE CITY OF BOSTON TO WAIVE THE MAXIMUM AGE REQUIREMENT FOR POLICE OFFICERS FOR ARIEL RODRIGUEZ,H3844,api,664,yes,,,,https://malegislature.gov/Laws/SessionLaws/Acts/2024/Chapter54
2024,Acts,55,55,AN ACT AUTHORIZING THE TOWN OF HOPKINTON TO OFFER AN INCOME-ELIGIBLE DISCOUNT PROGRAM FOR SEWER AND WATER RATES,H2017,api,431,yes,,,,https://malegislature.gov/Laws/SessionLaws/Acts/2024/Chapter55
2024,Acts,56,56,AN ACT AUTHORIZING DEREK CLARK TO TAKE THE CIVIL SERVICE EXAMINATION FOR THE POSITION OF FIREFIGHTER IN THE CITY OF HAVERHILL NOTWITHSTANDING THE MAXIMUM AGE REQUIREMENT,H4149,api,715,yes,,,,https://malegislature.gov/Laws/SessionLaws/Acts/2024/Chapter56
2024,Acts,57,57,AN ACT AUTHORIZING BRIAN DACEY TO TAKE THE CIVIL SERVICE EXAMINATION FOR THE POSITION OF POLICE OFFICER IN THE CITY OF HAVERHILL NOTWITHSTANDING THE MAXIMUM AGE REQUIREMENT,H4148,api,735,yes,,,,https://malegislature.gov/Laws/SessionLaws/Acts/2024/Chapter57
2024,Acts,58,58,AN ACT AUTHORIZING THE TOWN OF LINCOLN TO ESTABLISH A MEANS TESTED SENIOR CITIZEN PROPERTY TAX EXEMPTION PROGRAM,H4262,api,5186,yes,,,,https://malegislature.gov/Laws/SessionLaws/Acts/2024/Chapter58
2024,Acts,59,59,AN ACT AUTHORIZING THE TOWN OF TEWKSBURY TO LEASE THE LOUISE DAVY TRAHAN ELEMENTARY SCHOOL FOR NOT MORE THAN 99 YEARS,S2582,api,543,yes,,,,https://malegislature.gov/Laws/SessionLaws/Acts/2024/Chapter59
2024,Acts,60,60,AN ACT AMENDING THE CHARTER OF THE CITY OF EASTHAMPTON,H3959,api,4841,yes,,,,https://malegislature.gov/Laws/SessionLaws/Acts/2024/Chapter60
2024,Acts,61,61,AN ACT INCREASING THE EXEMPTION FOR RESIDENTIAL PROPERTY IN THE TOWN OF WELLFLEET,H2914,api,2954,yes,,,,https://malegislature.gov/Laws/SessionLaws/Acts/2024/Chapter61
2024,Acts,62,62,AN ACT INCREASING THE MEMBERSHIP OF THE SELECT BOARD OF THE TOWN OF MERRIMAC FROM 3 TO 5 MEMBERS,H4097,api,977,yes,,,,https://malegislature.gov/Laws/SessionLaws/Acts/2024/Chapter62
2024,Acts,63,63,AN ACT AUTHORIZING THE CONTINUED EMPLOYMENT OF JERRY SHAMPANG AS AN ENVIRONMENTAL POLICE OFFICER IN THE EXECUTIVE OFFICE OF ENERGY AND ENVIRONMENTAL AFFAIRS,S2691,api,1970,yes,,,,https://malegislature.gov/Laws/SessionLaws/Acts/2024/Chapter63
2024,Acts,64,64,AN ACT AUTHORIZING THE TOWN OF RUTLAND TO INCREASE THE MEMBERSHIP OF THE TOWN'S BOARD OF SELECTMEN,S2371,api,1568,yes,,,,https://malegislature.gov/Laws/SessionLaws/Acts/2024/Chapter64
2024,Acts,65,65,AN ACT ESTABLISHING THE APPOINTED OFFICE OF TOWN CLERK IN THE TOWN OF BOLTON,H4056,api,1129,yes,,,,https://malegislature.gov/Laws/SessionLaws/Acts/2024/Chapter65
2024,Acts,66,66,"AN ACT ESTABLISHING A SICK LEAVE BANK FOR LISA BALENTINE, AN EMPLOYEE OF THE DEPARTMENT OF TRANSITIONAL ASSISTANCE",H3779,api,1200,yes,,,,https://malegislature.gov/Laws/SessionLaws/Acts/2024/Chapter66
2024,Acts,67,67,AN ACT AUTHORIZING THE TOWN OF HOLLISTON TO CONTINUE THE EMPLOYMENT OF MARK DELLICKER AS DEPUTY FIRE CHIEF,H3998,api,987,yes,,,,https://malegislature.gov/Laws/SessionLaws/Acts/2024/Chapter67
2024,Acts,68,68,AN ACT DESIGNATING A CERTAIN BRIDGE IN THE CITY OF LEOMINSTER AS THE HONORABLE JOHN WALTER OLVER MEMORIAL BRIDGE.,S2609,api,1112,yes,,,,https://malegislature.gov/Laws/SessionLaws/Acts/2024/Chapter68
2024,Acts,69,69,AN ACT EXEMPTING THE POSITIONS OF POLICE CHIEF AND FIRE CHIEF IN THE CITY KNOWN AS THE TOWN OF GREENFIELD FROM THE CIVIL SERVICE LAW,H4072,api,623,yes,,,,https://malegislature.gov/Laws/SessionLaws/Acts/2024/Chapter69
2024,Acts,70,70,AN ACT CHANGING THE NAME OF THE BOARD OF SELECTMEN IN THE TOWN OF CHARLTON TO SELECT BOARD.,S2487,api,614,yes,,,,https://malegislature.gov/Laws/SessionLaws/Acts/2024/Chapter70
2024,Acts,71,71,"AN ACT ESTABLISHING A SICK LEAVE BANK FOR TIFFANY BRENNAN, AN EMPLOYEE OF THE TRIAL COURT OF THE COMMONWEALTH",S2705,api,1195,yes,,,,https://malegislature.gov/Laws/SessionLaws/Acts/2024/Chapter71
2024,Acts,72,72,AN ACT ESTABLISHING AT-LARGE AND WARD SCHOOL COMMITTEE MEMBERS IN THE CITY OF REVERE,H2058,api,3356,yes,,,,https://malegislature.gov/Laws/SessionLaws/Acts/2024/Chapter72
2024,Acts,73,73,AN ACT EXTENDING THE TIME FOR ISSUING CERTAIN LICENSES FOR THE SALE OF ALCOHOLIC BEVERAGES TO BE DRUNK ON THE PREMISES IN THE TOWN OF HANOVER,H4009,api,469,yes,,,,https://malegislature.gov/Laws/SessionLaws/Acts/2024/Chapter73
2024,Acts,74,74,AN ACT DESIGNATING A CERTAIN BRIDGE IN THE TOWN OF FALMOUTH AS THE KEVIN P. QUINN MEMORIAL BRIDGE,H4044,api,789,yes,,,,https://malegislature.gov/Laws/SessionLaws/Acts/2024/Chapter74
2024,Acts,75,75,AN ACT AUTHORIZING THE TOWN OF BREWSTER TO TRANSFER A CERTAIN PARCEL OF RECREATION LAND KNOWN AS WING'S ISLAND FROM THE SELECT BOARD TO THE CONSERVATION COMMISSION FOR CONSERVATION AND OPEN SPACE PURPOSES,H3875,api,947,yes,,,,https://malegislature.gov/Laws/SessionLaws/Acts/2024/Chapter75
2024,Acts,76,76,AN ACT AUTHORIZING THE TOWN OF CHESTERFIELD TO CONTINUE THE EMPLOYMENT OF RESERVE SPECIAL POLICE OFFICER GREG SMITH,H4195,api,1029,yes,,,,https://malegislature.gov/Laws/SessionLaws/Acts/2024/Chapter76
2024,Acts,77,77,AN ACT ESTABLISHING THE APPOINTED POSITIONS OF TOWN TREASURER AND TAX COLLECTOR IN THE TOWN OF WESTWOOD,H3879,api,2094,yes,,,,https://malegislature.gov/Laws/SessionLaws/Acts/2024/Chapter77
2024,Acts,78,78,AN ACT AMENDING THE ACT ESTABLISHING A CHARTER FOR THE TOWN OF WRENTHAM,H4061,api,6107,yes,,,,https://malegislature.gov/Laws/SessionLaws/Acts/2024/Chapter78
2024,Acts,79,79,AN ACT AMENDING THE CHARTER OF THE TOWN OF NEEDHAM,H3997,api,1656,yes,,,,https://malegislature.gov/Laws/SessionLaws/Acts/2024/Chapter79
2024,Acts,80,80,AN ACT PROVIDING FOR RECALL ELECTIONS IN THE TOWN OF CONWAY,H3575,api,6001,yes,,,,https://malegislature.gov/Laws/SessionLaws/Acts/2024/Chapter80
2024,Acts,81,81,AN ACT PROVIDING FOR THE DESIGNATION OF POLLING LOCATIONS IN THE CITY OF GLOUCESTER,S2544,api,620,yes,,,,https://malegislature.gov/Laws/SessionLaws/Acts/2024/Chapter81
2024,Acts,82,82,"AN ACT VALIDATING THE RESULTS OF THE ANNUAL ELECTION HELD IN THE TOWN OF WHITMAN ON MAY 20, 2023",S2698,api,626,yes,,,,https://malegislature.gov/Laws/SessionLaws/Acts/2024/Chapter82
2024,Acts,83,83,AN ACT FURTHER AMENDING THE CHARTER OF THE TOWN OF MIDDLETON,H3970,api,16891,yes,,,,https://malegislature.gov/Laws/SessionLaws/Acts/2024/Chapter83
2024,Acts,84,84,AN ACT CHANGING THE NAME OF THE BOARD OF SELECTMEN OF THE TOWN OF UXBRIDGE TO THE SELECT BOARD,H3986,api,942,yes,,,,https://malegislature.gov/Laws/SessionLaws/Acts/2024/Chapter84
2024,Acts,85,85,AN ACT ESTABLISHING A DEPARTMENT OF PUBLIC WORKS IN THE TOWN OF TYNGSBOROUGH,H2052,api,6839,yes,,,,https://malegislature.gov/Laws/SessionLaws/Acts/2024/Chapter85
2024,Acts,86,86,AN ACT AUTHORIZING THE TOWN OF LYNNFIELD TO CONTINUE THE EMPLOYMENT OF GLENN DAVIS AS FIRE CHIEF,H4146,api,1281,yes,,,,https://malegislature.gov/Laws/SessionLaws/Acts/2024/Chapter86
2024,Acts,87,87,AN ACT FURTHER REGULATING THE HOUSING PARTNERSHIP COMMITTEE IN THE TOWN OF WESTBOROUGH,H4202,api,767,yes,,,,https://malegislature.gov/Laws/SessionLaws/Acts/2024/Chapter87
2024,Acts,88,88,AN ACT MAKING APPROPRIATIONS FOR THE FISCAL YEAR 2024 TO PROVIDE FOR SUPPLEMENTING CERTAIN EXISTING APPROPRIATIONS AND FOR CERTAIN OTHER ACTIVITIES AND PROJECTS,H4582,api,59176,yes,,,,https://malegislature.gov/Laws/SessionLaws/Acts/2024/Chapter88
2024,Acts,89,89,AN ACT FINANCING IMPROVEMENTS TO MUNICIPAL ROADS AND BRIDGES,H4529,api,6025,yes,,,,https://malegislature.gov/Laws/SessionLaws/Acts/2024/Chapter89
2024,Acts,90,90,AN ACT AMENDING THE DATE OF ANNUAL TOWN ELECTIONS IN THE TOWN OF WALPOLE.,S2501,api,975,yes,,,,https://malegislature.gov/Laws/SessionLaws/Acts/2024/Chapter90
2024,Acts,91,91,AN ACT AUTHORIZING THE TOWN OF ROCHESTER TO CONTINUE THE EMPLOYMENT OF SCOTT WEIGEL,S2690,api,1099,yes,,,,https://malegislature.gov/Laws/SessionLaws/Acts/2024/Chapter91
2024,Acts,92,92,AN ACT AUTHORIZING THE TOWN OF PROVINCETOWN TO INSTALL SUBSURFACE DISPOSAL BEDS FOR WASTEWATER TREATMENT AND DISPOSAL UNDER LAND ACQUIRED FOR PLAYGROUND PURPOSES,H2095,api,1013,yes,,,,https://malegislature.gov/Laws/SessionLaws/Acts/2024/Chapter92
2024,Acts,93,93,AN ACT AUTHORIZING THE TOWN OF MASHPEE TO CONVEY CERTAIN TOWN OWNED CONSERVATION LAND TO JACQUES AND ROSALIE FRESCO,H4186,api,2068,yes,,,,https://malegislature.gov/Laws/SessionLaws/Acts/2024/Chapter93
2024,Acts,94,94,AN ACT AUTHORIZING THE CITY OF LYNN TO USE CERTAIN PARK LAND FOR SCHOOL PURPOSES,H4448,api,4399,yes,,,,https://malegislature.gov/Laws/SessionLaws/Acts/2024/Chapter94
2024,Acts,95,95,AN ACT AMENDING THE MEMBERSHIP OF THE HOUSING COMMISSION IN THE TOWN OF LINCOLN,H3827,api,1758,yes,,,,https://malegislature.gov/Laws/SessionLaws/Acts/2024/Chapter95
2024,Acts,96,96,AN ACT PROVIDING FOR THE APPOINTMENT OF A TREASURER-COLLECTOR IN THE TOWN OF KINGSTON,H4011,api,2080,yes,,,,https://malegislature.gov/Laws/SessionLaws/Acts/2024/Chapter96
2024,Acts,97,97,AN ACT AUTHORIZING THE TOWN OF WILLIAMSTOWN TO GRANT AN ADDITIONAL LICENSE FOR THE SALE OF ALL ALCOHOLIC BEVERAGES NOT TO BE DRUNK ON THE PREMISES,H4192,api,2110,yes,,,,https://malegislature.gov/Laws/SessionLaws/Acts/2024/Chapter97
2024,Acts,98,98,AN ACT CORRECTING THE MEMBERSHIP DATE OF NORTH READING POLICE OFFICER THOMAS ROMEO IN THE MIDDLESEX COUNTY RETIREMENT SYSTEM,H4437,api,1104,yes,,,,https://malegislature.gov/Laws/SessionLaws/Acts/2024/Chapter98
2024,Acts,99,99,AN ACT AMENDING THE CHARTER OF THE TOWN OF ROCKLAND,H4036,api,4789,yes,,,,https://malegislature.gov/Laws/SessionLaws/Acts/2024/Chapter99
2024,Acts,100,100,AN ACT AUTHORIZING THE TOWN OF HOLLISTON TO ESTABLISH A MEANS-TESTED SENIOR CITIZEN PROPERTY TAX EXEMPTION,H3826,api,3926,yes,,,,https://malegislature.gov/Laws/SessionLaws/Acts/2024/Chapter100
2024,Acts,101,101,AN ACT AUTHORIZING THE TOWN OF NORWELL TO ESTABLISH A MEANS TESTED SENIOR CITIZEN PROPERTY TAX EXEMPTION,S1921,api,4204,yes,,,,https://malegislature.gov/Laws/SessionLaws/Acts/2024/Chapter101
2024,Acts,102,102,AN ACT AUTHORIZING THE TOWN OF EASTON TO ESTABLISH A MEANS TESTED SENIOR CITIZEN PROPERTY TAX EXEMPTION,S2515,api,3358,yes,,,,https://malegislature.gov/Laws/SessionLaws/Acts/2024/Chapter102
2024,Acts,103,103,AN ACT EXEMPTING THE POSITION OF POLICE CHIEF OF THE TOWN OF WRENTHAM FROM THE CIVIL SERVICE LAW,H2678,api,559,yes,,,,https://malegislature.gov/Laws/SessionLaws/Acts/2024/Chapter103
2024,Acts,104,104,AN ACT EXEMPTING THE POSITION OF DEPUTY POLICE CHIEF IN THE TOWN OF WRENTHAM FROM THE CIVIL SERVICE LAW,H2679,api,573,yes,,,,https://malegislature.gov/Laws/SessionLaws/Acts/2024/Chapter104
2024,Acts,105,105,AN ACT ESTABLISHING THE POSITION OF TREASURER-COLLECTOR OF THE TOWN OF SHERBORN,H4224,api,2070,yes,,,,https://malegislature.gov/Laws/SessionLaws/Acts/2024/Chapter105
2024,Acts,106,106,AN AUTHORIZING THE CITY OF SOMERVILLE TO CONTINUE THE EMPLOYMENT OF CHARLES J. FEMINO AS ACTING CHIEF OF POLICE,H4649,api,1346,yes,,,,https://malegislature.gov/Laws/SessionLaws/Acts/2024/Chapter106
2024,Acts,107,107,AN ACT ELIMINATING THE RESIDENCY REQUIREMENT FOR THE TOWN MANAGER OF THE TOWN OF ANDOVER,S2580,api,455,yes,,,,https://malegislature.gov/Laws/SessionLaws/Acts/2024/Chapter107
2024,Acts,108,108,"AN ACT AUTHORIZING THE TOWN OF MASHPEE TO LEASE CERTAIN TOWN LAND TO THE BOYS AND GIRLS CLUB OF CAPE COD, INC",H4185,api,1542,yes,,,,https://malegislature.gov/Laws/SessionLaws/Acts/2024/Chapter108
2024,Acts,109,109,AN ACT RAISING AWARENESS OF MITOCHONDRIAL DISEASE IN THE COMMONWEALTH,H4240,api,1107,yes,,,,https://malegislature.gov/Laws/SessionLaws/Acts/2024/Chapter109
2024,Acts,110,110,AN ACT AUTHORIZING THE TOWN OF SUTTON TO GRANT REAL PROPERTY TAX ABATEMENTS FOR CERTAIN ACTIVE DUTY MILITARY PERSONNEL,S2493,api,835,yes,,,,https://malegislature.gov/Laws/SessionLaws/Acts/2024/Chapter110
2024,Acts,111,111,AN ACT AUTHORIZING THE TOWN OF WESTON TO GRANT AN ADDITIONAL LICENSE FOR THE SALE OF WINES AND MALT BEVERAGES NOT TO BE DRUNK ON THE PREMISES,H4190,api,1902,yes,,,,https://malegislature.gov/Laws/SessionLaws/Acts/2024/Chapter111
2024,Acts,112,112,AN ACT EXEMPTING THE POSITION OF DEPUTY FIRE CHIEF IN THE TOWN OF CHELMSFORD FROM THE CIVIL SERVICE LAW,H4179,api,597,yes,,,,https://malegislature.gov/Laws/SessionLaws/Acts/2024/Chapter112
2024,Acts,113,113,AN ACT AUTHORIZING THE TOWN MODERATOR OF THE TOWN OF MONSON TO ACT AS AN ELECTION OFFICER IN CERTAIN ELECTIONS,S2500,api,602,yes,,,,https://malegislature.gov/Laws/SessionLaws/Acts/2024/Chapter113
2024,Acts,114,114,AN ACT AUTHORIZING THE TOWN OF SUNDERLAND TO CONTINUE THE EMPLOYMENT OF SCOTT SMITH,H4003,api,1048,yes,,,,https://malegislature.gov/Laws/SessionLaws/Acts/2024/Chapter114
2024,Acts,115,115,AN ACT AUTHORIZING THE TOWN OF SHARON TO CHANGE THE USE OF A CERTAIN PARCEL OF LAND ACQUIRED FOR OUTDOOR RECREATIONAL PURPOSES TO GENERAL MUNICIPAL PURPOSES,H4170,api,2075,yes,,,,https://malegislature.gov/Laws/SessionLaws/Acts/2024/Chapter115
2024,Acts,116,116,AN ACT AUTHORIZING THE CITY OF NEWTON TO APPOINT RETIRED FIRE FIGHTERS FOR CERTAIN PURPOSES,H4561,api,5266,yes,,,,https://malegislature.gov/Laws/SessionLaws/Acts/2024/Chapter116
2024,Acts,117,117,AN ACT EXEMPTING WILLIAM MCGRATH FROM THE AGE RESTRICTIONS FOR POLICE OFFICERS IN THE TOWN OF WRENTHAM,H4041,api,1287,yes,,,,https://malegislature.gov/Laws/SessionLaws/Acts/2024/Chapter117
2024,Acts,118,118,AN ACT TO PREVENT ABUSE AND EXPLOITATION,H4744,api,19553,yes,,personal_information:2;privacy_generic:1;record_nondisclosure:2,"i) intentionally damaging property belonging to the family or household member; (viii) threatening to publish sensitive personal information relating to the family or household member, including sexually explicit images; or (ix) using repeated court actions fo",https://malegislature.gov/Laws/SessionLaws/Acts/2024/Chapter118
2024,Acts,119,119,AN ACT AUTHORIZING THE TOWN OF BERNARDSTON TO CONTINUE THE EMPLOYMENT OF FIRE CHIEF PETER SHEDD,H4064,api,1156,yes,,,,https://malegislature.gov/Laws/SessionLaws/Acts/2024/Chapter119
2024,Acts,120,120,AN ACT PROVIDING FOR THE TERMS OF CERTAIN BONDS TO BE ISSUED BY THE COMMONWEALTH,H4774,api,869,yes,,,,https://malegislature.gov/Laws/SessionLaws/Acts/2024/Chapter120
2024,Acts,121,121,AN ACT ESTABLISHING AN ATTAINABLE HOUSING SPECIAL REVENUE FUND AND A CHATHAM ELEMENTARY SCHOOL SPECIAL REVENUE FUND FOR THE TOWN OF CHATHAM,H3971,api,2927,yes,,,,https://malegislature.gov/Laws/SessionLaws/Acts/2024/Chapter121
2024,Acts,122,122,AN ACT MAKING CERTAIN APPROPRIATIONS FOR FISCAL YEAR 2025 BEFORE FINAL ACTION ON THE GENERAL APPROPRIATION BILL,H4786,api,1833,yes,,,,https://malegislature.gov/Laws/SessionLaws/Acts/2024/Chapter122
2024,Acts,123,123,AN ACT CHANGING THE TERM OF THE ELECTED OFFICE OF MODERATOR IN THE TOWN OF STONEHAM,H4075,api,455,yes,,,,https://malegislature.gov/Laws/SessionLaws/Acts/2024/Chapter123
2024,Acts,124,124,AN ACT AUTHORIZING THE TOWN OF SOMERSET TO ACQUIRE INTERESTS IN LAND FOR SEWER PURPOSES,H4273,api,759,yes,,,,https://malegislature.gov/Laws/SessionLaws/Acts/2024/Chapter124
2024,Acts,125,125,AN ACT DIRECTING THE FIRE DEPARTMENT OF THE TOWN OF BURLINGTON TO WAIVE THE MAXIMUM AGE REQUIREMENT FOR FIREFIGHTERS FOR RYAN DECOSTE,H4405,api,676,yes,,,,https://malegislature.gov/Laws/SessionLaws/Acts/2024/Chapter125
2024,Acts,126,126,AN ACT EXPANDING THE HISTORIC BEACON HILL DISTRICT,H4076,api,2702,yes,,,,https://malegislature.gov/Laws/SessionLaws/Acts/2024/Chapter126
2024,Acts,127,127,AN ACT FURTHER REGULATING THE GREATER LAWRENCE REGIONAL VOCATIONAL TECHNICAL HIGH SCHOOL,H4384,api,1630,yes,,,,https://malegislature.gov/Laws/SessionLaws/Acts/2024/Chapter127
2024,Acts,128,128,AN ACT EXEMPTING ERIC ROBERT ESTEVES FROM THE MAXIMUM AGE REQUIREMENTS FOR POLICE OFFICERS IN THE TOWN OF WARE,H3961,api,907,yes,,,,https://malegislature.gov/Laws/SessionLaws/Acts/2024/Chapter128
2024,Acts,129,129,AN ACT DESIGNATING A CERTAIN BRIDGE IN THE TOWN OF DEDHAM AS THE HONORABLE KELLY A. TIMILTY MEMORIAL BRIDGE,H3383,api,1128,yes,,,,https://malegislature.gov/Laws/SessionLaws/Acts/2024/Chapter129
2024,Acts,130,130,AN ACT WAIVING THE MAXIMUM AGE REQUIREMENT FOR APPOINTMENT AS A POLICE OFFICER FOR LUIGI D'ADDIECO,H4071,api,657,yes,,,,https://malegislature.gov/Laws/SessionLaws/Acts/2024/Chapter130
2024,Acts,131,131,AN ACT AUTHORIZING THE CITY OF CAMBRIDGE TO INCREASE CERTAIN PARKING FINES,H4264,api,778,yes,,,,https://malegislature.gov/Laws/SessionLaws/Acts/2024/Chapter131
2024,Acts,132,132,AN ACT ESTABLISHING A RESIDENT TAXPAYER ASSISTANCE FUND IN THE TOWN OF EASTHAM,H2097,api,1854,yes,,,,https://malegislature.gov/Laws/SessionLaws/Acts/2024/Chapter132
2024,Acts,133,133,"AN ACT PROVIDING FOR THE RETIREMENT OF WILLIAM R. CUSHING JR., A POLICE OFFICER IN THE CITY KNOWN AS THE TOWN OF BRAINTREE",H4214,api,2712,yes,,,,https://malegislature.gov/Laws/SessionLaws/Acts/2024/Chapter133
2024,Acts,134,134,AN ACT AUTHORIZING THE APPOINTMENT OF RETIRED POLICE OFFICERS AS SPECIAL POLICE OFFICERS IN THE TOWN OF FREETOWN,H3931,api,4881,yes,,,,https://malegislature.gov/Laws/SessionLaws/Acts/2024/Chapter134
2024,Acts,135,135,AN ACT MODERNIZING FIREARM LAWS,H4885,api,209418,yes,,personal_information:1;record_nondisclosure:1,formation services pursuant to this section. (c) The department of criminal justice information services shall make non-personally identifying data accessible to the general public through the publication of an online dashboard updated at least quarterly. This dashbo,https://malegislature.gov/Laws/SessionLaws/Acts/2024/Chapter135
2024,Acts,136,136,AN ACT CHANGING THE NAME OF THE BOARD OF SELECTMEN IN THE TOWN OF EAST BRIDGEWATER TO SELECT BOARD,S2422,api,543,yes,,,,https://malegislature.gov/Laws/SessionLaws/Acts/2024/Chapter136
2024,Acts,137,137,AN ACT AUTHORIZING THE CITY OF GARDNER TO CHANGE THE USE OF A CERTAIN PARCEL OF LAND.,H4589,api,785,yes,,,,https://malegislature.gov/Laws/SessionLaws/Acts/2024/Chapter137
2024,Acts,138,138,AN ACT RELATIVE TO VACANCIES ON THE CITY OF LOWELL CITY COUNCIL AND SCHOOL COMMITTEE,S2878,api,4290,yes,,,,https://malegislature.gov/Laws/SessionLaws/Acts/2024/Chapter138
2024,Acts,139,139,AN ACT TO PROVIDE FOR THE FUTURE INFORMATION TECHNOLOGY NEEDS OF MASSACHUSETTS,H4889,api,27617,yes,,,,https://malegislature.gov/Laws/SessionLaws/Acts/2024/Chapter139
2024,Acts,140,140,"AN ACT MAKING APPROPRIATIONS FOR THE FISCAL YEAR 2025 FOR THE MAINTENANCE OF THE DEPARTMENTS, BOARDS, COMMISSIONS, INSTITUTIONS, AND CERTAIN ACTIVITIES OF THE COMMONWEALTH, FOR INTEREST, SINKING FUND, AND SERIAL BOND REQUIREMENTS, AND FOR CERTAIN PERMANENT IMPROVEMENTS",H4800,api,1520893,yes,,personal_information:5;surveillance:11;electronic_monitoring:1;privacy_generic:7;record_nondisclosure:1,attorneys’ offices and the early intervention program within the department of public health may share with each other personal data regarding the parents and children who receive services provided under early education and care programs administered b,https://malegislature.gov/Laws/SessionLaws/Acts/2024/Chapter140
2024,Acts,141,141,AN ACT RELATIVE TO SALARY RANGE TRANSPARENCY,H4890,api,14950,yes,,,,https://malegislature.gov/Laws/SessionLaws/Acts/2024/Chapter141
2024,Acts,142,142,AN ACT FACILITATING THE APPROPRIATION AND EXPENDITURE OF COMMUNITY PRESERVATION FUNDS FOR COMMUNITY HOUSING PURPOSES IN THE TOWN OF WELLESLEY,H4042,api,2209,yes,,,,https://malegislature.gov/Laws/SessionLaws/Acts/2024/Chapter142
2024,Acts,143,143,AN ACT DESIGNATING A CERTAIN PARK IN THE CITY OF CAMBRIDGE AS RICHARD MCKINNON PARK,S469,api,850,yes,,,,https://malegislature.gov/Laws/SessionLaws/Acts/2024/Chapter143
2024,Acts,144,144,AN ACT DEDICATING A BENCH IN HONOR OF RITA WALSH IN THE HYDE PARK SECTION OF THE CITY OF BOSTON,H3965,api,653,yes,,,,https://malegislature.gov/Laws/SessionLaws/Acts/2024/Chapter144
2024,Acts,145,145,AN ACT FURTHER REGULATING THE LYNNFIELD CENTER WATER DISTRICT,H3808,api,5611,yes,,,,https://malegislature.gov/Laws/SessionLaws/Acts/2024/Chapter145
2024,Acts,146,146,AN ACT AMENDING THE CHARTER OF THE TOWN OF WAREHAM,S2816,api,568,yes,,,,https://malegislature.gov/Laws/SessionLaws/Acts/2024/Chapter146
2024,Acts,147,147,AN ACT AUTHORIZING THE TOWN OF MILTON TO USE CERTAIN LAND ACQUIRED FOR CONSERVATION PURPOSES FOR SCHOOL PURPOSES,S2840,api,5715,yes,,,,https://malegislature.gov/Laws/SessionLaws/Acts/2024/Chapter147
2024,Acts,148,148,AN ACT AUTHORIZING THE TOWN OF WESTON TO GRANT AN ADDITIONAL LICENSE FOR THE SALE OF ALL ALCOHOLIC BEVERAGES TO BE DRUNK ON THE PREMISES,H4849,api,2242,yes,,,,https://malegislature.gov/Laws/SessionLaws/Acts/2024/Chapter148
2024,Acts,149,149,AN ACT RELATIVE TO DISABILITY PENSIONS AND CRITICAL INCIDENT STRESS MANAGEMENT FOR VIOLENT CRIMES,H4746,api,11446,yes,,,,https://malegislature.gov/Laws/SessionLaws/Acts/2024/Chapter149
2024,Acts,150,150,AN ACT RELATIVE TO THE AFFORDABLE HOMES ACT,H4977,api,351724,yes,,personal_information:2;privacy_generic:2,"able for public safety, scholarly, educational, journalistic or governmental purposes only; provided, however, that the personal identifying information of the parties involved in the action shall remain sealed unless the court determines that release of such information",https://malegislature.gov/Laws/SessionLaws/Acts/2024/Chapter150
2024,Acts,151,151,AN ACT AUTHORIZING THE TOWN OF ORANGE TO CONVEY CERTAIN PARCELS OF LAND IN THE TOWN OF ORANGE,H4882,api,7457,yes,,,,https://malegislature.gov/Laws/SessionLaws/Acts/2024/Chapter151
2024,Acts,152,152,AN ACT AUTHORIZING THE TOWN OF CANTON TO GRANT TEMPORARY AND PERMANENT EASEMENTS OVER CERTAIN CONSERVATION LAND SITUATED IN THE TOWN OF STOUGHTON FOR HIGHWAY PURPOSES.,H3937,api,3096,yes,,,,https://malegislature.gov/Laws/SessionLaws/Acts/2024/Chapter152
2024,Acts,153,153,AN ACT AUTHORIZING THE TOWN OF NANTUCKET TO CONVEY CERTAIN PARCELS OF LAND HELD FOR CONSERVATION OR RECREATION PURPOSES,S2915,api,1471,yes,,,,https://malegislature.gov/Laws/SessionLaws/Acts/2024/Chapter153
2024,Acts,154,154,AN ACT AUTHORIZING THE TOWN OF ANDOVER TO CONVEY A NON-EXCLUSIVE ACCESS EASEMENT OVER A CERTAIN PARCEL OF LAND,S2913,api,2096,yes,,,,https://malegislature.gov/Laws/SessionLaws/Acts/2024/Chapter154
2024,Acts,155,155,"AN ACT AUTHORIZING THE DIVISION OF CAPITAL ASSET MANAGEMENT AND MAINTENANCE TO CONVEY CERTAIN LAND IN THE TOWN OF LANCASTER TO ROBERT F. KENNEDY COMMUNITY ALLIANCE, INC.",H4795,api,5566,yes,,,,https://malegislature.gov/Laws/SessionLaws/Acts/2024/Chapter155
2024,Acts,156,156,AN ACT AUTHORIZING THE COMMISSIONER OF CAPITAL ASSET MANAGEMENT AND MAINTENANCE TO CONVEY CERTAIN PARCELS OF LAND IN THE TOWN OF LANCASTER,H4701,api,8101,yes,,,,https://malegislature.gov/Laws/SessionLaws/Acts/2024/Chapter156
2024,Acts,157,157,AN ACT AUTHORIZING THE CITY OF SPRINGFIELD TO CONTINUE THE EMPLOYMENT OF POLICE OFFICER LAWRENCE E. AKERS,H4768,api,1671,yes,,,,https://malegislature.gov/Laws/SessionLaws/Acts/2024/Chapter157
2024,Acts,158,158,AN ACT AUTHORIZING THE COMMISSIONER OF CAPITAL ASSET MANAGEMENT AND MAINTENANCE TO CONVEY CERTAIN PARCELS OF LAND TO THE CITY OF LOWELL,H4700,api,7671,yes,,,,https://malegislature.gov/Laws/SessionLaws/Acts/2024/Chapter158
2024,Acts,159,159,AN ACT AUTHORIZING THE TOWN OF NANTUCKET TO CONVEY A CERTAIN PARCEL OF LAND ACQUIRED FOR PARK PURPOSES TO THE NANTUCKET CONSERVATION FOUNDATION INC.,H4645,api,1389,yes,,,,https://malegislature.gov/Laws/SessionLaws/Acts/2024/Chapter159
2024,Acts,160,160,"AN ACT AUTHORIZING THE TOWN OF NANTUCKET TO CONVEY CERTAIN LAND SITUATED IN THE TOWN OF NANTUCKET HELD FOR OPEN SPACE, RECREATIONAL OR CONSERVATION PURPOSES TO THE NANTUCKET ISLANDS LAND BANK",H4646,api,1389,yes,,,,https://malegislature.gov/Laws/SessionLaws/Acts/2024/Chapter160
2024,Acts,161,161,AN ACT AUTHORIZING THE CONSERVATION COMMISSION OF THE TOWN OF WESTFORD TO TRANSFER CERTAIN EASEMENTS TO THE SELECT BOARD OF THE TOWN OF WESTFORD,H4140,api,2313,yes,,,,https://malegislature.gov/Laws/SessionLaws/Acts/2024/Chapter161
2024,Acts,162,162,"AN ACT AUTHORIZING THE TOWN OF EASTHAM TO CONVEY A CONSERVATION RESTRICTION ON A CERTAIN PARCEL OF LAND TO THE EASTHAM CONSERVATION FOUNDATION, INC",H4012,api,1495,yes,,,,https://malegislature.gov/Laws/SessionLaws/Acts/2024/Chapter162
2024,Acts,163,163,AN ACT RELATIVE TO CERTAIN PARCELS OF LAND IN THE TOWN OF COHASSET,H4037,api,2321,yes,,,,https://malegislature.gov/Laws/SessionLaws/Acts/2024/Chapter163
2024,Acts,164,164,"AN ACT ESTABLISHING A SICK LEAVE BANK FOR ALICIA ORLOW, AN EMPLOYEE OF THE DEPARTMENT OF CORRECTION",H4749,api,1169,yes,,,,https://malegislature.gov/Laws/SessionLaws/Acts/2024/Chapter164
2024,Acts,165,165,"AN ACT ESTABLISHING A SICK LEAVE BANK FOR GABRIELLA RUOCCO, AN EMPLOYEE OF THE DEPARTMENT OF STATE POLICE",H4755,api,1185,yes,,,,https://malegislature.gov/Laws/SessionLaws/Acts/2024/Chapter165
2024,Acts,166,166,AN ACT TO ENSURE LEGAL PARENTAGE EQUALITY,H4970,api,71031,yes,,genetic_privacy:5;privacy_generic:2,"62. Said section 17 of said chapter 209C, as so appearing, is hereby further amended by adding the following sentence:- Genetic testing shall not be used to challenge the parentage of an individual who is a parent under sections 25, 27 and 28 to 28P, i",https://malegislature.gov/Laws/SessionLaws/Acts/2024/Chapter166
2024,Acts,167,167,AN ACT CRIMINALIZING SEXUAL ASSAULT BY FRAUD OF A MEDICAL PROFESSIONAL,H4350,api,4940,yes,,,,https://malegislature.gov/Laws/SessionLaws/Acts/2024/Chapter167
2024,Acts,168,168,"AN ACT REGULATING THE USE OF ELEPHANTS, BIG CATS, PRIMATES, GIRAFFES AND BEARS IN TRAVELING EXHIBITS AND SHOWS",H4915,api,3266,yes,,,,https://malegislature.gov/Laws/SessionLaws/Acts/2024/Chapter168
2024,Acts,169,169,AN ACT AUTHORIZING THE MASSACHUSETTS DEPARTMENT OF TRANSPORTATION TO CONVEY A CERTAIN PARCEL OF LAND IN THE CITY OF PITTSFIELD,H4939,api,2124,yes,,,,https://malegislature.gov/Laws/SessionLaws/Acts/2024/Chapter169
2024,Acts,170,170,AN ACT AUTHORIZING THE COMMISSIONER OF CAPITAL ASSET MANAGEMENT AND MAINTENANCE TO ISSUE A CONFIRMATORY DEED FOR A CERTAIN PARCEL OF LAND IN THE CITY OF MARLBOROUGH,H4943,api,1953,yes,,,,https://malegislature.gov/Laws/SessionLaws/Acts/2024/Chapter170
2024,Acts,171,171,AN ACT AUTHORIZING THE TOWN OF BROOKLINE TO CHANGE THE USE OF A CERTAIN PARCEL OF LAND FOR THE INSTALLATION OF SUBSURFACE GEOTHERMAL WELLS,H4944,api,1412,yes,,,,https://malegislature.gov/Laws/SessionLaws/Acts/2024/Chapter171
2024,Acts,172,172,AN ACT PROVIDING FOR IMPROVEMENTS TO THE METROPOLITAN WATER SUPPLY SYSTEM,H4967,api,1978,yes,,,,https://malegislature.gov/Laws/SessionLaws/Acts/2024/Chapter172
2024,Acts,173,173,AN ACT AUTHORIZING THE COMMISSIONER OF CAPITAL ASSET MANAGEMENT AND MAINTENANCE TO CONVEY CERTAIN PARCELS OF LAND TO THE CITY OF WESTFIELD,S2893,api,3376,yes,,,,https://malegislature.gov/Laws/SessionLaws/Acts/2024/Chapter173
2024,Acts,174,174,AN ACT AUTHORIZING THE RELEASE OF CERTAIN PARCELS OF LAND IN THE TOWN OF RAYNHAM FROM CERTAIN AGRICULTURAL PRESERVATION RESTRICTIONS AND CERTAIN RECREATIONAL USE RESTRICTIONS,S2901,api,10582,yes,,,,https://malegislature.gov/Laws/SessionLaws/Acts/2024/Chapter174
2024,Acts,175,175,AN ACT AUTHORIZING THE CITY OF NEW BEDFORD TO GRANT A UTILITY EASEMENT TO THE UNIVERSITY OF MASSACHUSETTS AT DARTMOUTH,S2894,api,1459,yes,,,,https://malegislature.gov/Laws/SessionLaws/Acts/2024/Chapter175
2024,Acts,176,176,AN ACT AUTHORIZING THE CITY KNOWN AS THE TOWN OF BARNSTABLE TO CHANGE THE USE OF A PORTION OF A CERTAIN PARCEL OF LAND WITHIN MOTHER’S PARK,S2720,api,1531,yes,,,,https://malegislature.gov/Laws/SessionLaws/Acts/2024/Chapter176
2024,Acts,177,177,AN ACT AUTHORIZING THE COUNTY OF NANTUCKET TO CONVEY CERTAIN PARCELS OF LAND TO THE TOWN OF NANTUCKET,H4938,api,1085,yes,,,,https://malegislature.gov/Laws/SessionLaws/Acts/2024/Chapter177
2024,Acts,178,178,"AN ACT HONORING, EMPOWERING, AND RECOGNIZING OUR SERVICEMEMBERS AND VETERANS",H4976,api,69341,yes,,genetic_privacy:1;record_nondisclosure:1,"receive: (i) an other than honorable discharge on the basis of sex, race, color, religious creed, national origin, age, genetic information, ancestry, marital status or disability; or (ii) any United States Department of Veterans Affairs category eligible for",https://malegislature.gov/Laws/SessionLaws/Acts/2024/Chapter178
2024,Acts,179,179,AN ACT RELATIVE TO THE DIRECT WINE SHIPPER LICENSE,H4698,api,1344,yes,,,,https://malegislature.gov/Laws/SessionLaws/Acts/2024/Chapter179
2024,Acts,180,180,AN ACT AUTHORIZING THE APPOINTMENT OF SPECIAL POLICE OFFICERS IN THE CITY OF WALTHAM,H4141,api,6428,yes,,,,https://malegislature.gov/Laws/SessionLaws/Acts/2024/Chapter180
2024,Acts,181,181,AN ACT AUTHORIZING THE TOWN OF TEWKSBURY TO USE A CERTAIN PARCEL OF LAND FOR GENERAL RECREATIONAL PURPOSES,S2916,api,1571,yes,,,,https://malegislature.gov/Laws/SessionLaws/Acts/2024/Chapter181
2024,Acts,182,182,AN ACT RELATIVE TO THE REDUCTION OF CERTAIN TOXIC CHEMICALS IN FIREFIGHTER PERSONAL PROTECTIVE EQUIPMENT,S2902,api,3741,yes,,,,https://malegislature.gov/Laws/SessionLaws/Acts/2024/Chapter182
2024,Acts,183,183,AN ACT DESIGNATING A PORTION OF STATE HIGHWAY ROUTE 41 IN THE TOWN OF WEST STOCKBRIDGE AS THE GENE DELLEA HIGHWAY,H4618,api,536,yes,,,,https://malegislature.gov/Laws/SessionLaws/Acts/2024/Chapter183
2024,Acts,184,184,"AN ACT AUTHORIZING THE TOWN OF DEERFIELD TO CONTINUE THE EMPLOYMENT OF POLICE DEPARTMENT MEMBERS MICHAEL W. HABEL, ROBERT A. THRASHER AND MARK JACQUES",H4557,api,1693,yes,,,,https://malegislature.gov/Laws/SessionLaws/Acts/2024/Chapter184
2024,Acts,185,185,AN ACT ELIMINATING THE AGE REQUIREMENT FOR ORIGINAL CERTIFICATION OF POLICE OFFICERS IN THE CITY OF MALDEN,H4526,api,523,yes,,,,https://malegislature.gov/Laws/SessionLaws/Acts/2024/Chapter185
2024,Acts,186,186,AN ACT PROMOTING ACCESS TO MIDWIFERY CARE AND OUT-OF-HOSPITAL BIRTH OPTIONS,H4999,api,80577,yes,,privacy_generic:1,"or home visitor, and language interpreter or navigator. (e) The commissioner shall, in a manner that protects personal privacy and complies with federal law, collect and assess data regarding pregnancy loss, including information disaggregated by",https://malegislature.gov/Laws/SessionLaws/Acts/2024/Chapter186
2024,Acts,187,187,AN ACT AUTHORIZING THE APPOINTMENT OF RETIRED FIREFIGHTERS AS SPECIAL FIREFIGHTERS IN THE CITY OF QUINCY,H4666,api,3938,yes,,,,https://malegislature.gov/Laws/SessionLaws/Acts/2024/Chapter187
2024,Acts,188,188,AN ACT AUTHORIZING THE TOWN OF LITTLETON TO PROVIDE WATER TO THE INHABITANTS OF THE TOWN OF BOXBOROUGH,H4246,api,7816,yes,,,,https://malegislature.gov/Laws/SessionLaws/Acts/2024/Chapter188
2024,Acts,189,189,"AN ACT AUTHORIZING THE CITY OF WATERTOWN TO PLACE MUNICIPAL CHARGES LIENS ON CERTAIN PROPERTIES IN THE CITY OF WATERTOWN FOR NONPAYMENT OF ANY LOCAL CHARGE, FEE OR FINE",H4508,api,2370,yes,,,,https://malegislature.gov/Laws/SessionLaws/Acts/2024/Chapter189
2024,Acts,190,190,AN ACT ESTABLISHING RECALL METHODS FOR ELECTED OFFICIALS IN THE TOWN OF LAKEVILLE,H4125,api,6427,yes,,,,https://malegislature.gov/Laws/SessionLaws/Acts/2024/Chapter190
2024,Acts,191,191,AN ACT DESIGNATING A PORTION OF STATE HIGHWAY ROUTE 23 WEST AND STATE HIGHWAY ROUTE 41 SOUTH IN THE TOWN OF EGREMONT AS THE GEORGE MCGURN MEMORIAL HIGHWAY,H4619,api,620,yes,,,,https://malegislature.gov/Laws/SessionLaws/Acts/2024/Chapter191
2024,Acts,192,192,"AN ACT REORGANIZING THE LEXINGTON HOUSING ASSISTANCE BOARD, INC",H3775,api,11790,yes,,,,https://malegislature.gov/Laws/SessionLaws/Acts/2024/Chapter192
2024,Acts,193,193,AN ACT PROVIDING FOR AN ALTERNATE MEMBER OF THE FINANCE COMMITTEE OF THE TOWN OF MATTAPOISETT,H4159,api,1295,yes,,,,https://malegislature.gov/Laws/SessionLaws/Acts/2024/Chapter193
2024,Acts,194,194,AN ACT PROVIDING FOR ALTERNATE MEMBERS ON THE CONSERVATION COMMISSION OF THE TOWN OF MATTAPOISETT,H4156,api,883,yes,,,,https://malegislature.gov/Laws/SessionLaws/Acts/2024/Chapter194
2024,Acts,195,195,"AN ACT AUTHORIZING THE TOWN OF NORTHFIELD TO CONTINUE THE EMPLOYMENT OF FIRE CHIEF FLOYD DUNNELL, III",H4687,api,961,yes,,,,https://malegislature.gov/Laws/SessionLaws/Acts/2024/Chapter195
2024,Acts,196,196,AN ACT AUTHORIZING WAYNE A. ELLIS TO PURCHASE CREDITABLE SERVICE FROM THE BARNSTABLE COUNTY RETIREMENT BOARD,H3657,api,547,yes,,,,https://malegislature.gov/Laws/SessionLaws/Acts/2024/Chapter196
2024,Acts,197,197,AN ACT TO IMPROVE QUALITY AND OVERSIGHT OF LONG-TERM CARE,H5033,api,116375,yes,,privacy_generic:1;record_nondisclosure:3,"iving units to accommodate individual needs of residents; (B) converting multi-bed rooms to single occupancy to enhance privacy and dignity; and (C) establishing voluntary skilled nursing facility reconfigurations, including, but not limited to, p",https://malegislature.gov/Laws/SessionLaws/Acts/2024/Chapter197
2024,Acts,198,198,AN ACT DEDICATING THE BOAT RAMP AT BICENTENNIAL PARK IN THE CITY OF FALL RIVER AS THE STATE REPRESENTATIVE MANUEL RAPOSA JR. BOAT RAMP,H4163,api,517,yes,,,,https://malegislature.gov/Laws/SessionLaws/Acts/2024/Chapter198
2024,Acts,199,199,AN ACT DIRECTING THE CITY OF BOSTON POLICE DEPARTMENT TO WAIVE THE MAXIMUM AGE REQUIREMENT FOR POLICE OFFICERS FOR WENDY PIERRE-LOUIS,H3732,api,706,yes,,,,https://malegislature.gov/Laws/SessionLaws/Acts/2024/Chapter199
2024,Acts,200,200,AN ACT DIRECTING THE CITY OF BOSTON POLICE DEPARTMENT TO WAIVE THE MAXIMUM AGE REQUIREMENT FOR POLICE OFFICERS FOR TERRANCE JOSEPH WILLIAMS,H4212,api,686,yes,,,,https://malegislature.gov/Laws/SessionLaws/Acts/2024/Chapter200
2024,Acts,201,201,AN ACT DIRECTING THE CITY OF BOSTON POLICE DEPARTMENT TO WAIVE THE MAXIMUM AGE REQUIREMENT FOR POLICE OFFICERS FOR NUIAS DAVEIGA,H4431,api,664,yes,,,,https://malegislature.gov/Laws/SessionLaws/Acts/2024/Chapter201
2024,Acts,202,202,AN ACT AUTHORIZING ADDITIONAL LICENSES FOR THE SALE OF ALCOHOLIC BEVERAGES TO BE DRUNK ON THE PREMISES IN THE CITY OF BOSTON,H5039,api,4728,yes,,,,https://malegislature.gov/Laws/SessionLaws/Acts/2024/Chapter202
2024,Acts,203,203,AN ACT AMENDING THE CHARTER OF THE CITY OF LYNN,S2936,api,3027,yes,,,,https://malegislature.gov/Laws/SessionLaws/Acts/2024/Chapter203
2024,Acts,204,204,AN ACT FURTHER REGULATING TOWN ELECTIONS IN THE TOWN OF HOPKINTON,H4203,api,637,yes,,,,https://malegislature.gov/Laws/SessionLaws/Acts/2024/Chapter204
2024,Acts,205,205,"AN ACT TO RENAME THE MASSACHUSETTS REHABILITATION COMMISSION, MASSABILITY, TO REFLECT THE SELF-DETERMINATION AND LIMITLESS POSSIBILITIES OF PEOPLE WITH DISABILITIES",H4528,api,19811,yes,,,,https://malegislature.gov/Laws/SessionLaws/Acts/2024/Chapter205
2024,Acts,206,206,AN ACT MAKING APPROPRIATIONS FOR THE FISCAL YEAR 2024 TO PROVIDE FOR SUPPLEMENTING CERTAIN EXISTING APPROPRIATIONS AND FOR CERTAIN OTHER ACTIVITIES AND PROJECTS,H4799,api,58272,yes,,record_nondisclosure:1,"ubsection shall not be considered a public record under clause Twenty-sixth of section 7 of chapter 4 or chapter 66 and shall not be disclosed to any person or entity other than those listed or described in the confidential data-sharing agreement; provided, howe",https://malegislature.gov/Laws/SessionLaws/Acts/2024/Chapter206
2024,Acts,207,207,AN ACT ESTABLISHING APPOINTED POSITIONS OF DISTRICT CLERK AND DISTRICT TREASURER FOR THE RAYNHAM CENTER WATER DISTRICT,S2857,api,1027,yes,,,,https://malegislature.gov/Laws/SessionLaws/Acts/2024/Chapter207
2024,Acts,208,208,AN ACT CHANGING THE NAME OF THE BOARD OF SELECTMEN IN THE TOWN OF DUNSTABLE TO SELECT BOARD,H4244,api,1125,yes,,,,https://malegislature.gov/Laws/SessionLaws/Acts/2024/Chapter208
2024,Acts,209,209,AN ACT CHANGING THE NAME OF THE BOARD OF SELECTMEN IN THE TOWN OF FOXBOROUGH TO SELECT BOARD,H3724,api,1284,yes,,,,https://malegislature.gov/Laws/SessionLaws/Acts/2024/Chapter209
2024,Acts,210,210,AN ACT VALIDATING THE ACTIONS OF THE TOWN OF WORTHINGTON RELATIVE TO THE PROVISION OF HEALTH INSURANCE FOR ELIGIBLE TOWN EMPLOYEES,H4231,api,826,yes,,,,https://malegislature.gov/Laws/SessionLaws/Acts/2024/Chapter210
2024,Acts,211,211,AN ACT AUTHORIZING THE TOWN OF WILLIAMSBURG TO CONTINUE THE EMPLOYMENT OF GLEN EVERETT BEYOND THE AGE OF 65,H4769,api,1265,yes,,,,https://malegislature.gov/Laws/SessionLaws/Acts/2024/Chapter211
2024,Acts,212,212,AN ACT DESIGNATING A PORTION OF UNITED STATES HIGHWAY ROUTE 7 IN THE TOWN OF SHEFFIELD AS THE BRIGADIER-GENERAL JOHN G. BARNARD HIGHWAY,H4617,api,766,yes,,,,https://malegislature.gov/Laws/SessionLaws/Acts/2024/Chapter212
2024,Acts,213,213,"AN ACT TO INCREASE KENNEL SAFETY, AKA OLLIE'S LAW",H4919,api,13338,yes,,,,https://malegislature.gov/Laws/SessionLaws/Acts/2024/Chapter213
2024,Acts,214,214,AN ACT TO PROVIDE FOR COMPETITIVENESS AND INFRASTRUCTURE INVESTMENT IN MASSACHUSETTS,S2954,api,10497,yes,,,,https://malegislature.gov/Laws/SessionLaws/Acts/2024/Chapter214
2024,Acts,215,215,AN ACT FURTHER REGULATING THE SALE OF ALCOHOLIC BEVERAGES TO BE DRUNK ON THE PREMISES OF CLUBS OR VETERANS' ORGANIZATIONS IN THE TOWN OF NATICK,H4865,api,327,yes,,,,https://malegislature.gov/Laws/SessionLaws/Acts/2024/Chapter215
2024,Acts,216,216,AN ACT AUTHORIZING THE TOWN OF NATICK TO ESTABLISH MINIMUM SEATING CAPACITY FOR GRANTING LICENSES FOR THE SALE OF ALL ALCOHOLIC BEVERAGES OR WINE AND MALT BEVERAGES TO BE DRUNK ON THE PREMISES,H4187,api,921,yes,,,,https://malegislature.gov/Laws/SessionLaws/Acts/2024/Chapter216
2024,Acts,217,217,AN ACT DESIGNATING A CERTAIN BRIDGE IN THE TOWN OF ASHLAND AS THE HAROLD WADHAMS GATES MEMORIAL BRIDGE,H3883,api,563,yes,,,,https://malegislature.gov/Laws/SessionLaws/Acts/2024/Chapter217
2024,Acts,218,218,AN ACT PROVIDING FOR THE TERMS OF CERTAIN BONDS TO BE ISSUED BY THE COMMONWEALTH,H5000,api,1335,yes,,,,https://malegislature.gov/Laws/SessionLaws/Acts/2024/Chapter218
2024,Acts,219,219,AN ACT ELIMINATING THE RESIDENCY REQUIREMENT FOR THE POSITION OF ADMINISTRATIVE ASSISTANT TO THE BOARD OF ASSESSORS OF THE CITY OF NEW BEDFORD,H4201,api,450,yes,,,,https://malegislature.gov/Laws/SessionLaws/Acts/2024/Chapter219
2024,Acts,220,220,AN ACT PROVIDING FOR THE TERMS OF CERTAIN BONDS TO BE ISSUED BY THE COMMONWEALTH,H5008,api,1776,yes,,,,https://malegislature.gov/Laws/SessionLaws/Acts/2024/Chapter220
2024,Acts,221,221,AN ACT AUTHORIZING THE TOWN OF TRURO TO ESTABLISH A PROGRAM TO REDUCE PROPERTY TAX LIABILITY IN EXCHANGE FOR VOLUNTEER SERVICES FOR PERSONS WITH DISABILITIES,H3735,api,3424,yes,,record_nondisclosure:1,that the actual tax bill reflect the reduced rate. Proof of disability documents shall be verified by the assessor and shall not be a public record. A copy of such record shall also be provided to the taxpayer prior to the issuance of the actual tax bill. The town ma,https://malegislature.gov/Laws/SessionLaws/Acts/2024/Chapter221
2024,Acts,222,222,"AN ACT PROMOTING ANIMAL WELFARE AND FURTHER REGULATING THE REPORTING OF ANIMAL CRUELTY, ABUSE OR NEGLECT",H4911,api,5343,yes,,,,https://malegislature.gov/Laws/SessionLaws/Acts/2024/Chapter222
2024,Acts,223,223,AN ACT AUTHORIZING THE TOWN OF NATICK TO CONTINUE THE EMPLOYMENT OF POLICE OFFICER JOHN HASWELL,H4686,api,1230,yes,,,,https://malegislature.gov/Laws/SessionLaws/Acts/2024/Chapter223
2024,Acts,224,224,AN ACT RELATIVE TO MEDICAID MANAGED CARE INCENTIVE INITIATIVE PAYMENT MECHANISMS TO THE NON-STATE-OWNED PUBLIC HOSPITALS,H4934,api,2624,yes,,,,https://malegislature.gov/Laws/SessionLaws/Acts/2024/Chapter224
2024,Acts,225,225,AN ACT AMENDING THE CHARTER OF THE TOWN OF GROTON,H4194,api,1082,yes,,,,https://malegislature.gov/Laws/SessionLaws/Acts/2024/Chapter225
2024,Acts,226,226,AN ACT AUTHORIZING THE TOWN OF MILTON TO ISSUE AN ADDITIONAL LICENSE FOR THE SALE OF ALL ALCOHOLIC BEVERAGES TO BE DRUNK ON THE PREMISES,S2518,api,2222,yes,,,,https://malegislature.gov/Laws/SessionLaws/Acts/2024/Chapter226
2024,Acts,227,227,AN ACT EXEMPTING THE POSITION OF POLICE CHIEF IN THE CITY KNOWN AS THE TOWN OF BARNSTABLE FROM THE CIVIL SERVICE LAW,S2746,api,606,yes,,,,https://malegislature.gov/Laws/SessionLaws/Acts/2024/Chapter227
2024,Acts,228,228,AN ACT PROVIDING FOR A CONDOMINIUM CONVERSION ORDINANCE IN THE CITY OF SALEM,H3722,api,1448,yes,,,,https://malegislature.gov/Laws/SessionLaws/Acts/2024/Chapter228
2024,Acts,229,229,AN ACT AMENDING THE CHARTER OF THE TOWN OF TOWNSEND,H3728,api,50563,yes,,,,https://malegislature.gov/Laws/SessionLaws/Acts/2024/Chapter229
2024,Acts,230,230,"AN ACT ESTABLISHING A SICK LEAVE BANK FOR MARY KATHERINE SHEEHAN, AN EMPLOYEE OF THE TRIAL COURT OF THE COMMONWEALTH",S2966,api,1220,yes,,,,https://malegislature.gov/Laws/SessionLaws/Acts/2024/Chapter230
2024,Acts,231,231,AN ACT RELATIVE TO MEDICALLY NECESSARY BREAST SCREENINGS AND EXAMS FOR EQUITY AND EARLY DETECTION,H4918,api,16810,yes,,,,https://malegislature.gov/Laws/SessionLaws/Acts/2024/Chapter231
2024,Acts,232,232,AN ACT FURTHER REGULATING THE FISCAL AUTHORITY OF THE TOWN ADMINISTRATOR OF THE TOWN OF DUDLEY,H4887,api,845,yes,,,,https://malegislature.gov/Laws/SessionLaws/Acts/2024/Chapter232
2024,Acts,233,233,AN ACT AUTHORIZING THE TOWN OF NORTH READING TO ESTABLISH A MEANS TESTED SENIOR CITIZEN PROPERTY TAX EXEMPTION,H4784,api,3662,yes,,,,https://malegislature.gov/Laws/SessionLaws/Acts/2024/Chapter233
2024,Acts,234,234,AN ACT AUTHORIZING THE TOWN OF OXFORD TO CONTINUE THE EMPLOYMENT OF CRAIG GAGNER,H4797,api,1059,yes,,,,https://malegislature.gov/Laws/SessionLaws/Acts/2024/Chapter234
2024,Acts,235,235,AN ACT AUTHORIZING THE SELECT BOARD OF THE TOWN OF BERNARDSTON TO APPOINT AN ASSOCIATE MEMBER TO THE BOARD OF HEALTH,H4886,api,767,yes,,,,https://malegislature.gov/Laws/SessionLaws/Acts/2024/Chapter235
2024,Acts,236,236,AN ACT AUTHORIZING THE TOWN OF ROWLEY TO CONTINUE THE EMPLOYMENT OF CALL FIREFIGHTER DONALD DUPRAY,H5024,api,1194,yes,,,,https://malegislature.gov/Laws/SessionLaws/Acts/2024/Chapter236
2024,Acts,237,237,AN ACT DESIGNATING A CERTAIN OVERPASS IN THE CITY OF NEW BEDFORD AS THE ANDRE LOPES KOREAN WAR VETERAN OVERPASS,H4954,api,1151,yes,,,,https://malegislature.gov/Laws/SessionLaws/Acts/2024/Chapter237
2024,Acts,238,238,AN ACT RELATIVE TO STRENGTHENING MASSACHUSETTS’ ECONOMIC LEADERSHIP,H5100,api,594846,yes,,personal_information:3;biometric:4;surveillance:2;privacy_generic:6;record_nondisclosure:3,"the data shall be available on the department’s website; provided, however, that any such published data shall exclude personal identifying information. (h) Annually, the department shall estimate the amount of funds necessary to meet the requirements of this section for",https://malegislature.gov/Laws/SessionLaws/Acts/2024/Chapter238
2024,Acts,239,239,"AN ACT PROMOTING A CLEAN ENERGY GRID, ADVANCING EQUITY AND PROTECTING RATEPAYERS",S2967,api,265842,yes,,,,https://malegislature.gov/Laws/SessionLaws/Acts/2024/Chapter239
2024,Acts,240,240,AN ACT AUTHORIZING CERTAIN EMPLOYMENT CONTRACTS FOR THE TOWN OF MILFORD,H4779,api,684,yes,,,,https://malegislature.gov/Laws/SessionLaws/Acts/2024/Chapter240
2024,Acts,241,241,"AN ACT ESTABLISHING A SICK LEAVE BANK FOR CHERYLANN COLLARO-SURRETTE, AN EMPLOYEE OF THE MASSACHUSETTS DEPARTMENT OF TRANSPORTATION",H5057,api,1250,yes,,,,https://malegislature.gov/Laws/SessionLaws/Acts/2024/Chapter241
2024,Acts,242,242,AN ACT INCREASING THE MEMBERSHIP OF THE BOARD OF SEWER COMMISSIONERS IN THE TOWN OF NORTHFIELD FROM 3 TO 5 MEMBERS,H4404,api,1312,yes,,,,https://malegislature.gov/Laws/SessionLaws/Acts/2024/Chapter242
2024,Acts,243,243,AN ACT AUTHORIZING THE TOWN OF WARWICK TO CONTINUE THE EMPLOYMENT OF DAVID A. SHOEMAKER AS POLICE CHIEF,H4908,api,1104,yes,,,,https://malegislature.gov/Laws/SessionLaws/Acts/2024/Chapter243
2024,Acts,244,244,AN ACT AMENDING THE CHARTER OF THE CITY OF GREENFIELD,H3725,api,27328,yes,,,,https://malegislature.gov/Laws/SessionLaws/Acts/2024/Chapter244
2024,Acts,245,245,AN ACT TO RECALL ELECTED OFFICIALS IN THE TOWN OF MANCHESTER-BY-THE-SEA,S440,api,7031,yes,,,,https://malegislature.gov/Laws/SessionLaws/Acts/2024/Chapter245
2024,Acts,246,246,AN ACT INCLUDING THE SALEM HARBOR DESIGNATED PORT AREA AS PART OF THE SALEM HARBOR PORT AREA,H4398,api,1378,yes,,,,https://malegislature.gov/Laws/SessionLaws/Acts/2024/Chapter246
2024,Acts,247,247,AN ACT REGULATING THE APPOINTMENT AND REMOVAL OF OFFICIALS AND EMPLOYEES OF THE TOWN OF ANDOVER,H4639,api,1281,yes,,,,https://malegislature.gov/Laws/SessionLaws/Acts/2024/Chapter247
2024,Acts,248,248,AN ACT MAKING APPROPRIATIONS FOR THE FISCAL YEAR 2024 TO PROVIDE FOR SUPPLEMENTING CERTAIN EXISTING APPROPRIATIONS AND FOR CERTAIN OTHER ACTIVITIES AND PROJECTS,H5077,api,74121,yes,,personal_information:2,department of elementary and secondary education and the bureau of special education appeals may share with each other personal data regarding students and other individuals to carry out their respective responsibilities under state and federal laws an,https://malegislature.gov/Laws/SessionLaws/Acts/2024/Chapter248
2024,Acts,249,249,AN ACT AUTHORIZING THE TOWN OF ANDOVER TO CONVERT A CERTAIN PARCEL OF LAND FOR GENERAL MUNICIPAL PURPOSES,S2955,api,664,yes,,,,https://malegislature.gov/Laws/SessionLaws/Acts/2024/Chapter249
2024,Acts,250,250,AN ACT EXPRESSLY AUTHORIZING THE AUDITOR TO AUDIT THE LEGISLATURE.,,api,1048,yes,,,,https://malegislature.gov/Laws/SessionLaws/Acts/2024/Chapter250
2024,Acts,251,251,"AN ACT REQUIRING THAT DISTRICTS CERTIFY THAT STUDENTS HAVE MASTERED THE SKILLS, COMPETENCIES AND KNOWLEDGE OF THE STATE STANDARDS AS A REPLACEMENT FOR THE MCAS GRADUATION REQUIREMENT.",,api,756,yes,,,,https://malegislature.gov/Laws/SessionLaws/Acts/2024/Chapter251
2024,Acts,252,252,AN ACT GIVING TRANSPORTATION NETWORK DRIVERS THE OPTION TO FORM A UNION AND BARGAIN COLLECTIVELY.,,api,45363,yes,,surveillance:1;record_nondisclosure:1,"d cause that does not involve such worker exercising any rights guaranteed by this chapter 6. To spy upon or keep under surveillance, whether directly or through agents or any other person, any activities of TNDs, those workers' representatives, or any",https://malegislature.gov/Laws/SessionLaws/Acts/2024/Chapter252
2024,Acts,253,253,AN ACT AUTHORIZING THE ADAMS FIRE DISTRICT TO MAINTAIN AN ENTERPRISE FUND,H2031,api,542,yes,,,,https://malegislature.gov/Laws/SessionLaws/Acts/2024/Chapter253
2024,Acts,254,254,AN ACT REPEALING CERTAIN FISCAL STABILITY PROCEDURES IN THE TOWNS OF CHESTERFIELD AND GOSHEN,H4525,api,277,yes,,,,https://malegislature.gov/Laws/SessionLaws/Acts/2024/Chapter254
2024,Acts,255,255,AN ACT AMENDING THE APPOINTMENT OF AND ELECTION RESTRICTIONS ON FINANCE COMMITTEE AND CAPITAL PLANNING MEMBERS IN THE TOWN OF NEWBURY,H4742,api,1885,yes,,,,https://malegislature.gov/Laws/SessionLaws/Acts/2024/Chapter255
2024,Acts,256,256,"AN ACT ESTABLISHING A SICK LEAVE BANK FOR JONATHAN TURNER, AN EMPLOYEE OF THE NORFOLK COUNTY SHERIFF'S OFFICE",S2981,api,1179,yes,,,,https://malegislature.gov/Laws/SessionLaws/Acts/2024/Chapter256
2024,Acts,257,257,AN ACT DIRECTING THE CITY OF BOSTON POLICE DEPARTMENT TO WAIVE THE MAXIMUM AGE REQUIREMENT FOR POLICE OFFICERS FOR PAUL O'BRIEN,H4592,api,661,yes,,,,https://malegislature.gov/Laws/SessionLaws/Acts/2024/Chapter257
2024,Acts,258,258,AN ACT AUTHORIZING THE TOWN OF WESTPORT TO GRANT AN ADDITIONAL LICENSE FOR THE SALE OF ALL ALCOHOLIC BEVERAGES TO BE DRUNK OFF THE PREMISES,S2858,api,1917,yes,,,,https://malegislature.gov/Laws/SessionLaws/Acts/2024/Chapter258
2024,Acts,259,259,AN ACT AUTHORIZING THE TOWN OF HULL TO ISSUE PENSION OBLIGATION BONDS OR NOTES,H2084,api,5330,yes,,,,https://malegislature.gov/Laws/SessionLaws/Acts/2024/Chapter259
2024,Acts,260,260,AN ACT DESIGNATING A CERTAIN BRIDGE IN THE TOWN OF FALMOUTH AS THE DEPUTY JOHN ROBERT KOTFILA JR. MEMORIAL BRIDGE,H3466,api,743,yes,,,,https://malegislature.gov/Laws/SessionLaws/Acts/2024/Chapter260
2024,Acts,261,261,AN ACT CHANGING THE NAME OF THE BOARD OF SELECTMEN OF THE TOWN OF SWAMPSCOTT TO SELECT BOARD,H4086,api,8019,yes,,,,https://malegislature.gov/Laws/SessionLaws/Acts/2024/Chapter261
2024,Acts,262,262,"AN ACT AUTHORIZING THE TOWN OF WARREN TO CONTINUE THE EMPLOYMENT OF STEVEN PERKINS, A MEMBER OF THE FIRE DEPARTMENT",H4215,api,1248,yes,,,,https://malegislature.gov/Laws/SessionLaws/Acts/2024/Chapter262
2024,Acts,263,263,AN ACT AUTHORIZING THE TOWN OF CARLISLE TO ESTABLISH A MEANS-TESTED SENIOR CITIZEN PROPERTY TAX EXEMPTION,H4560,api,3678,yes,,,,https://malegislature.gov/Laws/SessionLaws/Acts/2024/Chapter263
2024,Acts,264,264,AN ACT WAIVING THE MAXIMUM AGE REQUIREMENT FOR POLICE OFFICERS FOR THE CITY OF METHUEN,H2548,api,638,yes,,,,https://malegislature.gov/Laws/SessionLaws/Acts/2024/Chapter264
2024,Acts,265,265,AN ACT CHANGING THE POSITION OF TREASURER IN THE CITY OF HOLYOKE FROM AN ELECTED TO AN APPOINTED POSITION,H5062,api,1738,yes,,,,https://malegislature.gov/Laws/SessionLaws/Acts/2024/Chapter265
2024,Acts,266,266,AN ACT AUTHORIZING THE TOWNS OF FOXBOROUGH AND SHARON TO EXTEND A CERTAIN AGREEMENT FOR MUNICIPAL SEWER SERVICE,H4754,api,672,yes,,,,https://malegislature.gov/Laws/SessionLaws/Acts/2024/Chapter266
2024,Acts,267,267,AN ACT AMENDING THE TERM OF THE TOWN MODERATOR IN THE TOWN OF WRENTHAM,H4881,api,529,yes,,,,https://malegislature.gov/Laws/SessionLaws/Acts/2024/Chapter267
2024,Acts,268,268,AN ACT INCREASING THE AGE LIMIT FOR THE APPOINTMENT OF SPECIAL POLICE OFFICERS IN THE CITY OF SPRINGFIELD,H4822,api,648,yes,,,,https://malegislature.gov/Laws/SessionLaws/Acts/2024/Chapter268
2024,Acts,269,269,AN ACT AUTHORIZING THE TOWN OF PLYMOUTH TO GRANT 2 ADDITIONAL LICENSES FOR THE SALE OF ALL ALCOHOLIC BEVERAGES NOT TO BE DRUNK ON THE PREMISES,H4850,api,2427,yes,,,,https://malegislature.gov/Laws/SessionLaws/Acts/2024/Chapter269
2024,Acts,270,270,AN ACT PROMOTING LOCAL LAW ENFORCEMENT CONTINUITY BETWEEN THE CITY OF BOSTON AND THE TOWN OF DEDHAM,H2299,api,927,yes,,,,https://malegislature.gov/Laws/SessionLaws/Acts/2024/Chapter270
2024,Acts,271,271,AN ACT ESTABLISHING THE APPOINTED POSITIONS OF DISTRICT CLERK AND DISTRICT TREASURER FOR THE NORTH RAYNHAM WATER DISTRICT,S2717,api,984,yes,,,,https://malegislature.gov/Laws/SessionLaws/Acts/2024/Chapter271
2024,Acts,272,272,AN ACT DESIGNATING A CERTAIN ROUNDABOUT IN THE TOWN OF ORLEANS IN HONOR OF DOROFEI KLIMSHUK,H4484,api,519,yes,,,,https://malegislature.gov/Laws/SessionLaws/Acts/2024/Chapter272
2024,Acts,273,273,"AN ACT ESTABLISHING A SICK LEAVE BANK FOR KATE SOUT-SORM, AN EMPLOYEE OF THE DEPARTMENT OF TRANSITIONAL ASSISTANCE",S2986,api,1204,yes,,,,https://malegislature.gov/Laws/SessionLaws/Acts/2024/Chapter273
2024,Acts,274,274,AN ACT ESTABLISHING THE NORTH SHERBORN WATER AND SEWER DISTRICT,H4627,api,33428,yes,,,,https://malegislature.gov/Laws/SessionLaws/Acts/2024/Chapter274
2024,Acts,275,275,AN ACT RELATIVE TO MOTOR VEHICLE INSURANCE,H5111,api,1250,yes,,,,https://malegislature.gov/Laws/SessionLaws/Acts/2024/Chapter275
2024,Acts,276,276,"AN ACT ESTABLISHING A SICK LEAVE BANK FOR KIMBERLY MARTINELLI, AN EMPLOYEE OF THE DEPARTMENT OF CORRECTION",H4980,api,1193,yes,,,,https://malegislature.gov/Laws/SessionLaws/Acts/2024/Chapter276
2024,Acts,277,277,AN ACT AUTHORIZING THE TOWN OF CHARLEMONT TO CONTINUE THE EMPLOYMENT OF DENNIS ANNEAR AS AN ON-CALL FIREFIGHTER,H3988,api,1081,yes,,,,https://malegislature.gov/Laws/SessionLaws/Acts/2024/Chapter277
2024,Acts,278,278,AN ACT AUTHORIZING THE TOWN OF PROVINCETOWN TO GRANT 2 ADDITIONAL LICENSES FOR THE SALE OF ALL ALCOHOLIC BEVERAGES NOT TO BE DRUNK ON THE PREMISES,S2860,api,2425,yes,,,,https://malegislature.gov/Laws/SessionLaws/Acts/2024/Chapter278
2024,Acts,279,279,AN ACT AMENDING THE BOARD OF PUBLIC WORKS IN THE TOWN OF LEE,H3890,api,4219,yes,,,,https://malegislature.gov/Laws/SessionLaws/Acts/2024/Chapter279
2024,Acts,280,280,AN ACT AUTHORIZING THE TOWN OF WESTFORD TO ISSUE AN ADDITIONAL LICENSE FOR THE SALE OF ALL ALCOHOLIC BEVERAGES NOT TO BE DRUNK ON THE PREMISES,H4188,api,1906,yes,,,,https://malegislature.gov/Laws/SessionLaws/Acts/2024/Chapter280
2024,Acts,281,281,AN ACT INCREASING THE MEMBERSHIP OF THE SELECT BOARD FOR THE TOWN OF LANCASTER,H4818,api,1762,yes,,,,https://malegislature.gov/Laws/SessionLaws/Acts/2024/Chapter281
2024,Acts,282,282,AN ACT AUTHORIZING THE TOWN OF LEE TO CONTINUE THE EMPLOYMENT OF GLENN M. WILCOX AS ASSISTANT FIRE CHIEF,H4858,api,1224,yes,,,,https://malegislature.gov/Laws/SessionLaws/Acts/2024/Chapter282
2024,Acts,283,283,AN ACT REPEALING THE PROHIBITION ON THE MASSACHUSETTS BAY TRANSPORTATION AUTHORITY FROM LOCATING A FACILITY WITHIN A CERTAIN DISTANCE OF ARLINGTON CATHOLIC HIGH SCHOOL,H4236,api,594,yes,,,,https://malegislature.gov/Laws/SessionLaws/Acts/2024/Chapter283
2024,Acts,284,284,AN ACT TO PROHIBIT HUNTING ON PROPERTY OWNED BY THE DEPARTMENT OF CORRECTION AND LOCATED AT 28A UNION TURNPIKE IN THE TOWN OF CONCORD,H4200,api,656,yes,,,,https://malegislature.gov/Laws/SessionLaws/Acts/2024/Chapter284
2024,Acts,285,285,AN ACT RELATIVE TO TREATMENTS AND COVERAGE FOR SUBSTANCE USE DISORDER AND RECOVERY COACH LICENSURE,H5143,api,94425,yes,,record_nondisclosure:2,ant has withdrawn or been terminated from the program before completion. (e) The record of participation in the program shall not be a public record and shall be exempt from disclosure pursuant to clause Twenty-sixth of section 7 of chapter 4 and chapter 66. If a dent,https://malegislature.gov/Laws/SessionLaws/Acts/2024/Chapter285
2024,Acts,286,286,AN ACT PRESERVING THE COMPETITIVENESS OF GROUP AUTO AND HOMEOWNERS INSURANCE PLANS,H5133,api,648,yes,,,,https://malegislature.gov/Laws/SessionLaws/Acts/2024/Chapter286
2024,Acts,287,287,AN ACT FURTHER AMENDING THE FAIR HOUSING ORDINANCE IN THE CITY OF CAMBRIDGE,H4234,api,4885,yes,,,,https://malegislature.gov/Laws/SessionLaws/Acts/2024/Chapter287
2024,Acts,288,288,AN ACT FURTHER REGULATING TOWN MEETING VACANCIES IN THE TOWN OF BURLINGTON,H4708,api,2009,yes,,,,https://malegislature.gov/Laws/SessionLaws/Acts/2024/Chapter288
2024,Acts,289,289,AN ACT FURTHER REGULATING VACANCIES IN THE OFFICE OF TOWN MANAGER IN THE TOWN OF ARLINGTON,H4026,api,1538,yes,,,,https://malegislature.gov/Laws/SessionLaws/Acts/2024/Chapter289
2024,Acts,290,290,AN ACT AUTHORIZING THE TOWN OF ROWE TO CONTINUE THE EMPLOYMENT OF DENNIS ANNEAR AS AN ON-CALL FIREFIGHTER,H3989,api,983,yes,,,,https://malegislature.gov/Laws/SessionLaws/Acts/2024/Chapter290
2024,Acts,291,291,AN ACT AUTHORIZING THE TOWN OF RAYNHAM TO APPOINT RETIRED POLICE OFFICERS AS SPECIAL POLICE OFFICERS,S2983,api,3577,yes,,,,https://malegislature.gov/Laws/SessionLaws/Acts/2024/Chapter291
2024,Acts,292,292,AN ACT DESIGNATING A CERTAIN BRIDGE AS THE LIEUTENANT DAVID S. CUTLER MEMORIAL BRIDGE,H4108,api,1172,yes,,,,https://malegislature.gov/Laws/SessionLaws/Acts/2024/Chapter292
2024,Acts,293,293,AN ACT PROVIDING FOR THE ANNUAL ELECTION OF MEMBERS OF THE SPENCER EAST BROOKFIELD REGIONAL SCHOOL COMMITTEE,S421,api,1590,yes,,,,https://malegislature.gov/Laws/SessionLaws/Acts/2024/Chapter293
2024,Acts,294,294,AN ACT PROVIDING FOR RECALL ELECTIONS IN THE TOWN OF GRANBY,S2444,api,7026,yes,,,,https://malegislature.gov/Laws/SessionLaws/Acts/2024/Chapter294
2024,Acts,295,295,AN ACT AUTHORIZING THE SELECT BOARD OF THE TOWN OF PROVINCETOWN TO ESTABLISH A SCHEDULE OF FINES FOR PARKING VIOLATIONS,S2978,api,1261,yes,,,,https://malegislature.gov/Laws/SessionLaws/Acts/2024/Chapter295
2024,Acts,296,296,AN ACT AMENDING THE CHARTER OF THE TOWN OF PROVINCETOWN,H4091,api,784,yes,,,,https://malegislature.gov/Laws/SessionLaws/Acts/2024/Chapter296
2024,Acts,297,297,AN ACT FURTHER REGULATING THE RESIDENTIAL TAX EXEMPTION IN THE TOWN OF PROVINCETOWN,S2465,api,773,yes,,,,https://malegislature.gov/Laws/SessionLaws/Acts/2024/Chapter297
2024,Acts,298,298,AN ACT AUTHORIZING THE CITY OF EVERETT TO GRANT 2 ADDITIONAL LICENSES FOR THE SALE OF ALL ALCOHOLIC BEVERAGES NOT BE DRUNK ON THE PREMISES AND 1 ADDITIONAL LICENSE FOR THE SALE OF WINE AND MALT BEVERAGES NOT TO BE DRUNK ON THE PREMISES,S2471,api,3517,yes,,,,https://malegislature.gov/Laws/SessionLaws/Acts/2024/Chapter298
2024,Acts,299,299,AN ACT AMENDING THE CHARTER OF THE TOWN OF GRAFTON RELATIVE TO APPOINTMENTS BY THE SELECT BOARD AND THE TOWN ADMINISTRATOR AND THE REFERENCE TO THE TOWN’S WEBSITE,H4682,api,1640,yes,,,,https://malegislature.gov/Laws/SessionLaws/Acts/2024/Chapter299
2024,Acts,300,300,AN ACT AMENDING THE CHARTER OF THE TOWN OF GRAFTON RELATIVE TO THE TOWN CLERK,H4684,api,2272,yes,,,,https://malegislature.gov/Laws/SessionLaws/Acts/2024/Chapter300
2024,Acts,301,301,AN ACT AMENDING THE CHARTER OF THE TOWN OF GRAFTON RELATIVE TO THE SCHOOL COMMITTEE AND THE GRAFTON HOUSING AUTHORITY,H4683,api,924,yes,,,,https://malegislature.gov/Laws/SessionLaws/Acts/2024/Chapter301
2024,Acts,302,302,AN ACT AMENDING THE CHARTER OF THE TOWN OF GRAFTON RELATIVE TO TRANSITIONAL PROVISIONS,H4685,api,424,yes,,,,https://malegislature.gov/Laws/SessionLaws/Acts/2024/Chapter302
2024,Acts,303,303,AN ACT AUTHORIZING CHRISTINA RODRIGUEZ TO TAKE THE CIVIL SERVICE EXAMINATION FOR THE POSITION OF FIREFIGHTER IN THE CITY OF HAVERHILL NOTWITHSTANDING THE MAXIMUM AGE REQUIREMENT,H4859,api,656,yes,,,,https://malegislature.gov/Laws/SessionLaws/Acts/2024/Chapter303
2024,Acts,304,304,AN ACT AUTHORIZING GUSTAVO ROMERO TO TAKE THE CIVIL SERVICE EXAMINATION FOR THE POSITION OF POLICE OFFICER IN THE CITY OF HAVERHILL NOTWITHSTANDING THE MAXIMUM AGE REQUIREMENT,H4860,api,657,yes,,,,https://malegislature.gov/Laws/SessionLaws/Acts/2024/Chapter304
2024,Acts,305,305,AN ACT AUTHORIZING BRIAN DACEY TO TAKE THE CIVIL SERVICE EXAMINATION FOR THE POSITION OF POLICE OFFICER IN THE CITY OF HAVERHILL NOTWITHSTANDING THE MAXIMUM AGE REQUIREMENT,H4950,api,323,yes,,,,https://malegislature.gov/Laws/SessionLaws/Acts/2024/Chapter305
2024,Acts,306,306,AN ACT AUTHORIZING DANTE PERELLA TO TAKE THE CIVIL SERVICE EXAMINATION FOR THE POSITION OF POLICE OFFICER IN THE CITY OF HAVERHILL NOTWITHSTANDING THE MAXIMUM AGE REQUIREMENT,H4951,api,657,yes,,,,https://malegislature.gov/Laws/SessionLaws/Acts/2024/Chapter306
2024,Acts,307,307,AN ACT AUTHORIZING JASON RESTITUYO TO TAKE THE CIVIL SERVICE EXAMINATION FOR THE POSITION OF POLICE OFFICER IN THE CITY OF HAVERHILL NOTWITHSTANDING THE MAXIMUM AGE REQUIREMENT,H4952,api,658,yes,,,,https://malegislature.gov/Laws/SessionLaws/Acts/2024/Chapter307
2024,Acts,308,308,"AN ACT AUTHORIZING MICHAEL E. JARVIS, JR. TO TAKE THE CIVIL SERVICE EXAMINATION FOR THE POSITION OF FIREFIGHTER IN THE CITY OF HAVERHILL NOTWITHSTANDING THE MAXIMUM AGE REQUIREMENT",H4953,api,657,yes,,,,https://malegislature.gov/Laws/SessionLaws/Acts/2024/Chapter308
2024,Acts,309,309,AN ACT AUTHORIZING DAVE MICHIENZI TO TAKE THE CIVIL SERVICE EXAMINATION FOR THE POSITION OF FIREFIGHTER IN THE CITY OF HAVERHILL NOTWITHSTANDING THE MAXIMUM AGE REQUIREMENT,H5061,api,649,yes,,,,https://malegislature.gov/Laws/SessionLaws/Acts/2024/Chapter309
2024,Acts,310,310,"AN ACT ESTABLISHING A SICK LEAVE BANK FOR DANIEL MCKIM, AN EMPLOYEE OF WORCESTER COUNTY SHERIFF’S OFFICE",H5116,api,1168,yes,,,,https://malegislature.gov/Laws/SessionLaws/Acts/2024/Chapter310
2024,Acts,311,311,"AN ACT DESIGNATING THE STATE PUBLIC HEALTH LABORATORY CAMPUS AS THE DOCTOR ALFRED DEMARIA, JR. CAMPUS",H5063,api,1301,yes,,,,https://malegislature.gov/Laws/SessionLaws/Acts/2024/Chapter311
2024,Acts,312,312,AN ACT RELATIVE TO THE REGULATION OF MONEY TRANSMISSION BY THE DIVISION OF BANKS,H4840,api,144636,yes,,record_nondisclosure:4,"behalf of or for the use of the commissioner, financial statements, balance sheets and authorized delegate information, shall be confidential and privileged, shall not be subject to subpoena and shall not be a public record under chapter 66. For the purpose of",https://malegislature.gov/Laws/SessionLaws/Acts/2024/Chapter312
2024,Acts,313,313,AN ACT RELATIVE TO COMMERCIAL DRIVER'S LICENSES,,chapter_page,1645,yes,,,,https://malegislature.gov/Laws/SessionLaws/Acts/2024/Chapter313
2024,Acts,314,314,AN ACT FURTHER REGULATING THE LAWRENCE SCHOOL COMMITTEE,H5098,api,3632,yes,,,,https://malegislature.gov/Laws/SessionLaws/Acts/2024/Chapter314
2024,Acts,315,315,AN ACT RELATIVE TO A CERTAIN LICENSE FOR THE SALE OF ALL ALCOHOLIC BEVERAGES NOT TO BE DRUNK ON THE PREMISES IN THE TOWN OF ROCHESTER,S2714,api,700,yes,,,,https://malegislature.gov/Laws/SessionLaws/Acts/2024/Chapter315
2024,Acts,316,316,AN ACT FURTHER REGULATING A CERTAIN ALCOHOLIC BEVERAGE LICENSE IN THE TOWN OF SOUTHAMPTON,H5079,api,402,yes,,,,https://malegislature.gov/Laws/SessionLaws/Acts/2024/Chapter316
2024,Acts,317,317,AN ACT AUTHORIZING THE TOWN OF FAIRHAVEN TO GRANT AN ADDITIONAL LICENSE FOR THE SALE OF ALL ALCOHOLIC BEVERAGES TO BE DRUNK ON THE PREMISES,H4992,api,2547,yes,,,,https://malegislature.gov/Laws/SessionLaws/Acts/2024/Chapter317
2024,Acts,318,318,AN ACT AUTHORIZING THE TOWN OF WRENTHAM TO GRANT 7 ADDITIONAL LICENSES FOR THE SALE OF ALL ALCOHOLIC BEVERAGES TO BE DRUNK ON THE PREMISES,,chapter_page,3406,yes,,,,https://malegislature.gov/Laws/SessionLaws/Acts/2024/Chapter318
2024,Acts,319,319,AN ACT EXTENDING THE TIME FOR THE ISSUANCE OF ALCOHOLIC BEVERAGE LICENSES IN THE TOWN OF BURLINGTON,,chapter_page,475,yes,,,,https://malegislature.gov/Laws/SessionLaws/Acts/2024/Chapter319
2024,Acts,320,320,AN ACT AUTHORIZING THE CITY OF REVERE TO GRANT 2 ADDITIONAL LICENSES FOR THE SALE OF ALL ALCOHOLIC BEVERAGES NOT TO BE DRUNK ON THE PREMISES,,chapter_page,2682,yes,,,,https://malegislature.gov/Laws/SessionLaws/Acts/2024/Chapter320
2024,Acts,321,321,AN ACT AUTHORIZING THE TOWN OF HOLLISTON TO GRANT AN ADDITIONAL LICENSE FOR THE SALE OF ALL ALCOHOLIC BEVERAGES NOT TO BE DRUNK ON THE PREMISES,H4867,api,2328,yes,,,,https://malegislature.gov/Laws/SessionLaws/Acts/2024/Chapter321
2024,Acts,322,322,AN ACT AUTHORIZING THE TOWN OF TYNGSBOROUGH TO GRANT 3 ADDITIONAL LICENSES FOR THE SALE OF ALL ALCOHOLIC BEVERAGES TO BE DRUNK ON THE PREMISES,H5094,api,3065,yes,,,,https://malegislature.gov/Laws/SessionLaws/Acts/2024/Chapter322
2024,Acts,323,323,AN ACT AUTHORIZING THE TOWN OF UXBRIDGE TO GRANT 2 ADDITIONAL LICENSES FOR THE SALE OF ALL ALCOHOLIC BEVERAGES TO BE DRUNK OFF THE PREMISES,H5096,api,2057,yes,,,,https://malegislature.gov/Laws/SessionLaws/Acts/2024/Chapter323
2024,Acts,324,324,AN ACT AUTHORIZING THE TOWN OF SHERBORN TO GRANT AN ADDITIONAL LICENSE FOR THE SALE OF ALL ALCOHOLIC BEVERAGES NOT TO BE DRUNK ON THE PREMISES,,chapter_page,2292,yes,,,,https://malegislature.gov/Laws/SessionLaws/Acts/2024/Chapter324
2024,Acts,325,325,AN ACT AUTHORIZING THE CITY OF SALEM TO CONVERT A LICENSE FOR THE SALE OF WINE AND MALT BEVERAGES TO BE DRUNK ON THE PREMISES TO A ANNUAL LICENSE FOR THE SALE OF ALL ALCOHOLIC BEVERAGES TO BE DRUNK ON THE PREMISES,,chapter_page,1370,yes,,,,https://malegislature.gov/Laws/SessionLaws/Acts/2024/Chapter325
2024,Acts,326,326,AN ACT AUTHORIZING THE TOWN OF CLINTON TO GRANT 6 ADDITIONAL LICENSES FOR THE SALE OF ALL ALCOHOLIC BEVERAGES TO BE DRUNK ON THE PREMISES,H5140,api,2617,yes,,,,https://malegislature.gov/Laws/SessionLaws/Acts/2024/Chapter326
2024,Acts,327,327,AN ACT AUTHORIZING THE TOWN OF SANDWICH TO GRANT ADDITIONAL LICENSES FOR THE SALE OF ALCOHOLIC BEVERAGES TO BE DRUNK ON THE PREMISES,S2985,api,3091,yes,,,,https://malegislature.gov/Laws/SessionLaws/Acts/2024/Chapter327
2024,Acts,328,328,AN ACT AUTHORIZING THE TOWN OF TOPSFIELD TO GRANT LICENSES FOR THE SALE OF ALL ALCOHOLIC BEVERAGES TO BE DRUNK ON THE PREMISES,S3014,api,1018,yes,,,,https://malegislature.gov/Laws/SessionLaws/Acts/2024/Chapter328
2024,Acts,329,329,AN ACT AUTHORIZING THE TOWN OF HOPKINTON TO ESTABLISH A MEANS-TESTED SENIOR CITIZEN PROPERTY TAX EXEMPTION FOR SCHOOL BUILDING CONSTRUCTION PROJECTS,,chapter_page,3716,yes,,,,https://malegislature.gov/Laws/SessionLaws/Acts/2024/Chapter329
2024,Acts,330,330,AN ACT ALLOWING THE TOWN OF WILLIAMSTOWN TO REDUCE THE REQUISITE AGE OF ELIGIBILITY FOR SENIOR PROPERTY TAX EXEMPTION,H5005,api,442,yes,,,,https://malegislature.gov/Laws/SessionLaws/Acts/2024/Chapter330
2024,Acts,331,331,AN ACT DIRECTING THE CITY OF BOSTON POLICE DEPARTMENT TO WAIVE THE MAXIMUM AGE REQUIREMENT FOR POLICE OFFICERS FOR ELSIE BARBOSA,H4932,api,684,yes,,,,https://malegislature.gov/Laws/SessionLaws/Acts/2024/Chapter331
2024,Acts,332,332,AN ACT FURTHER REGULATING MEANS-TESTED SENIOR CITIZEN PROPERTY TAX EXEMPTIONS IN THE TOWN OF WESTFORD,H4920,api,1118,yes,,,,https://malegislature.gov/Laws/SessionLaws/Acts/2024/Chapter332
2024,Acts,333,333,AN ACT AUTHORIZING THE TOWN OF LUNENBURG TO ESTABLISH A MEANS TESTED SENIOR CITIZEN PROPERTY TAX EXEMPTION,H3911,api,4471,yes,,,,https://malegislature.gov/Laws/SessionLaws/Acts/2024/Chapter333
2024,Acts,334,334,AN ACT ESTABLISHING A MEANS-TESTED SENIOR PROPERTY TAX EXEMPTION IN THE TOWN OF WILLIAMSTOWN,,chapter_page,4751,yes,,,,https://malegislature.gov/Laws/SessionLaws/Acts/2024/Chapter334
2024,Acts,335,335,AN ACT AMENDING THE CHARTER OF THE CITY KNOWN AS THE TOWN OF SOUTHBRIDGE,S2943,api,61728,yes,,,,https://malegislature.gov/Laws/SessionLaws/Acts/2024/Chapter335
2024,Acts,336,336,AN ACT AMENDING THE CHARTER OF THE TOWN OF PROVINCETOWN,S2745,api,926,yes,,,,https://malegislature.gov/Laws/SessionLaws/Acts/2024/Chapter336
2024,Acts,337,337,AN ACT ESTABLISHING A MINIMUM YEARS OF SERVICE REQUIREMENT FOR A CIVIL SERVICE PROMOTION TO THE POSITION OF FIRE LIEUTENANT IN THE TOWN OF MILFORD,H4782,api,963,yes,,,,https://malegislature.gov/Laws/SessionLaws/Acts/2024/Chapter337
2024,Acts,338,338,AN ACT AUTHORIZING RAISING THE MAXIMUM RETIREMENT AGE OF SPECIAL POLICE OFFICERS IN THE CITY OF METHUEN TO 70 YEARS OLD,H4895,api,1405,yes,,,,https://malegislature.gov/Laws/SessionLaws/Acts/2024/Chapter338
2024,Acts,339,339,AN ACT AUTHORIZING THE TOWN OF MILFORD TO CONTINUE LIMITED EMPLOYMENT OF CERTAIN POLICE OFFICERS ON SUPERANNUATION RETIREMENT,,chapter_page,1671,yes,,,,https://malegislature.gov/Laws/SessionLaws/Acts/2024/Chapter339
2024,Acts,340,340,AN ACT AUTHORIZING THE APPOINTMENT OF RETIRED POLICE OFFICERS IN THE TOWN OF STERLING TO SERVE AS SPECIAL POLICE OFFICERS,H5025,api,4178,yes,,,,https://malegislature.gov/Laws/SessionLaws/Acts/2024/Chapter340
2024,Acts,341,341,AN ACT PROVIDING FOR THE TERMS OF CERTAIN BONDS TO BE ISSUED BY THE COMMONWEALTH,H5142,api,1340,yes,,,,https://malegislature.gov/Laws/SessionLaws/Acts/2024/Chapter341
2024,Acts,342,342,"AN ACT RELATIVE TO PHARMACEUTICAL ACCESS, COSTS AND TRANSPARENCY",S3012,api,80014,yes,,record_nondisclosure:3,"t-sharing and other utilization management techniques employed by payers; provided, however, that any confidential data shall not be a public record and shall be exempt from disclosure pursuant to clause Twenty-sixth of section 7 of chapter 4 and section 10 of chapter",https://malegislature.gov/Laws/SessionLaws/Acts/2024/Chapter342
2024,Acts,343,343,AN ACT ENHANCING THE MARKET REVIEW PROCESS,H5159,api,118886,yes,,personal_information:1;privacy_generic:3;record_nondisclosure:2,"tity in the commonwealth that collects or maintains patient safety information may transmit such information, including personal data as defined in section 1 of chapter 66A, and shall transmit such information to the Lehman center upon request from the",https://malegislature.gov/Laws/SessionLaws/Acts/2024/Chapter343
2024,Acts,344,344,AN ACT MODERNIZING TIME-SHARE EXTENSION AND TERMINATION PROCEDURES,,chapter_page,8095,yes,,,,https://malegislature.gov/Laws/SessionLaws/Acts/2024/Chapter344
2024,Acts,345,345,AN ACT PROHIBITING INHUMANE FELINE DECLAWING,S2552,api,4402,yes,,,,https://malegislature.gov/Laws/SessionLaws/Acts/2024/Chapter345
2024,Acts,346,346,AN ACT PROVIDING FOR THE HUMANE PROTECTION OF ANIMALS,S2908,api,2104,yes,,,,https://malegislature.gov/Laws/SessionLaws/Acts/2024/Chapter346
2024,Acts,347,347,AN ACT TO INCREASE ACCESS TO BLOOD DONATION,S2994,api,800,yes,,,,https://malegislature.gov/Laws/SessionLaws/Acts/2024/Chapter347
2024,Acts,348,348,AN ACT FURTHER REGULATING THE ACCEPTANCE OF CERTAIN TYPES OF IDENTIFICATION TO PURCHASE ALCOHOL,H4131,api,930,yes,,,,https://malegislature.gov/Laws/SessionLaws/Acts/2024/Chapter348
2024,Acts,349,349,AN ACT ALLOWING ELECTRONIC DELIVERY RECEIPTS FOR CERTAIN BULK SALE CUSTOMERS,H4132,api,864,yes,,,,https://malegislature.gov/Laws/SessionLaws/Acts/2024/Chapter349
2024,Acts,350,350,AN ACT RELATIVE TO BOATER SAFETY TO BE KNOWN AS THE HANSON MILONE ACT,,chapter_page,15620,yes,,,,https://malegislature.gov/Laws/SessionLaws/Acts/2024/Chapter350
2024,Acts,351,351,AN ACT ALLOWING PRINT-FREE DIGITAL LEGAL NOTICES FOR THE TOWN OF LINCOLN,H4664,api,1215,yes,,,,https://malegislature.gov/Laws/SessionLaws/Acts/2024/Chapter351
2024,Acts,352,352,AN ACT ALLOWING PRINT-FREE DIGITAL LEGAL NOTICES FOR THE TOWN OF LEXINGTON,H4650,api,2179,yes,,,,https://malegislature.gov/Laws/SessionLaws/Acts/2024/Chapter352
2024,Acts,353,353,AN ACT PROHIBITING LICENSE REVOCATION FOR STUDENT LOAN DEFAULT,H4937,api,1432,yes,,,,https://malegislature.gov/Laws/SessionLaws/Acts/2024/Chapter353
2024,Acts,354,354,AN ACT AUTHORIZING THE TOWN OF DRACUT TO ADOPT ALTERNATIVE METHODS FOR NOTICE OF PUBLIC HEARINGS,H4430,api,750,yes,,,,https://malegislature.gov/Laws/SessionLaws/Acts/2024/Chapter354
2024,Acts,355,355,AN ACT AUTHORIZING THE CITY KNOWN AS THE TOWN OF FRANKLIN TO UTILIZE ALTERNATIVE METHODS FOR NOTICE OF PUBLIC HEARINGS,H2108,api,922,yes,,,,https://malegislature.gov/Laws/SessionLaws/Acts/2024/Chapter355
2024,Acts,356,356,AN ACT AUTHORIZING PRINT-FREE DIGITAL LEGAL NOTICES IN THE TOWN OF ARLINGTON,H4027,api,2337,yes,,,,https://malegislature.gov/Laws/SessionLaws/Acts/2024/Chapter356
2024,Acts,357,357,AN ACT AUTHORIZING THE TOWN OF SHARON TO ADOPT ALTERNATIVE METHODS FOR NOTICE OF PUBLIC HEARINGS,H4857,api,989,yes,,,,https://malegislature.gov/Laws/SessionLaws/Acts/2024/Chapter357
2024,Acts,358,358,AN ACT AUTHORIZING THE TOWN OF BEDFORD TO ADOPT ALTERNATIVE METHODS FOR NOTICE OF PUBLIC HEARINGS,H2062,api,858,yes,,,,https://malegislature.gov/Laws/SessionLaws/Acts/2024/Chapter358
2024,Acts,359,359,AN ACT FURTHER AUTHORIZING THE TOWN OF LEICESTER TO CONTINUE THE EMPLOYMENT OF KENNETH M. ANTANAVICA,H4652,api,969,yes,,,,https://malegislature.gov/Laws/SessionLaws/Acts/2024/Chapter359
2024,Acts,360,360,AN ACT INCREASING THE MAXIMUM AMOUNT OF PENALTIES WHICH MAY BE IMPOSED FOR VIOLATIONS OF ORDINANCES IN THE CITY OF BOSTON,H4507,api,1379,yes,,,,https://malegislature.gov/Laws/SessionLaws/Acts/2024/Chapter360
2024,Acts,361,361,AN ACT AUTHORIZING THE TOWN OF ACUSHNET TO CONTINUE THE EMPLOYMENT OF CALL DEPUTY FIRE CHIEF DAVID MAKUCH,H5121,api,1294,yes,,,,https://malegislature.gov/Laws/SessionLaws/Acts/2024/Chapter361
2024,Acts,362,362,AN ACT RELATIVE TO CHANGING THE NAME OF SALISBURY BEACH STATE RESERVATION,S2701,api,917,yes,,,,https://malegislature.gov/Laws/SessionLaws/Acts/2024/Chapter362
2024,Acts,363,363,AN ACT RELATIVE TO BUS LANE ENFORCEMENT,S2884,api,19065,yes,,personal_information:1;record_nondisclosure:1,"fficial Edition, is hereby amended by inserting after subclause (v) the following subclause:- (w) photographs and other personal identifying information collected under chapter 90K. SECTION 2. Chapter 89 of the General Laws is hereby amended by inserting after section 4D",https://malegislature.gov/Laws/SessionLaws/Acts/2024/Chapter363
2024,Acts,364,364,AN ACT CHANGING THE NAME OF THE MOHAWK TRAIL WOODLANDS PARTNERSHIP TO THE WOODLANDS PARTNERSHIP OF NORTHWEST MASSACHUSETTS,S2993,api,1217,yes,,,,https://malegislature.gov/Laws/SessionLaws/Acts/2024/Chapter364
2024,Acts,365,365,AN ACT DESIGNATING A PORTION OF STATE HIGHWAY ROUTE 28 IN THE TOWN OF HARWICH AS THE ALPHONSO PALMER ROGERS HIGHWAY,,chapter_page,704,yes,,,,https://malegislature.gov/Laws/SessionLaws/Acts/2024/Chapter365
2024,Acts,366,366,AN ACT DESIGNATING A CERTAIN BRIDGE IN THE TOWN OF HARWICH AS THE UNITED STATES ARMY PRIVATE FIRST CLASS JOSEPH C. BLUTE MEMORIAL BRIDGE,H4485,api,809,yes,,,,https://malegislature.gov/Laws/SessionLaws/Acts/2024/Chapter366
2024,Acts,367,367,AN ACT FURTHER REGULATING THE FILLING OF VACANCIES IN THE OFFICE OF MAYOR OF THE CITY OF REVERE,H4551,api,2429,yes,,,,https://malegislature.gov/Laws/SessionLaws/Acts/2024/Chapter367
2024,Acts,368,368,AN ACT EXEMPTING THE EXPANSION OF A BRANCH OF THE BOSTON PUBLIC LIBRARY WITHIN AN AFFORDABLE HOUSING DEVELOPMENT IN THE WEST END SECTION OF THE CITY OF BOSTON FROM PUBLIC PROCUREMENT LAWS,H4880,api,1250,yes,,,,https://malegislature.gov/Laws/SessionLaws/Acts/2024/Chapter368
2024,Acts,369,369,AN ACT ESTABLISHING THE POSITION OF APPOINTED TOWN CLERK IN THE TOWN OF WESTMINSTER,H4875,api,1128,yes,,,,https://malegislature.gov/Laws/SessionLaws/Acts/2024/Chapter369
2024,Acts,370,370,AN ACT EXEMPTING THE REDEVELOPMENT OF CERTAIN AFFORDABLE HOUSING IN THE TOWN OF WESTBOROUGH FROM PUBLIC PROCUREMENT LAWS,H4679,api,2000,yes,,,,https://malegislature.gov/Laws/SessionLaws/Acts/2024/Chapter370
2024,Acts,371,371,AN ACT DESIGNATING FEBRUARY 4 AS ROSA PARKS DAY,,chapter_page,786,yes,,,,https://malegislature.gov/Laws/SessionLaws/Acts/2024/Chapter371
2024,Acts,372,372,AN ACT RELATIVE FURTHER REGULATING RECALL ELECTIONS IN THE TOWN OF NORTH BROOKFIELD,H4272,api,1192,yes,,,,https://malegislature.gov/Laws/SessionLaws/Acts/2024/Chapter372
2024,Acts,373,373,AN ACT AUTHORIZING THE TRANSFER OF REAL PROPERTY FROM THE SILVER LAKE REGIONAL SCHOOL DISTRICT TO THE TOWN OF KINGSTON,,chapter_page,756,yes,,,,https://malegislature.gov/Laws/SessionLaws/Acts/2024/Chapter373
2024,Acts,374,374,AN ACT AMENDING THE CHARTER OF THE TOWN OF MARSHFIELD TO MAKE REFERENCES TO THE BOARD OF SELECTMEN GENDER NEUTRAL,S2715,api,6263,yes,,,,https://malegislature.gov/Laws/SessionLaws/Acts/2024/Chapter374
2024,Acts,375,375,AN ACT FURTHER REGULATING THE NANTUCKET SEWER COMMISSION,S2436,api,697,yes,,,,https://malegislature.gov/Laws/SessionLaws/Acts/2024/Chapter375
2024,Acts,376,376,AN ACT FURTHER REGULATING THE PROVISION OF HEALTH INSURANCE AND OTHER BENEFITS IN THE TOWN OF CARVER,S2870,api,377,yes,,,,https://malegislature.gov/Laws/SessionLaws/Acts/2024/Chapter376
2024,Acts,377,377,AN ACT FURTHER REGULATING THE REGULAR COMPENSATION OF CERTAIN ACTIVE AND RETIRED EMPLOYEES OF THE CITY OF FITCHBURG,H3864,api,2485,yes,,,,https://malegislature.gov/Laws/SessionLaws/Acts/2024/Chapter377
2024,Acts,378,378,AN ACT ESTABLISHING A SURCHARGE ON SPECIFIC COMMERCIAL DEVELOPMENT ACTIVITIES FOR THE PURPOSE OF FUNDING THE CREATION OF COMMUNITY HOUSING,,chapter_page,3838,yes,,,,https://malegislature.gov/Laws/SessionLaws/Acts/2024/Chapter378
2024,Acts,379,379,AN ACT AUTHORIZING THE TOWN OF WEST BROOKFIELD TO CONTINUE THE EMPLOYMENT OF DANIEL SANTOS AS DEPUTY FIRE CHIEF,,chapter_page,1315,yes,,,,https://malegislature.gov/Laws/SessionLaws/Acts/2024/Chapter379
2024,Acts,380,380,AN ACT AUTHORIZING THE TOWN OF WEST BROOKFIELD TO CONTINUE THE EMPLOYMENT OF GEORGE KENNETH COLLETTE,,chapter_page,1538,yes,,,,https://malegislature.gov/Laws/SessionLaws/Acts/2024/Chapter380
2024,Acts,381,381,AN ACT FURTHER REGULATING THE RESIDENCY REQUIREMENTS FOR THE TOWN MANAGER OF THE TOWN OF LENOX,H5028,api,416,yes,,,,https://malegislature.gov/Laws/SessionLaws/Acts/2024/Chapter381
2024,Acts,382,382,AN ACT RESTRUCTURING THE DEPARTMENT OF PUBLIC WORKS AND RE-ESTABLISHING THE POSITION OF TREE WARDEN IN THE TOWN OF SOUTHBOROUGH,H5010,api,2250,yes,,,,https://malegislature.gov/Laws/SessionLaws/Acts/2024/Chapter382
2024,Acts,383,383,AN ACT PROVIDING FOR THE RECALL OF ELECTED OFFICIALS IN THE TOWN OF WILLIAMSTOWN,H5002,api,5274,yes,,,,https://malegislature.gov/Laws/SessionLaws/Acts/2024/Chapter383
2024,Acts,384,384,AN ACT AUTHORIZING THE DUDLEY-CHARLTON REGIONAL SCHOOL DISTRICT TO CONVEY CERTAIN LAND TO THE TOWN OF CHARLTON,H5091,api,1374,yes,,,,https://malegislature.gov/Laws/SessionLaws/Acts/2024/Chapter384
2024,Acts,385,385,AN ACT AMENDING THE CHARTER OF THE TOWN OF SCITUATE,H4559,api,58794,yes,,,,https://malegislature.gov/Laws/SessionLaws/Acts/2024/Chapter385
2024,Acts,386,386,AN ACT MAKING CERTAIN CORRECTIVE CHANGES TO THE CHARTER OF THE TOWN OF HOPKINTON,,chapter_page,672,yes,,,,https://malegislature.gov/Laws/SessionLaws/Acts/2024/Chapter386
2024,Acts,387,387,"AN ACT FURTHER REGULATING CITY EMPLOYMENT AND CANDIDACY IN THE OFFICES OF MAYOR, CITY COUNCILLOR-AT-LARGE, WARD COUNCILLOR AND SCHOOL COMMITTEE OF THE CITY OF REVERE",H4638,api,500,yes,,,,https://malegislature.gov/Laws/SessionLaws/Acts/2024/Chapter387
2024,Acts,388,388,AN ACT RELATIVE TO APPLIED BEHAVIORAL ANALYSIS THERAPY,S2970,api,4126,yes,,,,https://malegislature.gov/Laws/SessionLaws/Acts/2024/Chapter388
2024,Acts,389,389,AN ACT TO MODERNIZE THE MASSACHUSETTS INSURER’S INSOLVENCY FUND,H4772,api,46336,yes,,data_privacy:1;privacy_generic:1,"t, written on a direct, admitted basis, providing indemnity for losses or loss mitigation arising out of or relating to data privacy breaches, unauthorized information network security intrusions, computer viruses, ransomware, cyber extortion, identity",https://malegislature.gov/Laws/SessionLaws/Acts/2024/Chapter389
2024,Acts,390,390,AN ACT RELATIVE TO THE TRANSPORTATION OF VESSELS,H5151,api,787,yes,,,,https://malegislature.gov/Laws/SessionLaws/Acts/2024/Chapter390
2024,Acts,391,391,AN ACT RELATIVE TO THE CHARTER OF THE TOWN OF WRENTHAM,H4237,api,75949,yes,,,,https://malegislature.gov/Laws/SessionLaws/Acts/2024/Chapter391
2024,Acts,392,392,AN ACT RENAMING THE EXECUTIVE OFFICE OF ELDER AFFAIRS TO THE EXECUTIVE OFFICE OF AGING AND INDEPENDENCE,S3006,api,35164,yes,,,,https://malegislature.gov/Laws/SessionLaws/Acts/2024/Chapter392
2024,Acts,393,393,AN ACT DESIGNATING THE RUMNEY MARSH RESERVATION AREA OF CRITICAL ENVIRONMENTAL CONCERN AS THE JOSEPH T. JAMES AREA OF CRITICAL ENVIRONMENTAL CONCERN,,chapter_page,761,yes,,,,https://malegislature.gov/Laws/SessionLaws/Acts/2024/Chapter393
2024,Acts,394,394,AN ACT RELATIVE TO DENTAL HYGIENIST RECIPROCAL LICENSURE,,chapter_page,1903,yes,,,,https://malegislature.gov/Laws/SessionLaws/Acts/2024/Chapter394
2024,Acts,395,395,AN ACT RELATIVE TO CERTAIN LOANS BY THE FEDERAL HOME LOAN BANK,,chapter_page,5956,yes,,,,https://malegislature.gov/Laws/SessionLaws/Acts/2024/Chapter395
2024,Acts,396,396,AN ACT AMENDING THE CHARTER OF THE TOWN OF SAUGUS,,chapter_page,805,yes,,,,https://malegislature.gov/Laws/SessionLaws/Acts/2024/Chapter396
2024,Acts,397,397,AN ACT AMENDING THE CHARTER OF THE TOWN OF WILLIAMSTOWN,,chapter_page,5028,yes,,,,https://malegislature.gov/Laws/SessionLaws/Acts/2024/Chapter397
2024,Acts,398,398,AN ACT AUTHORIZING THE APPOINTMENT OF SPECIAL POLICE OFFICERS IN THE TOWN OF MAYNARD,,chapter_page,6742,yes,,,,https://malegislature.gov/Laws/SessionLaws/Acts/2024/Chapter398
2024,Acts,399,399,AN ACT CONCERNING THE SAFETY OF SCHOOL CHILDREN EMBARKING AND DISEMBARKING SCHOOL BUSES,,chapter_page,12967,yes,,,,https://malegislature.gov/Laws/SessionLaws/Acts/2024/Chapter399
2024,Acts,400,400,AN ACT AMENDING THE CHARTER OF THE TOWN OF BELLINGHAM,,chapter_page,61846,yes,,,,https://malegislature.gov/Laws/SessionLaws/Acts/2024/Chapter400
2024,Acts,401,401,AN ACT AMENDING THE CHARTER OF THE TOWN OF WILLIAMSTOWN,,chapter_page,3584,yes,,,,https://malegislature.gov/Laws/SessionLaws/Acts/2024/Chapter401
2024,Acts,402,402,AN ACT DIRECTING THE CITY OF BOSTON POLICE DEPARTMENT TO WAIVE THE MAXIMUM AGE REQUIREMENT FOR POLICE OFFICERS FOR ALEX GUZMAN,,chapter_page,658,yes,,,,https://malegislature.gov/Laws/SessionLaws/Acts/2024/Chapter402
2024,Acts,403,403,AN ACT AUTHORIZING GABRIEL ROSA TO TAKE THE CIVIL SERVICE EXAMINATION FOR THE POSITION OF POLICE OFFICER IN THE CITY OF HAVERHILL NOTWITHSTANDING THE MAXIMUM AGE REQUIREMENT,,chapter_page,654,yes,,,,https://malegislature.gov/Laws/SessionLaws/Acts/2024/Chapter403
2024,Acts,404,404,AN ACT AUTHORIZING JUAN JIMENEZ TO TAKE THE CIVIL SERVICE EXAMINATION FOR THE POSITION OF FIREFIGHTER IN THE CITY OF HAVERHILL NOTWITHSTANDING THE MAXIMUM AGE REQUIREMENT,,chapter_page,646,yes,,,,https://malegislature.gov/Laws/SessionLaws/Acts/2024/Chapter404
2024,Acts,405,405,AN ACT CREATING SELECT BOARD-TOWN MANAGER FORM OF GOVERNMENT IN THE TOWN OF HOLLISTON,,chapter_page,16114,yes,,,,https://malegislature.gov/Laws/SessionLaws/Acts/2024/Chapter405
2024,Acts,406,406,AN ACT AMENDING THE CHARTER OF THE CITY OF GARDNER,,chapter_page,12664,yes,,,,https://malegislature.gov/Laws/SessionLaws/Acts/2024/Chapter406
2024,Acts,407,407,AN ACT INCREASING THE MEMBERSHIP OF THE SELECT BOARD OF THE TOWN OF PAXTON,,chapter_page,3309,yes,,,,https://malegislature.gov/Laws/SessionLaws/Acts/2024/Chapter407
2024,Resolves,1,R1,RESOLVE TO ESTABLISH A COMMISSION TO INVESTIGATE AND STUDY THE FEASIBILITY OF ESTABLISHING A MASSACHUSETTS CABO VERDEAN CULTURAL CENTER,S2995,api,1915,yes,,,,https://malegislature.gov/Laws/SessionLaws/Resolves/2024/Chapter1
