bill_number,title,domain_title_terms,broad_title_terms,committee_net,fetch_status,legislation_type,text_chars,text_terms,snippet,decision,reason,note
,Worcester DA 2022 Wiretap Report,wiretap_interception,,,docket_only_no_text,,,,,exclude,EX-NOBILL,auto
,AGO 2022 Wiretap Report,wiretap_interception,,,docket_only_no_text,,,,,exclude,EX-NOBILL,auto
,Norfolk DA 2022 Wiretap Report,wiretap_interception,,,docket_only_no_text,,,,,exclude,EX-NOBILL,auto
,Middlesex DA 2022 Wiretap Report,wiretap_interception,,,docket_only_no_text,,,,,exclude,EX-NOBILL,auto
,An Act relative to student and educator data privacy,privacy;data_privacy_protection,data,,docket_only_no_text,,,,,exclude,EX-NOBILL,auto
,An Act relative to student and educator data privacy,privacy;data_privacy_protection,data,,docket_only_no_text,,,,,exclude,EX-NOBILL,auto
,Northwestern DA 2022 Wiretap Report,wiretap_interception,,,docket_only_no_text,,,,,exclude,EX-NOBILL,auto
,Essex County DA 2022 Wiretap Report,wiretap_interception,,,docket_only_no_text,,,,,exclude,EX-NOBILL,auto
,An Act relevant to the surveillance and reporting of Long COVID,surveillance,,,docket_only_no_text,,,,,exclude,EX-NOBILL,auto
,A report of the District Attorney of the Cape and Islands District (under Section 99 of Chapter 272 of the General Laws) submitting a report relative to wiretaps for calendar year 2022,wiretap_interception,,,docket_only_no_text,,,,,exclude,EX-NOBILL,auto
,A communication from the District Attorney of Essex County (see Section 99 of Chapter 272 of the General Laws) submitting a report relative to wiretaps for calendar year 2022,wiretap_interception,,,docket_only_no_text,,,,,exclude,EX-NOBILL,auto
,A report of the Middlesex District Attorney (under Section 99 of Chapter 272 of the General Laws) submitting a report relative to wiretaps for calendar year 2022,wiretap_interception,,,docket_only_no_text,,,,,exclude,EX-NOBILL,auto
,A communication from the District Attorney of Norfolk County (see Section 99 of Chapter 272 of the General Laws) submitting a report relative to wiretaps for calendar year 2022,wiretap_interception,,,docket_only_no_text,,,,,exclude,EX-NOBILL,auto
,A communication from the Northwestern District Attorney’s Office (see Section 99 of Chapter 272 of the General Laws) submitting a report relative to wiretaps for calendar year 2022,wiretap_interception,,,docket_only_no_text,,,,,exclude,EX-NOBILL,auto
,A report of the District Attorney of Worcester County (under Section 99 of Chapter 272 of the General Laws) submitting a report relative to wiretaps for calendar year 2022,wiretap_interception,,,docket_only_no_text,,,,,exclude,EX-NOBILL,auto
,A communication from the Hampden County District Attorney’s Office (see Section 99 of Chapter 272 of the General Laws) submitting a report relative to wiretaps for calendar year 2022,wiretap_interception,,,docket_only_no_text,,,,,exclude,EX-NOBILL,auto
,Special report of the Special Commission to Evaluate Government Use of Facial Recognition Technology (under Section 105 of Chapter 253 of the Acts of 2020 and most recently revived and continued by Section70 of Chapter 2 of the Acts of 2023) submitting its final report and appendices,facial_recognition,technology,,docket_only_no_text,,,,,exclude,EX-NOBILL,auto
,The annual report of the Norfolk County District Attorney’s Office (under Section 99(R) of Chapter 272 of the General Laws) submitting its report relative to wiretaps for calendar year 2023,wiretap_interception,,,docket_only_no_text,,,,,exclude,EX-NOBILL,auto
,A report of the District Attorney of Essex County (under Section 99 of Chapter 272 of the General Laws) submitting a report relative to wiretaps for calendar year 2023,wiretap_interception,,,docket_only_no_text,,,,,exclude,EX-NOBILL,auto
,A communication from the Hampden County District Attorney’s Office (see Section 99 of Chapter 272 of the General Laws) submitting a report relative to wiretaps for calendar year 2023,wiretap_interception,,,docket_only_no_text,,,,,exclude,EX-NOBILL,auto
,Annual report of wiretap interceptions for the 2023 calendar year,wiretap_interception,,,docket_only_no_text,,,,,exclude,EX-NOBILL,auto
,A communication from the District Attorney of the Cape and Islands District (see Section 99 of Chapter 272 of the General Laws) submitting a report relative to wiretaps for calendar year 2023,wiretap_interception,,,docket_only_no_text,,,,,exclude,EX-NOBILL,auto
,Worcester DA 2023 Wiretap Report,wiretap_interception,,,docket_only_no_text,,,,,exclude,EX-NOBILL,auto
,2023 Norfolk DA Wiretap Report,wiretap_interception,,,docket_only_no_text,,,,,exclude,EX-NOBILL,auto
,A report of the District Attorney of Worcester County (under Section 99 of Chapter 272 of the General Laws) submitting a report relative to wiretaps for calendar year 2023,wiretap_interception,,,docket_only_no_text,,,,,exclude,EX-NOBILL,auto
,Middlesex District Attorney 2023 Wiretap Report,wiretap_interception,,,docket_only_no_text,,,,,exclude,EX-NOBILL,auto
,Northwestern DA 2023 Wiretap Report,wiretap_interception,,,docket_only_no_text,,,,,exclude,EX-NOBILL,auto
,Modernizing information technology and enhancing cybersecurity,cybersecurity,information;technology,,docket_only_no_text,,,,,exclude,EX-NOBILL,auto
,A communication from the Northwestern District Attorney’s Office (see Section 99 of Chapter 272 of the General Laws) submitting a report relative to wiretaps for calendar year 2023,wiretap_interception,,,docket_only_no_text,,,,,exclude,EX-NOBILL,auto
,Bristol District Attorney 2023 Wiretap Report,wiretap_interception,,,docket_only_no_text,,,,,exclude,EX-NOBILL,auto
,A communication from the Bristol County District Attorney’s Office (see Section 99 of Chapter 272 of the General Laws) submitting a report relative to wiretaps for calendar year 2023,wiretap_interception,,,docket_only_no_text,,,,,exclude,EX-NOBILL,auto
H1049,An Act protecting consumers' privacy in mortgage applications,privacy,,,ok,Bill,2203,personal_information:1;consumer_privacy:1;privacy_generic:1,"e failure to clearly and conspicuously state in the initial phase of the solicitation that the solicitation is based on personal information about the consumer that was purchased, directly or indirectly, from a consumer reporting agency without the knowledge o",include,IN-TITLE,auto
H131,An Act fast-tracking adoptions for children in DCF custody,tracking,,,ok,Bill,459,,,exclude,EX-FALSEPOS,fast-tracking = expediting adoptions
H1428,An Act relative to personal information,personal_information,information,,ok,Bill,911,personal_information:2,"ss, or association shall publicly post or publicly display on the internet or make publicly available in any manner the personal information of any police officer, said police officer’s residing spouse or said police officer’s child without the consent of said",include,IN-TITLE,auto
H1442,An Act to protect the privacy of 911 callers,privacy,,,ok,Bill,1421,privacy_generic:1,"ed, except pursuant to a court order finding that the right of the public to the release of the recording outweighs the privacy interests of the individual who made the 911 call or any person involved in the facts or circumstances relating to the",include,IN-TITLE,911 recording disclosure restriction (gov-held personal info)
H1455,An Act relative to the tracking of certain electronic devices,tracking,electronic,,ok,Bill,3217,,,include,IN-TITLE,tolling data privacy; text is verbatim S209 despite the title
H1556,An Act relative to safety and privacy for elected officials,privacy,,,ok,Bill,729,,,exclude,EX-FALSEPOS,protest buffer at residences; no data provision
H1572,An Act prohibiting motor vehicle tracking devices without consent,tracking,,,ok,Bill,2552,,,include,IN-TITLE,motor vehicle tracking device consent
H1672,An Act to ensure backyard privacy,privacy,,,ok,Bill,1122,,,exclude,EX-ADJACENT,physical/video privacy of property
H1707,An Act relative to the malicious doxing of personal information,personal_information,information,,ok,Bill,5778,personal_information:9,"nt”, conduct constituting the crime of criminal harassment pursuant to section 43A of chapter 265 of the General Laws. “Personal information”, information that: (i) identifies, relates to or is reasonably capable of being associated with a specific individual",include,IN-TITLE,auto
H1722,An Act relative to wiretapping in the Commonwealth,wiretap_interception,,,ok,Bill,462,,,exclude,EX-ADJACENT,wiretap/interception statute (criminal procedure boundary)
H1728,An Act to implement the recommendations of the special commission on facial recognition technology,facial_recognition,technology,,ok,Bill,11199,biometric:12;facial_recognition:37;surveillance:7,"n this section, the following words shall, unless the context clearly requires otherwise, have the following meanings: “Biometric surveillance technology”, any computer software that performs facial recognition or other remote biometric recognition.",include,IN-TITLE,facial recognition commission recommendations
H1760,An Act to establish a DNA exception rule for victims of rape,genetic,,,ok,Bill,262,,,exclude,EX-ADJACENT,forensic DNA (criminal procedure)
H1786,An Act modernizing the Massachusetts wiretap law,wiretap_interception,,,ok,Bill,13535,personal_information:1;surveillance:2;wiretap_interception:2;privacy_generic:1,", sounds, data or intelligence of any nature transmitted in whole or in part by using a cellular telephone, smartphone, personal data assistant or similar device, but shall not include: (i) any communication made through a tone-only paging device; (ii)",exclude,EX-ADJACENT,wiretap modernization (criminal procedure boundary)
H1809,An Act prohibiting electronic tracking of motor vehicles,tracking,electronic,,ok,Bill,3460,,,include,IN-TITLE,motor vehicle electronic tracking prohibition
H1893,An Act relative to social media privacy protection,privacy;social_media,,,ok,Bill,17888,,,include,IN-TITLE,social media account privacy vs educational institutions
H1976,"An Act to improve the quality of mental health services, and rights of patients, by providing for sufficient privacy.",privacy,,,ok,Bill,1757,privacy_generic:3,"apter: 1.) An Act to improve the quality of mental health services, and rights of patients, by providing for sufficient privacy. 2.) All individuals, who present themselves, for mental health services, and/or are admitted for such services, and/or",exclude,EX-ADJACENT,mental health patient rights
H1986,Resolve relative to children’s mental health in social media,social_media,,,ok,Resolve,6157,personal_information:1;privacy_generic:3,ensure privacy in age verification; (3) data management best practices to mitigate the unauthorized access of a child’s personal information or data; and (4) tools and features that social media platforms may provide to prevent children from harm while using t,include,IN-TEXT,children's social media commission incl. data practices; marginal
H2334,"An Act relative to tracking, tracing and stopping illegal firearms",tracking,,,ok,Bill,3644,,,exclude,EX-FALSEPOS,"firearm tracing, not personal-data handling"
H2336,An Act relative to the expansion of the state DNA database,genetic,,,ok,Bill,1793,,,exclude,EX-ADJACENT,state DNA database expansion
H2342,An Act relative to lawfully owed DNA,genetic,,,ok,Bill,1478,,,exclude,EX-ADJACENT,lawfully owed DNA collection
H326,An Act to prohibit negative option sales and disclosure of financial and personal information without a consumer’s express agreement,personal_information,information,,ok,Bill,7180,personal_information:2,"eptive act or practice in violation of Chapter 93A. Section 117. Prohibited Disclosures (a) Disclosure of financial and personal information prohibited Except as otherwise expressly provided in this chapter, a financial institution, its officers, employees, ag",include,IN-TITLE,auto
H3404,An Act establishing driver privacy protections,privacy,,,ok,Bill,8209,data_privacy:1;geolocation:1;privacy_generic:1,"CTION 1. The General Laws are hereby amended by inserting after chapter 90J the following chapter:- CHAPTER 90K. DRIVER PRIVACY PROTECTIONS. Section 1. As used in this chapter, the following words shall have the following meanings unless the context clearly",include,IN-TITLE,driver data privacy protections
H3434,An Act relative to all-electronic tolling data privacy,privacy;data_privacy_protection,data;electronic,,ok,Bill,5071,geolocation:1,"er in connection with the assessment or collection of a toll, including, without limitation, GPS coordinates or vehicle location information, dates and times traveled, images, vehicle speed, and license plate numbers, existing in an any form or medium, whether",include,IN-TITLE,electronic tolling data privacy
H357,"An Act protecting reproductive health access, LGBTQ lives, religious liberty, and freedom of movement by banning the sale of cell phone location information",location_data,information,,ok,Bill,16257,data_privacy:1;geolocation:54;opt_out_privacy:1;privacy_generic:9,"ing in the 2018 Official Edition, are hereby amended by inserting after chapter 93K the following chapter: CHAPTER 93L. Privacy Protections for Location Information Derived from Electronic Devices Section 1. Definitions As used in this chapter, the following",include,IN-TITLE,location shield: geolocation data sale/disclosure limits
H377,An Act to protect patient privacy and prevent unfair and deceptive advertising of pregnancy-related services,privacy,,,ok,Bill,15090,personal_information:19;privacy_generic:2,"ssessment of a health condition. “Collect”, buying, renting, gathering, obtaining, receiving or otherwise accessing any personal information pertaining to an individual by any means, including, but not limited to, obtaining information from an individual, eith",include,IN-TITLE,auto
H4299,"Extension Order - Advanced Information Technology, the Internet and Cybersecurity",cybersecurity,information;internet;technology,,ok,Extension Order,337,,,exclude,EX-PROCEDURAL,committee extension order
H4323,An Act to protect the privacy of 911 callers,privacy,,,ok,Bill,2238,privacy_generic:1,"; or (vii) pursuant to a court order finding that the right of the public to the release of the recording outweighs the privacy interests of the caller, the victim(s), or any person involved in the facts or circumstances relating to the 911 call.",include,IN-TITLE,911 caller privacy; same subject as H1442
H4359,An Act to implement the recommendations of the special commission on facial recognition technology,facial_recognition,technology,,ok,Bill,11469,biometric:12;facial_recognition:38;surveillance:7,"n this section, the following words shall, unless the context clearly requires otherwise, have the following meanings: “Biometric surveillance technology”, any computer software that performs facial recognition or other remote biometric recognition.",include,IN-TITLE,facial recognition; same subject as H1728
H4536,"Extension Order - Advanced Information Technology, the Internet and Cybersecurity",cybersecurity,information;internet;technology,,ok,Extension Order,330,,,exclude,EX-PROCEDURAL,committee extension order
H4632,An Act establishing the Massachusetts Data Privacy Act,privacy;data_privacy_protection,data,J33,ok,Bill,96301,personal_information:11;data_privacy:5;data_broker:22;biometric:7;geolocation:56;genetic_privacy:5;sale_of_data:1;opt_out_privacy:8;privacy_generic:51,"ividual’s freely given, specific, informed, and unambiguous agreement to allow the processing of specific categories of personal information relating to the individual for a narrowly defined particular purpose after having been informed, in response to a speci",include,IN-TITLE,auto
H4836,An Act to establish a DNA exception rule for victims of rape,genetic,,,ok,Bill,1231,,,exclude,EX-ADJACENT,forensic DNA (criminal procedure)
H4844,An Act providing protections for reproductive or gender-affirming care location information,location_data,information,,ok,Bill,0,,,include,IN-TITLE,location-information protections; text in attachment (redraft)
H532,An Act relative to student and educator data privacy,privacy;data_privacy_protection,data,,ok,Bill,20604,personal_information:4;data_privacy:5;biometric:1;geolocation:1;data_protection:1;security_breach:4;privacy_generic:11,"aphs; voice recordings; and persistent unique identifiers. “De-identified data”, records and information from which all personally identifiable information has been removed or obscured such that the remaining information does not reasonably identify a specific individual, in",include,IN-TITLE,auto
H60,An Act establishing the Massachusetts information privacy and security act,privacy,information,J33,ok,Bill,109390,personal_information:246;data_privacy:8;data_broker:31;biometric:5;geolocation:5;genetic_privacy:3;sale_of_data:19;opt_out_privacy:12;security_breach:4;right_to_privacy:3;privacy_generic:48,"etina or iris scan, fingerprint, voiceprint, map or scan of hand or face geometry, vein pattern, gait pattern, or other personal information generated from the specific technical processing of an individual’s unique biological or physiological patterns or char",include,IN-TITLE,auto
H63,An Act to protect biometric information,biometric,information,J33,ok,Bill,17428,data_privacy:1;biometric:66;security_breach:1;surveillance:1;privacy_generic:8,"ing in the 2020 Official Edition, are hereby amended by inserting after chapter 93L the following chapter: CHAPTER 93M. Privacy Protections for Biometric Information Section 1. Definitions a. As used in this chapter, the following words shall, unless the con",include,IN-TITLE,auto
H655,"An Act requiring dignity, privacy, and safety for residents in nursing homes and rest homes",privacy,,,ok,Bill,2071,privacy_generic:1,"rivate room shall be defined by regulation promulgated by the department, but shall be sufficiently spacious to provide privacy for each resident, space for facility equipment, beds, supplies, television, personal item and clothing storage and sea",exclude,EX-ADJACENT,physical dignity/privacy in nursing homes
H73,An Act relative to the interception of wire and oral communications,wiretap_interception,,J33,ok,Bill,4235,surveillance:1,"violent acts, and holding these groups and individuals responsible for such acts, requires the use of modern electronic surveillance devices. Therefore, the general court finds that the use of such devices by law enforcement officials, as it relates to",exclude,EX-ADJACENT,interception of wire and oral communications
H76,An Act relative to protecting sensitive information from security breaches,data_security_breach,information,J33,ok,Bill,10015,personal_information:20;biometric:3;geolocation:5;genetic_privacy:2;security_breach:14,"provided, however, that such unauthorized acquisition or use compromises the security, confidentiality, or integrity of personal information maintained by a person or agency; and provided further, that a good faith but unauthorized acquisition of personal info",include,IN-TITLE,auto
H80,An Act relative to internet privacy rights for children,privacy,internet,J33,ok,Bill,11787,personal_information:1,"mobile application shall not knowingly use, disclose, compile, or allow a third party to use, disclose or compile, the personal information of a minor with actual knowledge that the use, disclosure or compilation is for the purpose of marketing or advertising",include,IN-COMMITTEE,children's internet privacy rights
H83,An Act to establish the Massachusetts data privacy protection act,privacy;data_privacy_protection,data,J33,ok,Bill,88425,personal_information:11;data_privacy:5;data_broker:23;biometric:9;geolocation:4;facial_recognition:2;genetic_privacy:4;sale_of_data:1;opt_out_privacy:5;surveillance:1;electronic_monitoring:26;privacy_generic:49,e is reasonably necessary to enable the third party to provide a benefit to which the consumer is entitled; the sale of personal data to third parties is clearly disclosed in the terms of the program; and the third party uses the personal data only for,include,IN-TITLE,auto
S1022,An Act to protect the privacy of 911 callers,privacy,,,ok,Bill,1372,privacy_generic:1,"ed, except pursuant to a court order finding that the right of the public to the release of the recording outweighs the privacy interests of the individual who made the 911 call or any person involved in the facts or circumstances relating to the",include,IN-TITLE,911 caller privacy companion
S1060,An Act to provide a DNA exception for statute of limitations on sex offenses,genetic,,,ok,Bill,562,,,exclude,EX-ADJACENT,forensic DNA (criminal procedure)
S1075,An Act updating the Commonwealth's wiretap statutes,wiretap_interception,,,ok,Bill,2973,surveillance:2;privacy_generic:1,"rime as described in clause 7 of paragraph B. Therefore, law enforcement officials may use modern methods of electronic surveillance, under strict judicial supervision, when investigating those specific crimes. The general court further finds that the",exclude,EX-ADJACENT,wiretap statutes update
S1093,"An Act providing a defense to prosecution for violations of the wiretap law for interceptions made to make a record of threats, harassment or other crimes",wiretap_interception,,,ok,Bill,1915,,,exclude,EX-ADJACENT,wiretap defense for police recordings
S1123,An Act relative to the tracking of medical malpractice cases,tracking,,,ok,Bill,496,,,exclude,EX-FALSEPOS,tracking of malpractice case statistics
S1128,An Act updating the wiretap statutes in the Commonwealth,wiretap_interception,,,ok,Bill,13536,personal_information:1;surveillance:2;wiretap_interception:2;privacy_generic:1,", sounds, data or intelligence of any nature transmitted in whole or in part by using a cellular telephone, smartphone, personal data assistant or similar device, but shall not include: (i) any communication made through a tone-only paging device; (ii)",exclude,EX-ADJACENT,wiretap statutes update
S1141,An Act relative to the length of wiretap warrants,wiretap_interception,,,ok,Bill,453,,,exclude,EX-ADJACENT,wiretap warrant length
S1368,An Act relative to patient identity and privacy protection in waiting rooms,privacy,,,ok,Bill,806,,,include,IN-TITLE,patient identity confidentiality in waiting rooms; marginal
S140,An Act relative to protecting biometric information under the security breach law,biometric;data_security_breach,information,,ok,Bill,762,biometric:2;genetic_privacy:1,"ring in the 2020 Official Edition, is hereby amended by inserting after the second paragraph the following paragraph:- “Biometric indicator”, any unique biological attribute or measurement that can be used to authenticate the identity of an individu",include,IN-TITLE,auto
S148,"An Act protecting reproductive health access, LGBTQ lives, religious liberty, and freedom of movement by banning the sale of cell phone location information",location_data,information,,ok,Bill,16257,data_privacy:1;geolocation:54;opt_out_privacy:1;privacy_generic:9,"ing in the 2018 Official Edition, are hereby amended by inserting after chapter 93K the following chapter: CHAPTER 93L. Privacy Protections for Location Information Derived from Electronic Devices Section 1. Definitions As used in this chapter, the following",include,IN-TITLE,location shield companion of H357
S1528,An Act permitting familial searching and partial DNA matches in investigating certain unsolved crimes,genetic,,,ok,Bill,9509,privacy_generic:1,"ict law enforcement use of any DNA records disclosed by the lab as a result of the above search steps and to ensure the privacy of any individuals who are identified by the lab as potential familial leads; and, iv) the circumstances in which out-o",exclude,EX-ADJACENT,familial DNA searching
S1551,An Act to promote transparency of facial recognition and driver's license photos,facial_recognition,,,ok,Bill,701,facial_recognition:2,"ing commonwealth investigative or law enforcement officers’ searches of driver’s license and ID photos through targeted face recognition. The notices, written information, and online information must address how officers' use and access targeted face recog",include,IN-TITLE,auto
S1554,An Act relative to lawfully owed DNA,genetic,,,ok,Bill,1331,,,exclude,EX-ADJACENT,lawfully owed DNA collection
S1587,An Act relative to the expansion of the state DNA database,genetic,,,ok,Bill,5688,,,exclude,EX-ADJACENT,state DNA database expansion
S174,An Act to protect patient privacy and prevent unfair and deceptive advertising of pregnancy-related services,privacy,,,ok,Bill,15160,personal_information:19;privacy_generic:2,"ssessment of a health condition. “Collect”, buying, renting, gathering, obtaining, receiving or otherwise accessing any personal information pertaining to an individual by any means, including, but not limited to, obtaining information from an individual, eith",include,IN-TITLE,auto
S1892,An Act taxing the mental health impacts of social media,social_media,,,ok,Bill,12142,,,exclude,EX-ADJACENT,social media excise tax
S1896,An Act to increase accountability in the sale of personal data,personal_information,data,,ok,Bill,6957,personal_information:14;biometric:1;sale_of_data:3,"foreign and domestic entities, that generates gross income of the business from selling or exchanging for consideration personal information of individuals located in the Commonwealth and has gross income attributable to the sale, or exchange for consideration",include,IN-TITLE,auto
S194,An Act to protect the privacy of lottery winners,privacy,,,ok,Bill,1082,,,include,IN-TITLE,lottery winner identity: public-record disclosure restriction
S195,An Act to protect personal biometric data,biometric,data,J33,ok,Bill,7615,personal_information:1;data_privacy:1;biometric:48;genetic_privacy:1;privacy_generic:1,"ace of entertainment, a retail store, or a food and drink establishment. ""Confidential and sensitive information"" means personal information that can be used to uniquely identify an individual or an individual's account or property. Examples of confidential an",include,IN-TITLE,auto
S209,An Act to ensure driver privacy with electronic tolling,privacy,electronic,,ok,Bill,3206,,,include,IN-TITLE,electronic tolling driver privacy
S218,An Act ensuring internet security and privacy,privacy,internet,,ok,Bill,1204,personal_information:2,"eement, or otherwise operates in the commonwealth of Massachusetts may collect, use, disclose or otherwise disseminate, personal information from a customer resulting from the customer’s use of the telecommunications or internet service provider without expres",include,IN-TITLE,auto
S227,An Act establishing the Massachusetts Information Privacy and Security Act,privacy,information,J33,ok,Bill,109390,personal_information:246;data_privacy:8;data_broker:31;biometric:5;geolocation:5;genetic_privacy:3;sale_of_data:19;opt_out_privacy:12;security_breach:4;right_to_privacy:3;privacy_generic:48,"etina or iris scan, fingerprint, voiceprint, map or scan of hand or face geometry, vein pattern, gait pattern, or other personal information generated from the specific technical processing of an individual’s unique biological or physiological patterns or char",include,IN-TITLE,auto
S25,An Act establishing the Massachusetts Data Privacy Protection Act,privacy;data_privacy_protection,data,J33,ok,Bill,90069,personal_information:11;data_privacy:5;data_broker:23;biometric:9;geolocation:4;facial_recognition:2;genetic_privacy:4;sale_of_data:1;opt_out_privacy:5;surveillance:1;electronic_monitoring:26;privacy_generic:49,reasonably necessary to enable the third party to provide a benefit to which the consumer is entitled; (ii)the sale of personal data to third parties is clearly disclosed in the terms of the program; and (iii)the third party uses the personal data only,include,IN-TITLE,auto
S2539,An Act relative to cybersecurity and artificial intelligence,cybersecurity,artificial_intelligence,J33,ok,Bill,71043,personal_information:20;biometric:3;geolocation:5;genetic_privacy:3;data_protection:1;security_breach:18;surveillance:3;privacy_generic:1,"provided, however, that such unauthorized acquisition or use compromises the security, confidentiality, or integrity of personal information maintained by a person or agency; and provided further, that a good faith but unauthorized acquisition of personal info",include,IN-TITLE,auto
S2770,An Act establishing the Massachusetts Data Privacy Act,privacy;data_privacy_protection,data,J33,ok,Bill,96447,personal_information:11;data_privacy:5;data_broker:22;biometric:7;geolocation:56;genetic_privacy:5;sale_of_data:1;opt_out_privacy:8;privacy_generic:51,"ividual’s freely given, specific, informed, and unambiguous agreement to allow the processing of specific categories of personal information relating to the individual for a narrowly defined particular purpose after having been informed, in response to a speci",include,IN-TITLE,auto
S280,An Act relative to student and educator data privacy,privacy;data_privacy_protection,data,,ok,Bill,20604,personal_information:4;data_privacy:5;biometric:1;geolocation:1;data_protection:1;security_breach:4;privacy_generic:11,"aphs; voice recordings; and persistent unique identifiers. “De-identified data”, records and information from which all personally identifiable information has been removed or obscured such that the remaining information does not reasonably identify a specific individual, in",include,IN-TITLE,auto
S2811,Enhancing Cybersecurity Protections and Response in the Commonwealth,cybersecurity,,,ok,Amendment,24471,security_breach:2,"s through analysis in an automated manner; and (3) use model inference to formulate options for information or action. “Breach of security”, shall have the same meaning as defined in section 1 of chapter 93H. “Covered Entity"", shall mean (i) any governmental",exclude,EX-ADJACENT,"state cybersecurity code; references c.93H, does not amend it"
S30,An Act relative to protecting sensitive information from security breaches,data_security_breach,information,J33,ok,Bill,10038,personal_information:20;biometric:3;geolocation:5;genetic_privacy:2;security_breach:14,"provided, however, that such unauthorized acquisition or use compromises the security, confidentiality, or integrity of personal information maintained by a person or agency; and provided further, that a good faith but unauthorized acquisition of personal info",include,IN-TITLE,auto
S36,An Act establishing a Cybersecurity Control and Review Commission,cybersecurity,,J33,ok,Bill,4390,data_protection:1,"the senate that contains recommendations to ensure the sustainability of the commonwealth’s critical infrastructure and data protection cybersecurity standards and preparedness. (g) Annually, not later than December 31, the commission shall make a condens",exclude,EX-ADJACENT,cybersecurity commission (state systems)
S560,An Act establishing tracking and reporting requirements for Massachusetts transportation fuels and associated greenhouse gas emissions,tracking,,,ok,Bill,1088,,,exclude,EX-FALSEPOS,transportation funding reporting
S927,An Act to implement the recommendations of the special commission on facial recognition technology,facial_recognition,technology,,ok,Bill,11246,biometric:12;facial_recognition:37;surveillance:7,"n this section, the following words shall, unless the context clearly requires otherwise, have the following meanings: “Biometric surveillance technology”, any computer software that performs facial recognition or other remote biometric recognition.",include,IN-TITLE,facial recognition companion
S938,An Act to protect the privacy of crime victims,privacy,,,ok,Bill,1351,,,include,IN-TITLE,crime victim compensation records confidentiality
S961,An Act strengthening identity theft laws,identity_theft,,,ok,Bill,826,,,exclude,EX-ADJACENT,identity theft criminal penalties; no data-handling rule
S971,An Act relative to the malicious doxing of personal information,personal_information,information,,ok,Bill,5793,personal_information:9,"nt”, conduct constituting the crime of criminal harassment pursuant to section 43A of chapter 265 of the General Laws. “Personal information”, information that: (i) identifies, relates to or is reasonably capable of being associated with a specific individual",include,IN-TITLE,auto
,An Act relative to access to a decedent's electronic mail accounts,,electronic,,docket_only_no_text,,,,,exclude,EX-NOBILL,auto
,An Act to promote housing data reporting,,data,,docket_only_no_text,,,,,exclude,EX-NOBILL,auto
,An Act expanding opportunities for individuals in the criminal offender record information system,,information,,docket_only_no_text,,,,,exclude,EX-NOBILL,auto
,An Act regarding death certificates online,,online,,docket_only_no_text,,,,,exclude,EX-NOBILL,auto
,An Act regarding death certificates online,,online,,docket_only_no_text,,,,,exclude,EX-NOBILL,auto
,An Act supporting the dissemination of public information on Long COVID,,information,,docket_only_no_text,,,,,exclude,EX-NOBILL,auto
,A quarterly report of the Sheriff’s Department of Plymouth County (under Section 40 of Chapter 126 of the General Laws) submitting the aggregate data on the population of the Plymouth County Correctional Facility for the fourth quarter of the calendar year 2022,,data,,docket_only_no_text,,,,,exclude,EX-NOBILL,auto
,"A communication from the Office of the Norfolk County Registry of Deeds (see Section 2KKK of Chapter 29 of the General Laws) submitting the County Registers Technology Fund fifty-first planned expenditure [copies of the communication were forwarded to the committees on Ways and Means and Post Audit and Oversight, as required by said law]",,technology,,docket_only_no_text,,,,,exclude,EX-NOBILL,auto
,A communication from the Massachusetts District Attorneys Association (see item 0340-2100 of Chapter 126 of the Acts of 2022) submitting its data from the District Attorneys relative to their criminal prosecutions and workloads for calendar year 2022,,data,,docket_only_no_text,,,,,exclude,EX-NOBILL,auto
,EOLWD Online Delivery System for UI Benefits 6th Report,,online,,docket_only_no_text,,,,,exclude,EX-NOBILL,auto
,A communication from the Massachusetts Technology Transfer Center (Mass Ventures) (see Section 45B of Chapter 75 of the General Laws) submitting the Acorn Innovation Fund Report for fiscal year 2023,,technology,,docket_only_no_text,,,,,exclude,EX-NOBILL,auto
,"A communication from the Lowell Regional Transit Authority (under Section 8(g) of Chapter 161B of the General Laws) submitting financial statements, supplementary information, and a schedule of expenditures of federal awards and OMB uniform guidance auditors’ reports for fiscal year 2022",,information,,docket_only_no_text,,,,,exclude,EX-NOBILL,auto
,The sixth quarterly report of the Executive Office of Labor and Workforce Development (under item 1790-3009 of Section 2 of Chapter 151 of the Acts of 2020) regarding the comprehensive modernization and transformation for the deployment of an online delivery system for unemployment insurance compensation benefits,,online,,docket_only_no_text,,,,,exclude,EX-NOBILL,auto
,"A statement of available resources and expenditures - statutory basis - and additional information regarding the joint accounts of the General Court for the Fiscal Year ended June 30, 2019",,information,,docket_only_no_text,,,,,exclude,EX-NOBILL,auto
,DCJIS FY22 Criminal Offender Record Information Annual Report,,information,,docket_only_no_text,,,,,exclude,EX-NOBILL,auto
,"A communication from the Greater Attleboro-Taunton Regional Transit Authority (see Section 8(g) of Chapter 161B of the General Laws) submitting financial statements, supplementary information, and a schedule of expenditures of federal awards and OMB uniform guidance auditors’ reports for fiscal year 2022",,information,,docket_only_no_text,,,,,exclude,EX-NOBILL,auto
,"A communication from the Montachusett Regional Transit Authority (see Section 8(g) of Chapter 161B of the General Laws) submitting financial statements, supplementary information, and a schedule of expenditures of federal awards and OMB uniform guidance auditors’ reports for fiscal year 2022",,information,,docket_only_no_text,,,,,exclude,EX-NOBILL,auto
,Annual report of the Department of Criminal Justice Information Services (under Section 168 of Chapter 6 of the General Laws) summarizing the status of the complaints reviewed by the Criminal Record Review Board,,information,,docket_only_no_text,,,,,exclude,EX-NOBILL,auto
,Annual report of the Department of Criminal Justice Information Services (under Section 168 of Chapter 6 of the General Laws) submitting the Commissioner Approved Access to Criminal Offender Record Information (CORI),,information,,docket_only_no_text,,,,,exclude,EX-NOBILL,auto
,A report of the Massachusetts District Attorneys Association (under item 0340-2100 of Chapter 24 of the Acts of 2021) submitting the amended and final Disabled Persons Protection Commission data for fiscal year 2022,,data,,docket_only_no_text,,,,,exclude,EX-NOBILL,auto
,A quarterly report of the Sheriff’s Department of Plymouth County (under Section 40 of Chapter 126 of the General Laws) submitting the aggregate data on the population of the Plymouth County Correctional Facility for the first quarter of the calendar year 2023,,data,,docket_only_no_text,,,,,exclude,EX-NOBILL,auto
,"A communication from the State Retiree Benefits Trust (“HST”) Board (see Section 24(f) of Chapter 32A of the General Laws) submitting the approved budget for said board for fiscal year 2024 [a copy of the communication was forwarded to the committee on Public Service, for their information]",,information,,docket_only_no_text,,,,,exclude,EX-NOBILL,auto
,A communication from the Executive Office of Health and Human Services (see Section 15 of Chapter 118I of the General Laws) submitting the annual report of the Health Information Technology Council for the calendar year 2022,,information;technology,,docket_only_no_text,,,,,exclude,EX-NOBILL,auto
,A report of the MetroWest Regional Transit Authority (under Section 8(g) of Chapter 161B of the General Laws) submitting financial statements and supplementary information for fiscal year 2022,,information,,docket_only_no_text,,,,,exclude,EX-NOBILL,auto
,The annual report of the Executive Office of Technology Services and Security (under Section 13 of Chapter 69 of the Acts of 2018) on data collection and reporting in the criminal justice system,,data;technology,,docket_only_no_text,,,,,exclude,EX-NOBILL,auto
,JRPOB FY23 Criminal Justice System Data Report,,data,,docket_only_no_text,,,,,exclude,EX-NOBILL,auto
,DPH 2020 Birth Data Annual Report,,data,,docket_only_no_text,,,,,exclude,EX-NOBILL,auto
,A quarterly report of the Sheriff’s Department of Plymouth County (under Section 84 of Chapter 69 of the Acts of 2018) submitting the aggregate data on the population of the Plymouth County Correctional Facility for the second quarter of calendar year 2023,,data,,docket_only_no_text,,,,,exclude,EX-NOBILL,auto
,A communication from the Department of Transitional Assistance (see Section 2 of Chapter 18 of the General Laws) submitting a report entitled: Electronic Benefit Transfer (EBT) Photo Requirements Exemptions,,electronic,,docket_only_no_text,,,,,exclude,EX-NOBILL,auto
,Plymouth County Sheriff 2023 Q2 Population Data Report,,data,,docket_only_no_text,,,,,exclude,EX-NOBILL,auto
,EOLWD Online Delivery System for UI Benefits 7th Report,,online,,docket_only_no_text,,,,,exclude,EX-NOBILL,auto
,A quarterly report of the Executive Office of Labor and Workforce Development (under item 1790-3009 of Section 2 of Chapter 151 of the Acts of 2020) submitting its seventh quarterly report relative to the comprehensive modernization and transformation for the deployment of an online delivery system for unemployment insurance compensation benefits,,online,,docket_only_no_text,,,,,exclude,EX-NOBILL,auto
,DPH 2021 Birth Data Annual Report,,data,,docket_only_no_text,,,,,exclude,EX-NOBILL,auto
,A communication from the Department of Public Health (see Section 2 of Chapter 111 of the General Laws) submitting a report summarizing the birth data and statistics for calendar year 2021,,data,,docket_only_no_text,,,,,exclude,EX-NOBILL,auto
,"A communication from the Department of Energy Resources (see Section 10 of Chapter 25B of the General Laws) of the effectiveness of energy efficiency in the Commonwealth [a copy of the report was forwarded to the committee on Telecommunications, Utilities and Energy, as required by said law]",,telecommunications,,docket_only_no_text,,,,,exclude,EX-NOBILL,auto
,Plymouth County Sheriff 2023 Q3 Population Data Report,,data,,docket_only_no_text,,,,,exclude,EX-NOBILL,auto
,"A communication from the Berkshire Regional Transit Authority (see Section 8(g) of Chapter 161B of the General Laws) submitting its financial statements and supplementary information for fiscal years ending June 30, 2022, and June 30, 2023",,information,,docket_only_no_text,,,,,exclude,EX-NOBILL,auto
,"A communication from the Berkshire Regional Transit Authority (see Section 8(g) of Chapter 161B of the General Laws) submitting financial statements, supplementary information, and a schedule of expenditures of federal awards and OMB uniform guidance auditors’ reports for fiscal year ending June 30, 2023",,information,,docket_only_no_text,,,,,exclude,EX-NOBILL,auto
,A quarterly report of the Sheriff’s Department of Plymouth County (under Section 40 of Chapter126 of the General Laws) submitting the aggregate data on the population of the Plymouth County Correctional Facility for the third quarter of calendar year 2023,,data,,docket_only_no_text,,,,,exclude,EX-NOBILL,auto
,A communication from the Massachusetts Technology Development Corporation (Mass Ventures) (see Section 6 of Chapter 40G of the General Laws) submitting financial statements for fiscal year 2023,,technology,,docket_only_no_text,,,,,exclude,EX-NOBILL,auto
,"A communication from the Pioneer Valley Transit Authority (see Section 8(g) of Chapter 161B of the General Laws) submitting its financial statements and supplementary information for fiscal years ending June 30, 2022, and June 30, 2023",,information,,docket_only_no_text,,,,,exclude,EX-NOBILL,auto
,"A communication from the Pioneer Valley Transit Authority (see Section 8(g) of Chapter 161B of the General Laws) submitting financial statements, supplementary information, and a schedule of expenditures of federal awards and OMB uniform guidance auditors’ reports for fiscal year ending June 30, 2023",,information,,docket_only_no_text,,,,,exclude,EX-NOBILL,auto
,EOLWD Online Delivery System for UI Benefits 8th Report,,online,,docket_only_no_text,,,,,exclude,EX-NOBILL,auto
,A quarterly report of the Executive Office of Labor and Workforce Development (under item 1790-3009 of Section 2 of Chapter 151 of the Acts of 2020) submitting its eighth quarterly report relative to the comprehensive modernization and transformation for the deployment of an online delivery system for unemployment insurance compensation benefits,,online,,docket_only_no_text,,,,,exclude,EX-NOBILL,auto
,A communication from the Department of Telecommunications and Cable (see Section 6 of Chapter 25C of the General Laws) submitting the annual report for said department for fiscal year 2023,,telecommunications,,docket_only_no_text,,,,,exclude,EX-NOBILL,auto
,A communication from the Executive Office of Public Safety and Security (see item 8900-0001 of Chapter 28 of the Acts of 2023) submitting the second quarterly data report of the Massachusetts Department of Correction for fiscal year 2023,,data,,docket_only_no_text,,,,,exclude,EX-NOBILL,auto
,A communication from the Executive Office of Public Safety and Security (see item 8900-0001 of Section 2 of Chapter 28 of the Acts of 2023) submitting the fourth quarter data report of the Department of Correction for calendar year 2022,,data,,docket_only_no_text,,,,,exclude,EX-NOBILL,auto
,Communication from the Department of Correction (pursuant to item 8900-0001 of Section 2 of Chapter 126 of the Acts of 2022) submitting its quarterly corrections data report for the fourth quarter of calendar year 2022,,data,,docket_only_no_text,,,,,exclude,EX-NOBILL,auto
,An Act relating to access to motor vehicle data by the owner or designee of a motor vehicle,,data;right_to_repair,,docket_only_no_text,,,,,exclude,EX-NOBILL,auto
,EOPSS 2021 Electronic Control Weapons Report,,electronic,,docket_only_no_text,,,,,exclude,EX-NOBILL,auto
,A communication from the Executive Office of Public Safety and Security (see Section 2 of Chapter 170 of the Acts of 2004) submitting its annual report examining data reported by Massachusetts law enforcement agencies with approved electronic control weapons training programs for calendar year 2021,,data;electronic,,docket_only_no_text,,,,,exclude,EX-NOBILL,auto
,"A statement of available resources and expenditures - statutory basis - and additional information regarding the House of Representatives for the Fiscal Year ended June 30, 2021",,information,,docket_only_no_text,,,,,exclude,EX-NOBILL,auto
,"A statement of available resources and expenditures - statutory basis - and additional information regarding the joint accounts of the General Court for the Fiscal Year ended June 30, 2021",,information,,docket_only_no_text,,,,,exclude,EX-NOBILL,auto
,Plymouth County Sheriff 2023 Q4 Population Data Report,,data,,docket_only_no_text,,,,,exclude,EX-NOBILL,auto
,DPH 2023 Priority Public Health Trends from the Public Health Data Warehouse Report,,data,,docket_only_no_text,,,,,exclude,EX-NOBILL,auto
,A report of the Department of Public Health (under Section 237 of Chapter 111 of the General Laws) submitting its 2023 Report on Priority Public Health Trends from the Public Health Data Warehouse,,data,,docket_only_no_text,,,,,exclude,EX-NOBILL,auto
,An Act relative to artificial intelligence disclosure,,artificial_intelligence,,docket_only_no_text,,,,,exclude,EX-NOBILL,auto
,A communication from the Executive Office of Public Safety and Security (see item 8900-0001 of Chapter 28 of the Acts of 2023) submitting the third quarter data report of the Department of Correction for fiscal year 2023,,data,,docket_only_no_text,,,,,exclude,EX-NOBILL,auto
,Communication from the Department of Correction (pursuant to item 8900-0001 of Section 2 of Chapter 28 of the Acts of 2023) submitting its quarterly corrections data report for the third quarter of calendar year 2023,,data,,docket_only_no_text,,,,,exclude,EX-NOBILL,auto
,A report of the Massachusetts District Attorneys Association (under item 0340-2100 of Section 2 of Chapter 28 of the Acts of 2023) submitting its data from the District Attorneys relative to their criminal prosecutions and workloads for calendar year 2023,,data,,docket_only_no_text,,,,,exclude,EX-NOBILL,auto
,A quarterly report of the Sheriff’s Department of Plymouth County (under Section 40 of Chapter 126 of the General Laws) submitting the aggregate data on the population of the Plymouth County Correctional Facility for the fourth quarter of calendar year 2023,,data,,docket_only_no_text,,,,,exclude,EX-NOBILL,auto
,A communication from the Center for Health Information and Analysis (see Section 24 of Chapter 12C of the General Laws) submitting its continuous skilled nursing (CSN) care biennial report,,information,,docket_only_no_text,,,,,exclude,EX-NOBILL,auto
,"A communication from the Cape Cod Regional Transit Authority (see Section 8(g) of Chapter 161B of the General Laws) submitting financial statements, supplementary information, and a schedule of expenditures of federal awards and OMB uniform guidance auditors’ reports for fiscal year ending June 30, 2023",,information,,docket_only_no_text,,,,,exclude,EX-NOBILL,auto
,"A communication from the Nantucket Regional Transit Authority (see Section 8(g) of Chapter 161B of the General Laws) submitting financial statements, supplementary information, and a schedule of expenditures of federal awards and OMB uniform guidance auditors’ reports for fiscal year ending June 30, 2023 and 2022",,information,,docket_only_no_text,,,,,exclude,EX-NOBILL,auto
,A communication from the Massachusetts Department of Transportation (see Section 6C of Chapter 25 of the General Laws) submitting its annual report of the project information system and performance measurement report for calendar year 2023,,information,,docket_only_no_text,,,,,exclude,EX-NOBILL,auto
,A communication from the Executive Office of Technology Services and Security (see item 1790-0100 of Section 2 of Chapter 28 of the Acts of 2023) submitting its annual report on data collection and reporting in the criminal justice system,,data;technology,,docket_only_no_text,,,,,exclude,EX-NOBILL,auto
,EOLWD Online Delivery System for UI Benefits 9th Report,,online,,docket_only_no_text,,,,,exclude,EX-NOBILL,auto
,A report of the Massachusetts District Attorneys Association (under item 0340-2100 of Section 2 of Chapter 28 of the Acts of 2023) submitting Disabled Persons Protection Commission data for fiscal year 2023,,data,,docket_only_no_text,,,,,exclude,EX-NOBILL,auto
,A quarterly report of the Executive Office of Labor and Workforce Development (under item 1790-3009 of Section 2 of Chapter 151 of the Acts of 2020) submitting its ninth quarterly report relative to the comprehensive modernization and transformation for the deployment of an online delivery system for unemployment insurance compensation benefits,,online,,docket_only_no_text,,,,,exclude,EX-NOBILL,auto
,A communication from the Massachusetts Technology Transfer Center (Mass Ventures) (see Section 45B of Chapter 75 of the General Laws) submitting the Acorn Innovation Fund Report for fiscal year 2024,,technology,,docket_only_no_text,,,,,exclude,EX-NOBILL,auto
,Communication from the Department of Correction (pursuant to item 8900-0001 of Section 2 of Chapter 28 of the Acts of 2023) submitting its quarterly corrections data report for the fourth quarter of calendar year 2023,,data,,docket_only_no_text,,,,,exclude,EX-NOBILL,auto
,A communication from the Executive Office of Public Safety and Security (see item 8900-0001 Section 2 of Chapter 28 of the Acts of 2023) submitting the fourth quarter data report of the Department of Correction for calendar year 2023,,data,,docket_only_no_text,,,,,exclude,EX-NOBILL,auto
,"A communication from the Merrimack Valley Regional Transit Authority (see Section 8(g) of Chapter 161B of the General Laws) submitting financial statements, supplementary information, and a schedule of expenditures of federal awards and OMB uniform guidance auditors’ reports for fiscal year 2023",,information,,docket_only_no_text,,,,,exclude,EX-NOBILL,auto
,A quarterly report of the Sheriff’s Department of Plymouth County (under Section 40 of Chapter 126 of the General Laws) submitting the aggregate data on the population of the Plymouth County Correctional Facility for the first quarter of calendar year 2024,,data,,docket_only_no_text,,,,,exclude,EX-NOBILL,auto
,Communication from the Department of Economic Research relative to its May 2024 Unemployment Insurance Trust Fund data,,data,,docket_only_no_text,,,,,exclude,EX-NOBILL,auto
,"A communication from the Greater Attleboro-Taunton Regional Transit Authority (see Section 8(g) of Chapter 161B of the General Laws) submitting financial statements, supplementary information, and a schedule of expenditures of federal awards and OMB uniform guidance auditors’ reports for fiscal year 2023",,information,,docket_only_no_text,,,,,exclude,EX-NOBILL,auto
,"A communication from the Office of the Bristol County Registry of Deeds, Southern District (see Section 2KKK of Chapter 29 of the General Laws) submitting the County Registers Technology Fund request for funds [copies of the communication were forwarded to the committee on Ways and Means and the committee on Post Audit and Oversight, as required by said law]",,technology,,docket_only_no_text,,,,,exclude,EX-NOBILL,auto
,A communication from the Executive Office of Health and Human Services (see Section 15 of Chapter 118I of the General Laws) submitting the annual report of the Health Information Technology Council for the calendar year 2023,,information;technology,,docket_only_no_text,,,,,exclude,EX-NOBILL,auto
,Order relative to procedures to be followed when considering the House Bill to provide for the future information technology needs of Massachusetts,,information;technology,,docket_only_no_text,,,,,exclude,EX-NOBILL,auto
,"A communication from the Barnstable County Registry of Deeds (see Section 2KKK of Chapter 29 of the General Laws) submitting the County Registers Technology Fund plan for expenditure of funds [copies of the communication were forwarded to the committees on Ways and Means and Post Audit and Oversight, as required by said law]",,technology,,docket_only_no_text,,,,,exclude,EX-NOBILL,auto
,The annual report of the MetroWest Regional Transit Authority (under Section 8(g) of Chapter 161B of the General Laws) submitting financial statements and supplementary information for fiscal year 2023,,information,,docket_only_no_text,,,,,exclude,EX-NOBILL,auto
,A communication from the Massachusetts Gaming Commission submitting its 2023 annual report (see S2824 for electronic copy),,electronic,,docket_only_no_text,,,,,exclude,EX-NOBILL,auto
,"A communication from the State Retiree Benefits Trust (“HST”) Board (see Section 24(f) of Chapter 32A of the General Laws) submitting the approved budget for said board for fiscal year 2025 [a copy of the communication was forwarded to the committee on Public Service, for their information]",,information,,docket_only_no_text,,,,,exclude,EX-NOBILL,auto
,A quarterly report of the Sheriff’s Department of Plymouth County (under Section 40 of Chapter 126 of the General Laws) submitting the aggregate data on the population of the Plymouth County Correctional Facility for the second quarter of calendar year 2024,,data,,docket_only_no_text,,,,,exclude,EX-NOBILL,auto
,A communication from the Justice Reinvestment Policy Oversight Board (see Section 11 of Chapter 7D of the General Laws) submitting the annual report on the collection of data and the compliance with justice reinvestment policies for fiscal year 2024,,data,,docket_only_no_text,,,,,exclude,EX-NOBILL,auto
,"A statement of available resources and expenditures - statutory basis and supplementary information regarding the House of Representatives for the Fiscal Year ended June 30, 2022",,information,,docket_only_no_text,,,,,exclude,EX-NOBILL,auto
,"A statement of available resources and expenditures - statutory basis - and supplementary information regarding the joint accounts of the General Court for the Fiscal Year ended June 30, 2022",,information,,docket_only_no_text,,,,,exclude,EX-NOBILL,auto
,"A communication from the Berkshire Regional Transit Authority (see Section 8(g) of Chapter 161B of the General Laws) submitting its financial statements and supplementary information for fiscal years ending June 30, 2023, and June 30, 2024",,information,,docket_only_no_text,,,,,exclude,EX-NOBILL,auto
,"A communication from the Berkshire Regional Transit Authority (see Section 8(g) of Chapter 161B of the General Laws) submitting financial statements, supplementary information, and a schedule of expenditures of federal awards and OMB uniform guidance auditors’ reports for fiscal year ending June 30, 2024",,information,,docket_only_no_text,,,,,exclude,EX-NOBILL,auto
,"A communication from the Franklin Regional Transit Authority (see Section 8(g) of Chapter 161B of the General Laws) submitting its financial statements and supplementary information for fiscal years ending June 30, 2023, and June 30, 2024",,information,,docket_only_no_text,,,,,exclude,EX-NOBILL,auto
,"A communication from Franklin Regional Transit Authority (see Section 8(g) of Chapter 161B of the General Laws) submitting financial statements, supplementary information, and a schedule of expenditures of federal awards and OMB uniform guidance auditors’ reports for fiscal year ending June 30, 2024",,information,,docket_only_no_text,,,,,exclude,EX-NOBILL,auto
,A quarterly report of the Sheriff’s Department of Plymouth County (under Section 40 of Chapter 126 of the General Laws) submitting the aggregate data on the population of the Plymouth County Correctional Facility for the third quarter of calendar year 2024,,data,,docket_only_no_text,,,,,exclude,EX-NOBILL,auto
,"A communication from the Department of Energy Resources (see Section 10 of Chapter 25B of the General Laws) of the effectiveness of energy efficiency in the Commonwealth [a copy of the report was forwarded to the committee on Telecommunications, Utilities and Energy, as required by said law]",,telecommunications,,docket_only_no_text,,,,,exclude,EX-NOBILL,auto
,A communication from the Massachusetts Technology Development Corporation (Mass Ventures) (see Section 6 of Chapter 40G of the General Laws) submitting financial statements for fiscal year 2024,,technology,,docket_only_no_text,,,,,exclude,EX-NOBILL,auto
,"A communication from the Pioneer Valley Transit Authority (see Section 8(g) of Chapter 161B of the General Laws) submitting its financial statements and supplementary information for fiscal years ending June 30, 2023, and June 30, 2024",,information,,docket_only_no_text,,,,,exclude,EX-NOBILL,auto
,"A communication from the Pioneer Valley Transit Authority (see Section 8(g) of Chapter 161B of the General Laws) submitting financial statements, supplementary information, and a schedule of expenditures of federal awards and OMB uniform guidance auditors’ reports for fiscal year ending June 30, 2024",,information,,docket_only_no_text,,,,,exclude,EX-NOBILL,auto
,Department of Telecommunications and Cable FY24 Annual Report,,telecommunications,,docket_only_no_text,,,,,exclude,EX-NOBILL,auto
,A communication from the Department of Telecommunications and Cable (see Section 6 of Chapter 25C of the General Laws) submitting its annual report for fiscal year 2024,,telecommunications,,docket_only_no_text,,,,,exclude,EX-NOBILL,auto
,Communication from the Executive Office of Public Safety and Security relative to the appointment of Jeff Farnsworth (pursuant to Chapter 135 of the Acts of 2024) to the Special Commission on Emerging Firearms Technology,,technology,,docket_only_no_text,,,,,exclude,EX-NOBILL,auto
,"A communication from the Martha’s Vineyard Transit Authority (see Section 8(g) of Chapter 161B of the General Laws) submitting its financial statements and supplementary information for fiscal years ending June 30, 2023, and June 30, 2024",,information,,docket_only_no_text,,,,,exclude,EX-NOBILL,auto
,"A communication from the Martha’s Vineyard Transit Authority (see Section 8(g) of Chapter 161B of the General Laws) submitting financial statements, supplementary information, and a schedule of expenditures of federal awards and OMB uniform guidance auditors’ reports for fiscal year ending June 30, 2024",,information,,docket_only_no_text,,,,,exclude,EX-NOBILL,auto
,FY23 Charter School Data Annual Report,,data,,docket_only_no_text,,,,,exclude,EX-NOBILL,auto
,FY24 Charter School Data Annual Report,,data,,docket_only_no_text,,,,,exclude,EX-NOBILL,auto
,A communication from the Department of Elementary and Secondary Education (see Section 89(kk) of Chapter 71 of the General Laws) submitting the Charter School Data annual report for fiscal year 2024,,data,,docket_only_no_text,,,,,exclude,EX-NOBILL,auto
,A communication from the Department of Elementary and Secondary Education (see Section 89(kk) of Chapter 71 of the General Laws) submitting the Charter School Data annual report for fiscal year 2023,,data,,docket_only_no_text,,,,,exclude,EX-NOBILL,auto
,A communication from the Department of Public Health (see Section 2 of Chapter 111 of the General Laws) submitting a report summarizing the birth data and statistics for calendar year 2022,,data,,docket_only_no_text,,,,,exclude,EX-NOBILL,auto
,A communication from the Department of Public Health (see Section 2 of Chapter 111 of the General Laws) submitting a report summarizing mortality data and statistics for calendar year 2022,,data,,docket_only_no_text,,,,,exclude,EX-NOBILL,auto
,"A report of the Southeastern Regional Transit Authority (under Section 8(g) of Chapter 161B of the General Laws) submitting its financial statements and supplementary information for fiscal years ending June 30, 2023, and June 30, 2024",,information,,docket_only_no_text,,,,,exclude,EX-NOBILL,auto
,Data Collection for Government Assisted Housing in Massachusetts FY24 Report,,data,,docket_only_no_text,,,,,exclude,EX-NOBILL,auto
H105,An Act relative to data transparency in the cannabis industry,,data,,ok,Bill,1999,,,exclude,EX-ADJACENT,auto
H1051,An Act relative to establishing a financial technology task force,,technology,,ok,Bill,1724,,,exclude,EX-ADJACENT,auto
H1059,An Act relative to electronic automobile insurance charges,,electronic,,ok,Bill,316,,,exclude,EX-ADJACENT,auto
H1131,"An Act relating to patient cost, benefit and coverage information, choice, and price transparency",,information,,ok,Bill,7605,,,exclude,EX-ADJACENT,auto
H1169,An Act providing Medicaid coverage for tobacco cessation programs and information,,information,,ok,Bill,382,,,exclude,EX-ADJACENT,auto
H1212,An Act relative to determination of need of new technology,,technology,,ok,Bill,698,,,exclude,EX-ADJACENT,auto
H1222,An Act to ensure uniform and transparent reporting of medical debt data,,data,,ok,Bill,5746,,,exclude,EX-ADJACENT,auto
H1238,An Act to improve patient care through integrated electronic health records,,electronic,,ok,Bill,11777,data_privacy:1;privacy_generic:2,expert in health information technology; 1 shall be an expert in law and health policy; 1 shall be an expert in health information privacy and security; 1 shall be from an academic medical center; 1 shall be from a community hospital; 1 shall be from a commu,exclude,EX-ADJACENT,health IT integration
H1283,An Act protecting public higher education student information,,information,,ok,Bill,462,privacy_generic:1,"of Chapter 15A shall not be required to produce records defined as education records in the Family Education Rights and Privacy Act (20 USC 11232g) at 34 CFR § 99.3, including those education records designated by the public colleges and universit",include,IN-TEXT,public higher-ed student information protection
H1308,An Act relative to the use of credit reporting in housing,,credit_reporting,,ok,Bill,4294,,,exclude,EX-ADJACENT,credit reporting in housing (consumer-finance domain)
H1338,An Act relative to electronic meetings and voting in condominiums,,electronic,,ok,Bill,3122,,,exclude,EX-ADJACENT,auto
H1349,An Act improving municipal access to general existing housing data,,data,,ok,Bill,2680,,,exclude,EX-ADJACENT,auto
H1394,An Act relative to law enforcement access to prescription monitoring data,,data,,ok,Bill,1029,,,exclude,EX-ADJACENT,auto
H1405,An Act relative to uniform real property electronic recordings,,electronic,,ok,Bill,5383,,,exclude,EX-ADJACENT,auto
H1422,An Act relative to Trial Court data collection,,data,,ok,Bill,350,,,exclude,EX-ADJACENT,auto
H1433,An Act relative to the free flow of information,,information,,ok,Bill,4734,,,exclude,EX-ADJACENT,auto
H1488,An Act relative to unmanned aerial vehicles,,drones,,ok,Bill,2815,privacy_generic:1,"ally surveil another person when the other person in such place and circumstance would have a reasonable expectation of privacy in not being so photographed, videotaped or electronically surveilled, and without that person's knowledge and consent,",exclude,EX-ADJACENT,drone peeping offense; physical surveillance
H1490,An Act relative to authorizing electronic signatures for criminal complaints,,electronic,,ok,Bill,1291,,,exclude,EX-ADJACENT,auto
H1519,An Act relative to locating missing persons via mobile data  (Kelsey's Bill),,data,,ok,Bill,2227,geolocation:4,"reless telecommunications carrier or in-vehicle security and communications service provider, shall immediately provide location information concerning the telecommunications devices of the user to the requesting law enforcement agency (i) in order to respond",include,IN-TEXT,carrier disclosure of location data for missing persons
H1522,An Act relative to the Uniform Electronic Legal Material Act,,electronic,,ok,Bill,6261,,,exclude,EX-ADJACENT,auto
H1545,An Act to simplify the administrative aspect of evidentiary use of medical information,,information,,ok,Bill,2479,,,exclude,EX-ADJACENT,auto
H1555,An Act establishing an internet bill of rights,,internet,,ok,Bill,135592,personal_information:246;biometric:3;geolocation:1;genetic_privacy:3;data_protection:77;security_breach:23,"ing terms shall, unless the context clearly requires otherwise, have the following meanings: “Binding corporate rules”, personal data protection policies adhered to by a controller or processor established in the commonwealth for transfers or a set of t",include,IN-TEXT,auto
H1580,An Act relative to the release of sex offender information to victims,,information,,ok,Bill,453,,,exclude,EX-ADJACENT,auto
H1582,An Act relative to the enticement of children online,,online,,ok,Bill,329,,,exclude,EX-ADJACENT,auto
H1627,An Act requiring the inclusion of certain civil rights offense information in the statewide domestic violence recordkeeping system,,information,,ok,Bill,2336,,,exclude,EX-ADJACENT,auto
H1641,An Act for uniform fiduciary access to digital assets,,digital,,ok,Bill,23195,,,exclude,EX-ADJACENT,auto
H1653,"An Act to protect private electronic communication, browsing and other activity",,electronic,,ok,Bill,30818,geolocation:13;surveillance:2;privacy_generic:2,"lectronic form and that enables access to, or use of, an electronic communication service, remote computing service, or location information service. “Electronic device information”, electronic communication information and location information stored in a dev",include,IN-TEXT,warrant standard for stored electronic communications/browsing data
H170,An Act requiring licensure for use of graduated electronic decelerators,,electronic,,ok,Bill,2177,,,exclude,EX-ADJACENT,auto
H1719,An Act relative to criminal offender record information checks,,information,,ok,Bill,1816,,,exclude,EX-ADJACENT,auto
H1723,An Act relative to legal advertisements in online-only newspapers,,online,,ok,Bill,1074,,,exclude,EX-ADJACENT,auto
H1733,An Act expanding opportunities for individuals in the criminal offender record information system,,information,,ok,Bill,1630,,,exclude,EX-ADJACENT,auto
H1748,An Act relative to access to a decedent's electronic mail accounts,,electronic,,ok,Bill,24233,,,exclude,EX-ADJACENT,auto
H1762,An Act relative to civil asset forfeiture transparency and data reporting,,data,,ok,Bill,4406,personal_information:1;privacy_generic:1,"he publication of information in violation of any law or regulation relating to criminal offender record information or personally identifiable information, or any other applicable privacy law. If an agency has made no seizures or forfeitures during the previous year, a null",exclude,EX-ADJACENT,asset forfeiture transparency reporting
H1769,An Act relative to the use of administrative subpoenas to obtain telephone and internet records without judicial review,,internet,,ok,Bill,2483,,,exclude,EX-ADJACENT,auto
H1787,An Act automatically sealing cannabis records and promoting uniform digital record keeping,,digital,,ok,Bill,1356,,,exclude,EX-ADJACENT,auto
H1802,An Act improving juvenile justice data collection,,data,,ok,Bill,18571,electronic_monitoring:1,"a case to district or superior Court; to impose bail; to impose pretrial release conditions; to place a juvenile on an electronic monitoring device, either as a condition of pretrial release, as a condition of probation after disposition of a case to revoke",exclude,EX-ADJACENT,juvenile justice statistics
H1841,An Act protecting wages of employees who receive wages through an electronic wage card,,electronic,,ok,Bill,1630,,,exclude,EX-ADJACENT,auto
H1859,An Act relative to improving PFML data reporting,,data,,ok,Bill,2112,,,exclude,EX-ADJACENT,auto
H1862,An Act relative to workforce data accessibility,,data,,ok,Bill,6382,privacy_generic:4,"vices; and educational and other credential attainment. The department shall adhere to all applicable state and federal privacy laws, to protect individuals’ private information while allowing measurement of aggregate data. SECTION 3. Not later th",exclude,EX-ADJACENT,workforce statistics
H190,An Act creating an electronic backpack for foster children’s educational records,,electronic,,ok,Bill,3195,,,exclude,EX-ADJACENT,auto
H1939,An Act relative to the confidentiality of communications of information of labor organizations,,information,,ok,Bill,5235,,,exclude,EX-ADJACENT,auto
H1974,An Act regulating the use of artificial intelligence (AI) in providing mental health services,,artificial_intelligence,,ok,Bill,2454,,,exclude,EX-ADJACENT,auto
H2015,An Act relative to the limited sharing of medical information with the family of mentally ill patients in emergency situations,,information,,ok,Bill,774,,,exclude,EX-ADJACENT,auto
H210,An Act relative to the use of electronic benefit transfer cards with regard to online grocery delivery services,,electronic;online,,ok,Bill,559,,,exclude,EX-ADJACENT,auto
H2169,An Act relative to patient access to information regarding breast reconstructive surgery,,information,,ok,Bill,1096,,,exclude,EX-ADJACENT,auto
H2307,An Act relative to crime gun data reporting and analysis,,data,,ok,Bill,2874,,,exclude,EX-ADJACENT,auto
H2332,An Act relative to electronic defensive devices,,electronic,,ok,Bill,8058,,,exclude,EX-ADJACENT,auto
H2341,An Act relative to the transparency of electronic weapons and devices,,electronic,,ok,Bill,741,,,exclude,EX-ADJACENT,auto
H2377,An Act relative to armed private security information,,information,,ok,Bill,1924,,,exclude,EX-ADJACENT,auto
H2385,An Act establishing a smart gun technology task force,,technology,,ok,Bill,976,,,exclude,EX-ADJACENT,auto
H2453,An Act relative to documentary material or data received by retirement boards,,data,,ok,Bill,270,,,exclude,EX-ADJACENT,auto
H255,An Act relative to establishing an online lottery,,online,,ok,Bill,14320,,,exclude,EX-ADJACENT,auto
H2671,An Act relative to electronic monitoring department personnel pension group classification,,electronic,,ok,Bill,426,,,exclude,EX-ADJACENT,auto
H2751,An Act relative to the electronic filing of certain forms used in property valuation,,electronic,,ok,Bill,895,,,exclude,EX-ADJACENT,auto
H2773,An Act providing incentives to the digital interactive media/entertainment industries,,digital,,ok,Bill,11570,,,exclude,EX-ADJACENT,auto
H2787,An Act relative to taxation of digital advertising services,,digital,,ok,Bill,5035,,,exclude,EX-ADJACENT,auto
H2792,An Act relative to qualified data centers in the Commonwealth,,data,,ok,Bill,13619,biometric:1;surveillance:1,"personnel, permanent security guards, video camera surveillance, an electronic system requiring pass codes, keycards or biometric scans or similar security features. “Qualification period”, a 20-year period of time beginning on the effective date of",exclude,EX-FALSEPOS,biometric/surveillance = physical security of data centers
H281,An Act relative to the security of personal financial information,,information,,ok,Bill,7681,personal_information:10;biometric:1;security_breach:2,"data and the confidential process or key that is capable of compromising the security, confidentiality, or integrity of personal information, maintained by a person or agency that creates an identifiable risk of identity theft or fraud. A good faith but unauth",include,IN-TEXT,auto
H2814,An Act relative to smart gun technology tax incentive program,,technology,,ok,Bill,4346,biometric:1;facial_recognition:1,"r” the following two definitions:- “smart gun”, is a firearm that can detect its authorized user(s) through identifying biometric technology (including fingerprints, facial recognition, etc.), blue tooth, or other technology-based identifying inform",exclude,EX-FALSEPOS,"biometric refers to gun-lock hardware, not data handling"
H2821,An Act to establish a digital advertising revenue commission,,digital,,ok,Bill,2611,,,exclude,EX-ADJACENT,auto
H2828,An Act establishing a tax for online advertising,,online,,ok,Bill,1740,,,exclude,EX-ADJACENT,auto
H2847,An Act relative to exempting small businesses from the telecommunications tax,,telecommunications,,ok,Bill,707,,,exclude,EX-ADJACENT,auto
H290,An Act relative to the right to repair motor vehicle data law,,data;right_to_repair,,ok,Bill,1206,,,exclude,EX-ADJACENT,right to repair motor vehicle data law
H2930,An Act establishing a tax for online advertising,,online,,ok,Bill,1684,,,exclude,EX-ADJACENT,auto
H2966,An Act establishing a tax on local revenues from digital advertising,,digital,,ok,Bill,5126,,,exclude,EX-ADJACENT,auto
H2972,An Act relative to preserving information content of historic resources with community preservation funds,,information,,ok,Bill,288,,,exclude,EX-ADJACENT,auto
H2993,An Act relative to civil asset forfeiture data reporting,,data,,ok,Bill,7357,,,exclude,EX-ADJACENT,auto
H3021,An Act relative to the technology fund,,technology,,ok,Bill,494,,,exclude,EX-ADJACENT,auto
H3064,An Act relative to online posting of CMRs,,online,,ok,Bill,491,,,exclude,EX-ADJACENT,auto
H3082,An Act regarding information governance,,information,,ok,Bill,1583,privacy_generic:1,"intain, and enforce a comprehensive information governance plan, including, at minimum, protocols for: storage, naming, privacy, security, routine disposal and methods for halting that disposal when necessary, and appropriate sharing of documents",exclude,EX-ADJACENT,municipal records management
H3179,An Act relative to internet service provider data,,data;internet,,ok,Bill,1498,personal_information:3,"eement, or otherwise operates in the commonwealth of Massachusetts may collect, use, disclose or otherwise disseminate, personal information from a customer resulting from the customer’s use of the telecommunications or internet service provider without expres",include,IN-TEXT,auto
H319,An Act to clarify the Consumer Protection Act,,consumer_protection,,ok,Bill,377,,,exclude,EX-ADJACENT,auto
H3191,An Act encouraging advanced leak repair technology and renewable thermal energy infrastructure,,technology,,ok,Bill,543,,,exclude,EX-ADJACENT,auto
H3217,An Act relative to consumer access to residential energy information,,information,,ok,Bill,13654,personal_information:1,"g and, where appropriate, recommendations for energy related improvements. Such information shall not contain any other personal data as defined in section 1 of chapter 66A. SECTION 7. Said section 3 of said chapter 25A, as so appearing, is hereby amend",include,IN-TEXT,energy usage data personal-data restriction; marginal
H3239,An Act empowering library access to electronic books and digital audiobooks,,electronic;digital,,ok,Bill,7077,,,exclude,EX-ADJACENT,auto
H3256,"An Act regulating the flight of unmanned aircraft/drones in the airspace over all early, elementary and secondary education facilities in the Commonwealth",,drones,,ok,Bill,1528,,,exclude,EX-ADJACENT,drone airspace regulation
H3278,An Act relative to electronic license plates,,electronic,,ok,Bill,2975,,,exclude,EX-ADJACENT,auto
H329,An Act relative to disclosure notice in the right to repair motor vehicle data law,,data;right_to_repair,,ok,Bill,974,,,exclude,EX-ADJACENT,right to repair disclosure notice
H3309,An Act establishing an auction or online transfer for low number registration plates in the Registry of Motor Vehicles,,online,,ok,Bill,814,,,exclude,EX-ADJACENT,auto
H3325,An Act relative to the safe operation of drones in the Commonwealth,,drones,,ok,Bill,5030,,,exclude,EX-ADJACENT,drone operation safety
H3358,An Act relative to airplane noise data collection and Good Neighbor Policy,,data,,ok,Bill,3294,,,exclude,EX-ADJACENT,auto
H3372,An Act relative to third party delivery data reporting,,data,,ok,Bill,7670,,,exclude,EX-ADJACENT,auto
H3429,An Act relative to unmanned aerial systems,,drones,,ok,Bill,6112,surveillance:2,"orrection for not more than six months, or both. (e) No person shall operate a UAS or UAV for the purpose of conducting surveillance or observation of an individual, their private real property, or dwelling inclusive of the curtilage without said indiv",exclude,EX-ADJACENT,drone surveillance offense; physical surveillance
H3431,An Act relative to license plate readers,,plate_reader,,ok,Bill,13428,,,include,IN-TEXT,"ALPR data regulation (retention, access, GPS coordinates)"
H3445,An Act relative to automobile technology,,technology,,ok,Bill,9551,,,exclude,EX-ADJACENT,auto
H3469,An Act relative to electronic toll payments,,electronic,,ok,Bill,941,,,exclude,EX-ADJACENT,auto
H351,An Act relative to consumer protection on online automobile franchise transactions,,online;consumer_protection,,ok,Bill,565,,,exclude,EX-ADJACENT,auto
H3561,An Act relative to posting information about the National Human Trafficking Resource Center hotline,,information,,ok,Bill,1685,,,exclude,EX-ADJACENT,auto
H3585,An Act relative to telehealth and digital equity for patients,,digital,,ok,Bill,23453,,,exclude,EX-ADJACENT,auto
H360,An Act relative to digital right to repair,,digital;right_to_repair,,ok,Bill,8534,,,exclude,EX-ADJACENT,right to repair
H3700,An Act relative to consumer protection and private utility lines and poles,,consumer_protection,,ok,Bill,2331,,,exclude,EX-ADJACENT,auto
H3763,An Act relative to healthcare proxy information,,information,,ok,Bill,1312,,,exclude,EX-ADJACENT,auto
H3780,"An Act related to the resiliency, public safety and quality of broadband in Massachusetts",,,J33,ok,Bill,5120,privacy_generic:1,"cluding broadband speed, peak usage data and packet loss; (iii) network management practices; (iv) data allowances; (v) privacy policies; and (vi) any other information that the department determines to be necessary. The department shall promulgat",exclude,EX-FALSEPOS,ISP privacy policies as one reporting item
H3818,An Act preventing rampant online technological exploitation and criminal trafficking,,online,,ok,Bill,19103,facial_recognition:1,"rom the visual depiction itself or information displayed in connection with the visual depiction, including through (i) facial recognition, (ii) an identifying marking on the individual, including a birthmark or piercing, (iii) an identifying feature of the",exclude,EX-ADJACENT,online exploitation criminal offense
H383,An Act allowing electronic delivery receipts for certain bulk sale customers,,electronic,,ok,Bill,911,,,exclude,EX-ADJACENT,auto
H3831,An Act to establish public internet service,,internet,J33,ok,Bill,5041,geolocation:1;privacy_generic:2,"the following steps: (a) not collect, use, disclose or retain internet data through the use of a device, web browsing, location information or any other internet usage beyond what is necessary to provide, maintain and secure the service; (b) monitor data info",include,IN-TEXT,municipal ISP data-minimization duty
H3847,"Communication from the Department of Energy Resources of the Executive Office of Energy and Environmental Affairs (under the provisions of section 12 of Chapter 25A of the General Laws) submitting regulations 225 CMR 24.00 – Municipal Fossil Fuel Free Building Construction and Renovation Demonstration Project, and also establishing data reporting requirements and assessment procedures to measure impacts of fossil fuel free building code requirements",,data,,ok,Bill,0,,,exclude,EX-ADJACENT,auto
H386,An Act relative to consumer health data,,data,,ok,Bill,15744,personal_information:10;data_privacy:5;biometric:3;geolocation:1;sale_of_data:3;privacy_generic:9,"consumer’s acceptance of a general or broad Terms of Use agreement or a similar document that contains descriptions of personal data processing along with other, unrelated information; (ii) A consumer hovering over, muting, pausing, or closing a given",include,IN-TEXT,auto
H3863,An Act relative to the dangerous release of personal civil rights information,,information,,ok,Bill,3443,personal_information:1,", shotguns, machine guns and ammunition therefor, as defined in said section 121 of said chapter 140, that contains any personal information including but not limited to names, street address, town, zip code, license identification numbers, date of birth, date",include,IN-TEXT,firearm-license personal info release restriction
H395,An Act relative to online advertising,,online,,ok,Bill,12240,personal_information:26;privacy_generic:2,"using or accessing a website, webpage or online service that includes the display of advertisements. (B) The term “non-personally identifiable information” means information collected or logged by a third party advertising network that cannot be used, by itself, to contact,",include,IN-TEXT,auto
H4021,An Act requiring employers to post information on veterans' benefits and services,,information,,ok,Bill,1349,,,exclude,EX-ADJACENT,auto
H4024,An Act establishing a commission on automated decision-making by government in the Commonwealth,,,J33,ok,Bill,7307,data_protection:1,"ctions; (v) examine matters related to data sources, data sharing agreements, data security provisions, compliance with data protection laws and regulations, and all other issues related to how data is protected, used, and shared by executive agencies usi",exclude,EX-ADJACENT,government automated-decision commission (AI governance)
H4027,An Act allowing print free digital legal notices for the town of Arlington,,digital,,ok,Bill,2276,,,exclude,EX-ADJACENT,auto
H4132,An Act allowing electronic delivery receipts for certain bulk sale customers,,electronic,,ok,Bill,695,,,exclude,EX-ADJACENT,auto
H4154,An Act relative to stores offering digital coupons,,digital,,ok,Bill,2006,,,exclude,EX-ADJACENT,auto
H419,"An Act establishing an advisory commission on science, technology, engineering, and mathematics",,technology,,ok,Bill,5216,,,exclude,EX-ADJACENT,auto
H4222,An Act advancing grid enhancement technology,,technology,,ok,Bill,3629,,,exclude,EX-ADJACENT,auto
H4242,An Act to provide for the future information technology needs of Massachusetts,,information;technology,,ok,Bill,0,,,exclude,EX-ADJACENT,auto
H4266,An Act protecting public higher education student information,,information,,ok,Bill,547,privacy_generic:1,"of Chapter 15A shall not be required to produce records defined as education records in the Family Education Rights and Privacy Act (20 USC 11232g) at 34 CFR § 99.3, including those education records designated by the public colleges and universit",include,IN-TEXT,"same title as H1283, later filing"
H431,An Act to expand the Massachusetts School Building Authority and create a new program to assist public school districts with 21st century technology upgrades,,technology,,ok,Bill,599,,,exclude,EX-ADJACENT,auto
H4331,An Act relative to authorizing electronic signatures for criminal complaints,,electronic,,ok,Bill,1268,,,exclude,EX-ADJACENT,auto
H4332,An Act to simplify the administrative aspect of evidentiary use of medical information,,information,,ok,Bill,851,,,exclude,EX-ADJACENT,auto
H4345,Extension Order - Consumer Protection and Professional Licensure,,consumer_protection,,ok,Extension Order,340,,,exclude,EX-ADJACENT,auto
H4346,Extension Order - Consumer Protection and Professional Licensure,,consumer_protection,,ok,Extension Order,298,,,exclude,EX-ADJACENT,auto
H4347,Extension Order - Consumer Protection and Professional Licensure,,consumer_protection,,ok,Extension Order,330,,,exclude,EX-ADJACENT,auto
H4348,Extension Order - Consumer Protection and Professional Licensure,,consumer_protection,,ok,Extension Order,315,,,exclude,EX-ADJACENT,auto
H4349,Extension Order - Consumer Protection and Professional Licensure,,consumer_protection,,ok,Extension Order,287,,,exclude,EX-ADJACENT,auto
H4378,"Extension Order - Telecommunications, Utilities and Energy",,telecommunications,,ok,Extension Order,1045,,,exclude,EX-ADJACENT,auto
H4406,An Act establishing a task force on the use of deepfake and digital content forgery,,digital;deepfake,J33,ok,Bill,6406,privacy_generic:2,"deepfakes impacting state and local government, Massachusetts-based businesses, and residents. (2) The risks, including privacy risks, associated with the deployment of digital content forgery technologies and deepfakes on Massachusetts state and",exclude,EX-ADJACENT,"deepfake task force (content forgery, not personal data)"
H4411,"An Act relating to patient cost, benefit and coverage information, choice, and price transparency",,information,,ok,Bill,8003,,,exclude,EX-ADJACENT,auto
H4421,An Act establishing an education-to-career data center,,data,,ok,Bill,13269,personal_information:3;data_privacy:1;security_breach:1;privacy_generic:10,"al of an individual’s name, address, employer, date of birth, social security number, driver’s license number and other personal information from a data record. Data shall be considered “de-identified” only if satisfying the standard for de-identification set",include,IN-TEXT,auto
H4456,An Act relative to financial technology services,,technology,,ok,Bill,27356,privacy_generic:1,"ime, without incurring a cancellation fee imposed by the provider. Comply with all applicable local, state, and federal privacy and information security laws. If a provider solicits, charges, or receives a tip, gratuity, or other donation from a c",exclude,EX-FALSEPOS,incidental reference to complying with privacy laws
H4538,"Extension Order - Telecommunications, Utilities and Energy",,telecommunications,,ok,Extension Order,299,,,exclude,EX-ADJACENT,auto
H4571,Extension Order - Consumer Protection and Professional Licensure,,consumer_protection,,ok,Extension Order,254,,,exclude,EX-ADJACENT,auto
H4578,Study Order,,,J33,ok,Order,0,,,exclude,EX-ADJACENT,auto
H459,An Act relative to creating statutes relating to requiring school boards to make information about learning materials and educational activities used for pupil instruction available to the public,,information,,ok,Bill,11694,,,exclude,EX-ADJACENT,auto
H4631,An Act to modernize funding for community media programming,,,J33,ok,Bill,19863,,,exclude,EX-ADJACENT,auto
H4642,An Act to provide for the future information technology needs of Massachusetts.,,information;technology,,ok,Bill,0,,,exclude,EX-ADJACENT,auto
H4648,An Act to provide for the future information technology needs of Massachusetts.,,information;technology,,ok,Bill,0,,,exclude,EX-ADJACENT,auto
H4650,"An Act allowing ""print free"" digital legal notices for the town of Lexington",,digital,,ok,Bill,2314,,,exclude,EX-ADJACENT,auto
H4664,"An Act allowing ""print-free"" digital legal notices for the town of Lincoln",,digital,,ok,Bill,1645,,,exclude,EX-ADJACENT,auto
H4776,"Extension Order - Telecommunications, Utilities and Energy",,telecommunications,,ok,Extension Order,300,,,exclude,EX-ADJACENT,auto
H4798,Extension Order - Consumer Protection and Professional Licensure,,consumer_protection,,ok,Extension Order,254,,,exclude,EX-ADJACENT,auto
H4802,An Act addressing challenges facing public libraries and digital resource collections,,digital,,ok,Bill,6360,privacy_generic:2,"ese differences may impact consumer experience and access to diverse collections; (iv) research and describe how patron privacy records and metadata are kept, used, accessed and sold as it relates to patrons using and accessing digital and electro",exclude,EX-ADJACENT,library study; patron privacy one item of broader scope
H4832,An Act relative to civil rights and technology,,technology,,ok,Bill,6058,surveillance:2,ation in which a warrant would be required if the entry onto that property were made by an officer; and (ii) to conduct surveillance or location tracking in any situation in which a warrant or other legally required judicial authorization would be requ,exclude,EX-ADJACENT,robotic-device regulation; no personal-data handling rule
H4838,An Act relative to airplane noise data collection and Good Neighbor Policy,,data,,ok,Bill,3056,,,exclude,EX-ADJACENT,auto
H4889,An Act to provide for the future information technology needs of Massachusetts,,information;technology,,ok,Bill,0,,,exclude,EX-ADJACENT,auto
H4955,Extension Order - Consumer Protection and Professional Licensure,,consumer_protection,,ok,Extension Order,332,,,exclude,EX-ADJACENT,auto
H4961,Extension Order - Consumer Protection and Professional Licensure,,consumer_protection,,ok,Extension Order,313,,,exclude,EX-ADJACENT,auto
H530,An Act establishing an education-to-career data center,,data,,ok,Bill,13041,personal_information:3;data_privacy:1;security_breach:1;privacy_generic:10,"al of an individual’s name, address, employer, date of birth, social security number, driver’s license number and other personal information from a data record. Data shall be considered “de-identified” only if satisfying the standard for de-identification set",include,IN-TEXT,auto
H59,An Act relative to the oversight of cable contracts,,,J33,ok,Bill,647,,,exclude,EX-ADJACENT,auto
H61,An Act relative to filing slander against anonymous parties on the internet,,internet,J33,ok,Bill,1081,,,exclude,EX-ADJACENT,auto
H62,An Act establishing the Massachusetts open data standard,,data,J33,ok,Bill,7116,privacy_generic:1,commitment to agile management; (3) support for open data platforms and data standardization; and (4) commitment to the privacy of personal identifying information. Section 3. (a) The chief data officer shall establish the Massachusetts Open Data,exclude,EX-ADJACENT,open data standard (government transparency)
H64,An Act establishing a commission on automated decision-making by government in the Commonwealth,,,J33,ok,Bill,10655,data_protection:1,"ctions; (v) examine matters related to data sources, data sharing agreements, data security provisions, compliance with data protection laws and regulations, and all other issues related to how data is protected, used, and shared by agencies using automat",exclude,EX-ADJACENT,government automated-decision commission (AI governance)
H65,An Act relative to efficient access to the affordable connectivity program,,,J33,ok,Bill,566,,,exclude,EX-ADJACENT,auto
H659,An Act relative to candidate information on ballots,,information,,ok,Bill,1722,,,exclude,EX-ADJACENT,auto
H66,An Act relative to cyberattack response in Massachusetts,,,J33,ok,Bill,1596,,,exclude,EX-ADJACENT,auto
H67,An Act creating a task force to study the use of the internet by sex offenders,,internet,J33,ok,Bill,1771,,,exclude,EX-ADJACENT,auto
H678,An Act relative to random placement for candidate names and removal of incumbent information on primary and state ballots,,information,,ok,Bill,1251,,,exclude,EX-ADJACENT,auto
H68,An Act relative to internet service outages,,internet,J33,ok,Bill,7726,,,exclude,EX-ADJACENT,auto
H69,An Act establishing a special commission on blockchain and cryptocurrency,,,J33,ok,Bill,4925,privacy_generic:2,"ll be charged with examining the following: (a) The feasibility, validity and admissibility as well as risks, including privacy risks, and benefits of using blockchain technology in state and local government and Massachusetts-based businesses; pr",exclude,EX-ADJACENT,blockchain commission
H70,An Act providing for consumer protection in a digital economy,,digital;consumer_protection,J33,ok,Bill,434,,,exclude,EX-ADJACENT,auto
H704,An Act relative to honest online political advertisement disclosure and election interference,,online,,ok,Bill,3147,,,exclude,EX-ADJACENT,auto
H71,An Act creating a pilot program to explore digital innovation in government,,digital,J33,ok,Bill,1297,,,exclude,EX-ADJACENT,auto
H72,An Act to protect against deep fakes used to facilitate criminal or torturous conduct,,deepfake,J33,ok,Bill,4655,privacy_generic:2,"ration of deepfakes impacting state government, Massachusetts-based businesses, and residents. (2) The risks, including privacy risks, associated with the deployment of digital content forgery technologies and deepfakes on Massachusetts State and",exclude,EX-ADJACENT,deepfake criminal offense
H728,An Act relative to public information requests,,information,,ok,Bill,1717,,,exclude,EX-ADJACENT,auto
H74,An Act to modernize funding for community media programming,,,J33,ok,Bill,18420,,,exclude,EX-ADJACENT,auto
H75,An Act creating the Massachusetts digital equity broadband adoption program,,digital,J33,ok,Bill,5019,,,exclude,EX-ADJACENT,auto
H77,An Act relative to the Office of Information Technology considering cloud computing service options under certain circumstances,,information;technology,J33,ok,Bill,3274,data_protection:1,"when making a purchase for an information technology, cloud computing service options, including any security benefits, data protection safeguards, and cost savings associated with purchasing a cloud computing service option; (12) develop systems and meth",exclude,EX-ADJACENT,state IT cloud procurement
H78,An Act relative to assuring a jumpstart in investments in telecoms to preserve access to the internet,,internet,J33,ok,Bill,4935,,,exclude,EX-ADJACENT,auto
H79,An Act relative to providing for net neutrality and consumer protection,,consumer_protection,J33,ok,Bill,14863,,,exclude,EX-ADJACENT,auto
H81,An Act establishing free broadband internet access in public housing,,internet,J33,ok,Bill,2283,privacy_generic:1,"to food, housing, work, education, human dignity, life, non-discrimination, equality, the prohibition against torture, privacy, access to information, and the freedoms of association, assembly and movement. Broadband internet access is now an ess",exclude,EX-ADJACENT,broadband in public housing
H82,An Act relative to protecting the residents of the Commonwealth,,,J33,ok,Bill,5701,,,exclude,EX-ADJACENT,auto
H84,An Act relative to electronic security for the Commonwealth,,electronic,J33,ok,Bill,2081,,,exclude,EX-ADJACENT,auto
H85,An Act internet access on private ways,,internet,J33,ok,Bill,222,,,exclude,EX-ADJACENT,auto
H86,"Resolve establishing a special commission to review advancements in educational technology, digital/online learning and related programs",,digital;online;technology,J33,ok,Resolve,3183,,,exclude,EX-ADJACENT,auto
H871,"An Act to require producer responsibility for collection, reuse and recycling of discarded electronic products",,electronic,,ok,Bill,42515,,,exclude,EX-ADJACENT,auto
H933,An Act providing mortgage customers additional mandatory information regarding their accounts,,information,,ok,Bill,492,,,exclude,EX-ADJACENT,auto
H954,"An Act protecting the use of bank names, trade names and trademarks in electronic communications",,electronic,,ok,Bill,4265,,,exclude,EX-ADJACENT,auto
H972,An Act to require financial institutions to pay late fees when it fails to conduct an electronic transfer,,electronic,,ok,Bill,975,,,exclude,EX-ADJACENT,auto
H986,An Act relative to telehealth and digital equity for patients,,digital,,ok,Bill,45428,biometric:1;privacy_generic:7,"bers and member guidance outputs from healthcare providers, including the remote monitoring of a patient’s vital signs, biometric data, or other objective or subjective data by a device that transmits such data electronically to a healthcare practit",exclude,EX-ADJACENT,telehealth access
H994,An Act to increase access and transparency of health insurance data,,data,,ok,Bill,926,,,exclude,EX-ADJACENT,auto
S1106,An Act specifying an electronic system to ensure that sales of certain products containing pseudoephedrine (PSE) do not exceed limits established under federal law,,electronic,,ok,Bill,5153,,,exclude,EX-ADJACENT,auto
S1111,An Act relative to civil asset forfeiture transparency and data reporting,,data,,ok,Bill,4406,personal_information:1;privacy_generic:1,"he publication of information in violation of any law or regulation relating to criminal offender record information or personally identifiable information, or any other applicable privacy law. If an agency has made no seizures or forfeitures during the previous year, a null",exclude,EX-ADJACENT,asset forfeiture transparency reporting
S1115,An Act to protect the free flow of information in Massachusetts,,information,,ok,Bill,5891,,,exclude,EX-ADJACENT,auto
S1137,An Act relative to legal advertisements in online-only newspapers,,online,,ok,Bill,1074,,,exclude,EX-ADJACENT,auto
S1144,An Act regulating the use of credit reports by employers,,credit_reporting,,ok,Bill,2452,,,exclude,EX-ADJACENT,employer use of credit reports (consumer-finance domain)
S1187,An Act to make data on workforce development outcomes public and accessible,,data,,ok,Bill,6617,privacy_generic:4,"vices, and educational and other credential attainment. The department shall adhere to all applicable state and federal privacy laws, to protect individuals’ private information while allowing measurement of aggregate data. SECTION 3. Not later th",exclude,EX-ADJACENT,workforce statistics
S1378,An Act regarding death certificates online,,online,,ok,Bill,280,,,exclude,EX-ADJACENT,auto
S1386,An Act relative to the determination of need of new technology,,technology,,ok,Bill,697,,,exclude,EX-ADJACENT,auto
S142,An Act relative to digital right to repair,,digital;right_to_repair,,ok,Bill,8531,,,exclude,EX-ADJACENT,"right to repair: data access, not privacy protection"
S1433,An Act relative to stroke data reporting,,data,,ok,Bill,984,,,exclude,EX-ADJACENT,auto
S1470,An Act relative to personal health information portability and accessibility,,information,,ok,Bill,3594,,,exclude,EX-ADJACENT,auto
S1492,An Act relative to crime gun data reporting and analysis,,data,,ok,Bill,2874,,,exclude,EX-ADJACENT,auto
S150,An Act relative to consumer protection on online automobile franchise transactions,,online;consumer_protection,,ok,Bill,555,,,exclude,EX-ADJACENT,auto
S1557,An Act relative to the use of unmanned aerial systems,,drones,,ok,Bill,7304,biometric:1;facial_recognition:1,"avoid data collection on individuals, homes, and areas other than the warrant subject. (2) Facial recognition and other biometric matching technology shall not be used to analyze data produced by an unmanned aerial vehicle, except as judicially auth",include,IN-TEXT,police drone data minimization; biometric analysis ban
S156,An Act relative to the safe use of electronic devices by children,,electronic,,ok,Bill,766,,,exclude,EX-ADJACENT,auto
S1567,Resolve establishing a special commission to study technology to monitor and protect individuals in law enforcement custody,,technology,,ok,Resolve,2118,privacy_generic:1,on; (v) using technology to monitor and report on in-custody health or safety incidents; (vi) safeguards to protect the privacy and rights of individuals being monitored; (vii) cost assessments of the implementing the technology and of the civil l,exclude,EX-ADJACENT,in-custody monitoring technology study
S170,An Act establishing an online lottery,,online,,ok,Bill,12353,,,exclude,EX-ADJACENT,auto
S184,An Act relative to consumer health data,,data,,ok,Bill,15744,personal_information:10;data_privacy:5;biometric:3;geolocation:1;sale_of_data:3;privacy_generic:9,"consumer’s acceptance of a general or broad Terms of Use agreement or a similar document that contains descriptions of personal data processing along with other, unrelated information; (ii) A consumer hovering over, muting, pausing, or closing a given",include,IN-TEXT,auto
S1846,An Act establishing a tax on local revenues from digital advertising,,digital,,ok,Bill,5126,,,exclude,EX-ADJACENT,auto
S1877,An Act clarifying occupancy excise and internet hotel room resellers,,internet,,ok,Bill,465,,,exclude,EX-ADJACENT,auto
S193,An Act to protect life-saving electronic health records from reckless corporate greed and corruption,,electronic,,ok,Bill,3040,,,exclude,EX-ADJACENT,auto
S1958,An Act relative to qualified data centers in the Commonwealth,,data,,ok,Bill,13619,biometric:1;surveillance:1,"personnel, permanent security guards, video camera surveillance, an electronic system requiring pass codes, keycards or biometric scans or similar security features. “Qualification period”, a 20-year period of time beginning on the effective date of",exclude,EX-FALSEPOS,companion of H2792
S198,An Act protecting personal identifying information,,information,J33,ok,Bill,188,personal_information:1,"Section 1 of Chapter 93H, as appearing in the 2020 Official Edition, is hereby amended by adding to the definition of “personal information” the following subsection:- (d) date of birth.",include,IN-COMMITTEE,adds date of birth to c.93H personal information
S2060,An Act regarding information governance,,information,,ok,Bill,1583,privacy_generic:1,"intain, and enforce a comprehensive information governance plan, including, at minimum, protocols for: storage, naming, privacy, security, routine disposal and methods for halting that disposal when necessary, and appropriate sharing of documents",exclude,EX-ADJACENT,municipal records management
S2188,An Act modernizing library access to electronic books and digital audiobooks,,electronic;digital,,ok,Bill,2329,,,exclude,EX-ADJACENT,auto
S2210,An Act relative to increasing operational safety for keyless ignition technology in motor vehicles,,technology,,ok,Bill,7673,,,exclude,EX-ADJACENT,auto
S2235,An Act to remediate and reopen the visitor information center on I-95 in Northern Bristol County for traveler safety and convenience and to promote regional tourism and economic development,,information,,ok,Bill,2038,,,exclude,EX-ADJACENT,auto
S2261,An Act relative to online driver education,,online,,ok,Bill,650,,,exclude,EX-ADJACENT,auto
S2308,An Act relative to unmanned aerial vehicles in the Commonwealth,,drones,,ok,Bill,1032,,,exclude,EX-ADJACENT,drone operation regulation
S2367,An Act relative to third party delivery data reporting,,data,,ok,Bill,7670,,,exclude,EX-ADJACENT,auto
S2478,An Act relative to digital right to repair,,digital;right_to_repair,,ok,Bill,8558,,,exclude,EX-ADJACENT,right to repair
S26,An Act relative to the modernization of state agency information technology systems,,information;technology,J33,ok,Bill,6953,surveillance:1;privacy_generic:1,"imaging, printing, scanning, and copying peripherals and input, output, and storage devices necessary for security and surveillance, peripheral equipment designed to be controlled by the central processing unit of a computer, software and firmware and",exclude,EX-ADJACENT,state agency IT modernization
S2620,"Telecommunications, Utilities, and Energy - Extension Order",,telecommunications,,ok,Extension Order,841,,,exclude,EX-ADJACENT,auto
S2630,"Order relative to authorizing the joint committee on Consumer Protection and Professional Licensure, to make an investigation and study of certain current Senate documents relative to consumer protection and professional licensure matters",,consumer_protection,,ok,Order,380,,,exclude,EX-ADJACENT,auto
S2637,"An Act relating to patient cost, benefit and coverage information, choice, and price transparency",,information,,ok,Bill,8004,,,exclude,EX-ADJACENT,auto
S2666,An Act establishing an education-to-career data center,,data,,ok,Bill,13269,personal_information:3;data_privacy:1;security_breach:1;privacy_generic:10,"al of an individual’s name, address, employer, date of birth, social security number, driver’s license number and other personal information from a data record. Data shall be considered “de-identified” only if satisfying the standard for de-identification set",include,IN-TEXT,auto
S27,"An Act to protect private electronic communication, browsing and other activity",,electronic,J33,ok,Bill,30818,geolocation:13;surveillance:2;privacy_generic:2,"lectronic form and that enables access to, or use of, an electronic communication service, remote computing service, or location information service. “Electronic device information”, electronic communication information and location information stored in a dev",include,IN-COMMITTEE,companion of H1653
S2718,"Telecommunications, Utilities and Energy - Extension Order",,telecommunications,,ok,Extension Order,429,,,exclude,EX-ADJACENT,auto
S2719,"Order relative to authorizing the joint committee on Telecommunications, Utilities and Energy to make an investigation and study of certain current Senate documents relative to matters of telecommunications, utilities and energy.",,telecommunications,,ok,Order,626,,,exclude,EX-ADJACENT,auto
S2730,An Act relative to deceptive and fraudulent deepfakes in election communications,,deepfake,J33,ok,Bill,5331,,,exclude,EX-ADJACENT,auto
S275,An Act relative to licensed care and financial resource information for parents of newborns,,information,,ok,Bill,1422,,,exclude,EX-ADJACENT,auto
S2771,An Act to modernize funding for community media programming,,,J33,ok,Bill,19863,,,exclude,EX-ADJACENT,auto
S28,An Act to ensure a free and open internet in the commonwealth,,internet,J33,ok,Bill,16226,,,exclude,EX-ADJACENT,auto
S2806,An Act to provide for the future information technology needs of Massachusetts.,,information;technology,,ok,Amendment,12677,,,exclude,EX-ADJACENT,auto
S2810,An Act relative to fusion investment and research for sustainable technology to be known as the FIRST Act,,technology,,ok,Bill,31560,,,exclude,EX-ADJACENT,auto
S2814,An Act to provide for the future information technology needs of Massachusetts,,information;technology,,ok,Amendment,18566,,,exclude,EX-ADJACENT,auto
S2831,An Act relative to disinformation in elections,,,J33,ok,Bill,6013,,,exclude,EX-ADJACENT,auto
S2832,"Telecommunications, Utilities, and Energy - Extension Order",,telecommunications,,ok,Extension Order,418,,,exclude,EX-ADJACENT,auto
S29,An Act establishing a special commission on blockchain and cryptocurrency,,,J33,ok,Bill,4934,privacy_generic:2,"ll be charged with examining the following: (a) The feasibility, validity and admissibility as well as risks, including privacy risks, and benefits of using blockchain technology in state and local government and commonwealth-based businesses; pro",exclude,EX-ADJACENT,blockchain commission
S2907,"Order relative to authorizing the joint committee on Consumer Protection and Professional Licensure, to make an investigation and study of a certain current Senate document relative to online lottery",,online;consumer_protection,,ok,Order,217,,,exclude,EX-ADJACENT,auto
S293,An Act relative to student assessment data,,data,,ok,Bill,676,,,exclude,EX-ADJACENT,auto
S31,An Act drafted with the help of ChatGPT to regulate generative artificial intelligence models like ChatGPT,,artificial_intelligence,J33,ok,Bill,3412,privacy_generic:1,"ter is to regulate generative artificial intelligence models, such as ChatGPT, in order to protect the public’s safety, privacy and intellectual property rights. Section 2. Definitions For the purposes of this chapter, the following words shall ha",exclude,EX-ADJACENT,generative AI regulation without personal-data provisions
S32,An Act relative to cyber incident response,,,J33,ok,Bill,12542,security_breach:4,"and section 13, the following words shall have the following meanings, unless the context clearly requires otherwise: “Breach of security” shall have the same meaning as defined in section 1 of chapter 93H. “Critical infrastructure”, the systems and assets,",exclude,EX-ADJACENT,government cyber incident response
S33,An Act establishing a commission on automated decision-making by government in the commonwealth,,,J33,ok,Bill,10644,data_protection:1,"ctions; (v) examine matters related to data sources, data sharing agreements, data security provisions, compliance with data protection laws and regulations, and all other issues related to how data is protected, used, and shared by agencies using automat",exclude,EX-ADJACENT,government automated-decision commission (AI governance)
S34,An Act to modernize funding for community media programming,,,J33,ok,Bill,18362,,,exclude,EX-ADJACENT,auto
S343,An Act establishing an education-to-career data center,,data,,ok,Bill,13041,personal_information:3;data_privacy:1;security_breach:1;privacy_generic:10,"al of an individual’s name, address, employer, date of birth, social security number, driver’s license number and other personal information from a data record. Data shall be considered “de-identified” only if satisfying the standard for de-identification set",include,IN-TEXT,auto
S35,An Act protecting against cyber ransom,,,J33,ok,Bill,574,,,exclude,EX-ADJACENT,auto
S37,An Act relative to protecting the residents of the Commonwealth,,,J33,ok,Bill,5701,,,exclude,EX-ADJACENT,auto
S38,"Resolve establishing a special commission to review advancements in educational technology, digital/online learning and related programs in order to provide the Commonwealth with the most current research and information",,information;digital;online;technology,J33,ok,Resolve,2576,,,exclude,EX-ADJACENT,auto
S419,An Act establishing an early electronic voting option for municipal elections,,electronic,,ok,Bill,4256,,,exclude,EX-ADJACENT,auto
S46,An Act relative to the Farm Technology Review Commission,,technology,,ok,Bill,2811,,,exclude,EX-ADJACENT,auto
S554,"An Act to require producer responsibility for collection, reuse and recycling of discarded electronic products",,electronic,,ok,Bill,42544,,,exclude,EX-ADJACENT,auto
S616,"An Act relating to patient cost, benefit and coverage information, choice, and price transparency",,information,,ok,Bill,7604,,,exclude,EX-ADJACENT,auto
S62,An Act relative to data transparency in the cannabis industry,,data,,ok,Bill,1875,,,exclude,EX-ADJACENT,auto
S63,An Act to require closed captioning in telecommunications in public areas,,telecommunications,,ok,Bill,1652,,,exclude,EX-ADJACENT,auto
S655,An Act relative to telehealth and digital equity for patients,,digital,,ok,Bill,44927,biometric:1;privacy_generic:7,"bers and member guidance outputs from healthcare providers, including the remote monitoring of a patient’s vital signs, biometric data, or other objective or subjective data by a device that transmits such data electronically to a healthcare practit",exclude,EX-ADJACENT,telehealth access
S743,An Act to ensure uniform and transparent reporting of medical debt data,,data,,ok,Bill,5745,,,exclude,EX-ADJACENT,auto
S78,An Act updating the juvenile justice policy and data board,,data,,ok,Bill,617,,,exclude,EX-ADJACENT,auto
S80,An Act creating an electronic backpack for foster children’s educational records,,electronic,,ok,Bill,3195,,,exclude,EX-ADJACENT,auto
S801,An Act strengthening health spending accountability processes within the health policy commission and the center for health information and analysis,,information,,ok,Bill,11266,,,exclude,EX-ADJACENT,auto
S81,An Act requiring licensure for use of graduated electronic decelerators,,electronic,,ok,Bill,28130,,,exclude,EX-ADJACENT,auto
S844,An Act protecting public higher education student information,,information,,ok,Bill,615,privacy_generic:1,"ted by the public institution of higher education as directory information, as defined under the Family Educational and Privacy Rights Act, 20 U.S.C. section 1232 (g). This section shall not apply to requests from federal, state, or municipal agen",include,IN-TEXT,companion of H1283
S865,An Act improving municipal access to general existing housing data,,data,,ok,Bill,2681,,,exclude,EX-ADJACENT,auto
S87,An Act providing for coordinated data and assistance to address family homelessness,,data,,ok,Bill,4162,,,exclude,EX-ADJACENT,auto
S877,An Act relative to the use of credit reporting in housing,,credit_reporting,,ok,Bill,4368,,,exclude,EX-ADJACENT,credit reporting in housing (consumer-finance domain)
S900,An Act relative to electronic meetings and voting in condominiums,,electronic,,ok,Bill,3122,,,exclude,EX-ADJACENT,auto
S930,An Act relative to access to a decedent's electronic mail accounts,,electronic,,ok,Bill,24223,,,exclude,EX-ADJACENT,auto
S931,An Act improving juvenile justice data collection,,data,,ok,Bill,18599,electronic_monitoring:1,"a case to district or superior Court; to impose bail; to impose pretrial release conditions; to place a juvenile on an electronic monitoring device, either as a condition of pretrial release, as a condition of probation after disposition of a case to revoke",exclude,EX-ADJACENT,juvenile justice statistics
S974,An Act relative to fiduciary access to digital assets,,digital,,ok,Bill,23470,,,exclude,EX-ADJACENT,auto
H1745,An Act relative to transmitting indecent visual depictions by teens and the unlawful distribution of explicit images,,,,added_by_feedback,Bill,,,,include,IN-ENACTED-FEEDBACK,"NDII offense, SECTION 5"
S1012,An Act relative to transmitting indecent visual depictions by teens and the unlawful distribution of explicit images,,,,added_by_feedback,Bill,,,,include,IN-ENACTED-FEEDBACK,"NDII offense, SECTION 5"
S1139,An Act relative to transmitting indecent visual depictions by teens and the unlawful distribution of explicit images,,,,added_by_feedback,Bill,,,,include,IN-ENACTED-FEEDBACK,"NDII offense, SECTION 5"
H4115,An Act to prevent abuse and exploitation,,,,added_by_feedback,Bill,,,,include,IN-ENACTED-FEEDBACK,"Judiciary redraft carrying the NDII offense, SECTION 6"
H4241,An Act to prevent abuse and exploitation,,,,added_by_feedback,Bill,,,,include,IN-ENACTED-FEEDBACK,House-engrossed vehicle of the NDII offense
H4744,An Act to prevent abuse and exploitation,,,,added_by_feedback,Bill,,,,include,IN-ENACTED-FEEDBACK,conference vehicle; enacted as 2024 c.118 (NDII at s.6)
