bill,title,text_terms,snippet,url
H1,"An Act making appropriations for the Fiscal Year 2024 for the maintenance of the departments, boards, commissi",personal_information:2;privacy_generic:3;surveillance:14,"ces and the department of public health, specifically early intervention, may share with each other personal data regarding the parents and children who receive services provided under early education and care programs administered by the commonwealth for investi",https://malegislature.gov/Bills/193/H1
H1039,An Act providing insurance coverage for Alfi’s syndrome,genetic_privacy:5,"s syndrome”, medically necessary assessments, evaluations including neuropsychological evaluations, genetic testing or other tests to diagnose whether an individual has alfi’'s syndrome. “habilitative or rehabilitative care”, professional, counseling and guidanc",https://malegislature.gov/Bills/193/H1039
H1049,An Act protecting consumers' privacy in mortgage applications,consumer_privacy:1;personal_information:1;privacy_generic:1,"and conspicuously state in the initial phase of the solicitation that the solicitation is based on personal information about the consumer that was purchased, directly or indirectly, from a consumer reporting agency without the knowledge or permission of the lender or",https://malegislature.gov/Bills/193/H1049
H1062,An Act to protect taxpayer confidentiality,record_nondisclosure:2,being examined and the records disclosed to the treasurer in the course of said examinations shall not be subject to disclosure pursuant to chapter 66 and are not public records within the meaning of chapter 4.” section 2: this act becomes effective immediately upon signature,https://malegislature.gov/Bills/193/H1062
H1083,An Act to facilitate alternatives to foreclosure,personal_information:2,"all information received consistent with applicable federal, state laws and regulations. access to personal information shall be limited to those officers and employees of the organization who require the information to properly perform services under the program. the",https://malegislature.gov/Bills/193/H1083
H1098,An Act relative to auto insurance costs for traditionally low-and moderate income communities,geolocation:1,"the commissioner of insurance shall conduct an investigation and study of the impact of geographic location data in automobile insurance rate calculation. the commissioner shall evaluate, at a minimum: (1) the automobile insurance premiums for each zip code in t",https://malegislature.gov/Bills/193/H1098
H1099,An Act establishing a transportation network driver bill of rights,genetic_privacy:2;record_nondisclosure:2;surveillance:1,"shall not include persons whose sexual orientation involves minor children as the sex object, age, genetic information or ancestry of such individual or group because of imbalance which may exist between the total number or percentage of persons employed by any employ",https://malegislature.gov/Bills/193/H1099
H1105,An Act establishing uniform enforcement and confidentiality provisions relative to certain licensees under the,record_nondisclosure:14,"and any copies thereof in the possession of any licensee under the supervision of the commissioner, shall be confidential and privileged communications, shall not be subject to subpoena and shall not be a public record under clause twenty-sixth of section 7 of chapter 4.",https://malegislature.gov/Bills/193/H1105
H1106,An Act relative to the regulation of money transmission by the Division of Banks,record_nondisclosure:1,"ed delegate information, are confidential and privileged, shall not be subject to subpoena, and are not subject to disclosure under chapter 66 of the general laws. for the purpose of this paragraph, records of investigation and reports of examinations shall include records o",https://malegislature.gov/Bills/193/H1106
H1112,An Act relative to the Massachusetts Uniform Commercial Code,biometric:1,"thereof a comma, (ii) inserting, following the word “numbers”, the following:-- “, symbols, sounds, biometrics”, and (iii) inserting, following the word “customer”, the following:-- “or requiring a payment order to be sent from a known email address, ip addre",https://malegislature.gov/Bills/193/H1112
H1115,An Act relative to the diagnosis and treatment of breast cancer,genetic_privacy:4,"er including, but not limited to, family history, prior personal history of breast cancer, positive genetic testing, heterogeneously or extremely dense breast tissue based on the breast imaging reporting and data system established by the american college of rad",https://malegislature.gov/Bills/193/H1115
H1158,"An Act establishing protections and accountability for TNC and DNC workers, consumers, and communities (EPA)",privacy_generic:1;record_nondisclosure:1,"mmonwealth. the commonwealth will provide versions of this data, redacted to address the reasonable privacy concerns of both application-based transportation workers and consumers only to the extent absolutely necessary to individuals and organizations with",https://malegislature.gov/Bills/193/H1158
H1161,An Act to improve sickle cell care,data_privacy:1;genetic_privacy:1;privacy_generic:2;record_nondisclosure:2,r establishing a registry and obtaining information consistent with informed consent and protecting data privacy; (c) how to enhance the coordination of health care services for individuals with sickle cell disease who are transitioning from pediatric to adult h,https://malegislature.gov/Bills/193/H1161
H1165,An Act making technical changes to the Betsy Lehman Center for patient safety and medical error reduction enab,personal_information:1;privacy_generic:1;record_nondisclosure:2,"ency that collects or maintains patient safety information may transmit such information, including personal data under section 1 of chapter 66a, to each other through an agreement, that can be an interagency service agreement, that provides for any safeguards ne",https://malegislature.gov/Bills/193/H1165
H1176,An Act relative to promoting comprehensive transparency in the pharmaceutical industry,record_nondisclosure:3,"dy or studies shall be considered to be a trade secret and confidential commercial information, and shall not be a public record pursuant to clause twenty-sixth of section 7 of chapter 4 or chapter 66, and shall not be subject to public inspection, and shall not be released in",https://malegislature.gov/Bills/193/H1176
H1185,An Act strengthening market oversight of the Commonwealth's Health Care System,privacy_generic:1;record_nondisclosure:1,"n believes that such disclosure should be made in the public interest after taking into account any privacy, trade secret or anti-competitive considerations. the confidential information and documents shall not be public records and shall be exempt from dis",https://malegislature.gov/Bills/193/H1185
H1197,An Act to provide rapid whole genome sequencing,genetic_privacy:2;privacy_generic:1,"s symptoms that suggest a broad differential diagnosis that would require an evaluation by multiple genetic tests if rapid whole genome sequencing is not performed, (ii) the patient’s treating healthcare provider has determined that timely identification of a mo",https://malegislature.gov/Bills/193/H1197
H1201,An Act to promote transparency in prescription drug prices,record_nondisclosure:3,", data collected by the center pursuant to this section from pharmaceutical manufacturing companies shall not be a public record under clause twenty-sixth of section 7 of chapter 4 or under chapter 66. section 15. said chapter 12c is hereby further amended by striking out secti",https://malegislature.gov/Bills/193/H1201
H1211,An Act relative to nurse licensure compact in Massachusetts,biometric:3;personal_information:2;privacy_generic:2,to other entities or individuals without the express permission of the contributing state. (f) any personally identifiable information obtained from the coordinated licensure information system by a party state licensing board shall not be shared with non-party states or disclose,https://malegislature.gov/Bills/193/H1211
H1215,An Act relative to pharmacy benefit managers,record_nondisclosure:1,"in the records, reports or books of any pharmacy benefit manager examined pursuant to this section shall be confidential and open only to the inspection of the commissioner, or the examiners and assistants. access to such confidential material may be granted by the comm",https://malegislature.gov/Bills/193/H1215
H1238,An Act to improve patient care through integrated electronic health records,data_privacy:1;privacy_generic:2,formation technology; 1 shall be an expert in law and health policy; 1 shall be an expert in health information privacy and security; 1 shall be from an academic medical center; 1 shall be from a community hospital; 1 shall be from a community health center; 1 shall be,https://malegislature.gov/Bills/193/H1238
H1250,An Act to advance health equity,privacy_generic:1,"important for the general public and decision makers. these dashboards shall comply with applicable privacy law but shall be publicly presented in a user-friendly format, with a focus on ensuring accessibility in its design; and (f) coordinating with quasi-",https://malegislature.gov/Bills/193/H1250
H1251,An Act relative to Massachusetts joining the nursing licensure compact,biometric:3;personal_information:2;privacy_generic:2,to other entities or individuals without the express permission of the contributing state. (f) any personally identifiable information obtained from the coordinated licensure information system by a party state licensing board shall not be shared with non-party states or disclose,https://malegislature.gov/Bills/193/H1251
H1262,An Act relative to community college affordability,privacy_generic:2,"ancial information and student educational information, including the family educational rights and privacy act of 1974 (20 u.s.c. section 1232g), and any other state or federal law relating to the privacy of student information. the commissioner shall dire",https://malegislature.gov/Bills/193/H1262
H1264,An Act relative to advanced placement examinations,privacy_generic:1,"of trustees, with all necessary data, in accordance with the federal family educational rights and privacy act of 1974, to conduct the analysis. section 2. the first annual report required by subsection (c) of section 39a of chapter 15a of the general laws",https://malegislature.gov/Bills/193/H1264
H1280,An Act relative to advanced placement examinations and college credit,privacy_generic:1,"of trustees, with all necessary data, in accordance with the federal family educational rights and privacy act of 1974, to conduct the analysis. section 2. the first annual report required by subsection (c) of section 39a of chapter 15a of the general laws",https://malegislature.gov/Bills/193/H1280
H1283,An Act protecting public higher education student information,privacy_generic:1,"not be required to produce records defined as education records in the family education rights and privacy act (20 usc 11232g) at 34 cfr § 99.3, including those education records designated by the public colleges and universities as directory information a",https://malegislature.gov/Bills/193/H1283
H1286,An Act relative to college in high school,privacy_generic:1,"her education with all necessary data, in accordance with the federal family educational rights and privacy act of 1974, to conduct the analysis. section 4. chapter 29 of the general law is hereby amended by inserting after section 2ccccc the following new",https://malegislature.gov/Bills/193/H1286
H1294,An Act to facilitate student financial assistance,personal_information:1,"ll be written in accessible language, translated into families’ preferred languages, and require no personal information except for student and parent/guardian (if applicable) name and signature. the form cannot require any information on citizenship status. a form file",https://malegislature.gov/Bills/193/H1294
H1295,An Act promoting fair housing by preventing discrimination against affordable housing,genetic_privacy:1,"shall not include persons whose sexual orientation involves minor children as the sex object, age, genetic information, ancestry, marital status, veteran status or membership in the armed forces, familial status, disability condition, blindness, hearing impairment or",https://malegislature.gov/Bills/193/H1295
H1317,An Act relative to residential assistance for families in transition (RAFT),record_nondisclosure:1,"mes of renters, tenants, subtenants, and other occupants of the premises at time of such assistance shall not be public records.",https://malegislature.gov/Bills/193/H1317
H134,An Act regarding families and children in need of assistance,privacy_generic:2;record_nondisclosure:2,"thin the community-based services network and family resource centers which shall: (i) maintain the privacy of clients served, (ii) assist programs and the secretary in identifying and addressing the needs of the population to be served, including gaps in s",https://malegislature.gov/Bills/193/H134
H1340,An Act ensuring continued rights for public housing residents,privacy_generic:1,"ease terms, eviction, right to return, grievance, resident participation, preference in hiring, and privacy rights, except as may be required to secure financing necessary for the feasibility of the project, or to meet associated programmatic eligibility re",https://malegislature.gov/Bills/193/H1340
H1374,An Act relative to residential assistance for families in transition (RAFT),record_nondisclosure:1,"of renters, tenants, subtenants, and other occupants of the premises at the time of such assistance shall not be public records.",https://malegislature.gov/Bills/193/H1374
H138,An Act to further protect persons with intellectual or developmental disabilities from abuse,record_nondisclosure:1,"bsection:- (e) the information maintained in the registry, including the record of its proceedings, shall not be a public record under clause twenty-sixth of section 7 of chapter 4 or chapter 66. except as provided in subsection (c), the commission, the division, and the depart",https://malegislature.gov/Bills/193/H138
H1403,An Act relative to transparency in clerk magistrate hearings,privacy_generic:1,"id officer thereof, makes a written finding, for good cause shown, that the defendant’s interest in privacy outweighs the public’s right of access. any such finding shall be made only after a hearing on the record, in which the court may permit an intereste",https://malegislature.gov/Bills/193/H1403
H1421,An Act to assist the investigation of serious crimes,personal_information:1,"telligence of any nature transmitted in whole or in part by using a cellular telephone, smartphone, personal data assistant or similar devices, but shall not include: (i) any communication made through a tone-only paging device; (ii) any communication from a trac",https://malegislature.gov/Bills/193/H1421
H1428,An Act relative to personal information,personal_information:2,"hall publicly post or publicly display on the internet or make publicly available in any manner the personal information of any police officer, said police officer’s residing spouse or said police officer’s child without the consent of said police officer. personal info",https://malegislature.gov/Bills/193/H1428
H1438,An Act relative to access to justice,personal_information:1;record_nondisclosure:1,"use twenty-sixth of section 7 of chapter 4, provided that the name, address, phone number and other personal identifying information regarding the interview subject shall not be a public record. (c) the provisions of paragraphs (a) and (b) shall not apply to persons in federal cu",https://malegislature.gov/Bills/193/H1438
H1439,An Act relative to clarity and consistency for the Justice Reinvestment Oversight Board,personal_information:1,"aphs 12, 13 and 14 of said section 18¾ through the development of data portals to make data without personally identifiable information so available; and (3) maintaining policies ensuring accurate data collection across racial, ethnic and gender classifications; provided, that co",https://malegislature.gov/Bills/193/H1439
H1442,An Act to protect the privacy of 911 callers,privacy_generic:1,to a court order finding that the right of the public to the release of the recording outweighs the privacy interests of the individual who made the 911 call or any person involved in the facts or circumstances relating to the 911 call. this section shall n,https://malegislature.gov/Bills/193/H1442
H145,An Act improving emergency housing assistance for children and families experiencing homelessness,privacy_generic:1,"station, airport or camping ground, would be eligible for emergency assistance. in order to promote privacy, dignity, and public health, the department shall provide each family placed in temporary shelter their own room or rooms with beds for sleeping, sep",https://malegislature.gov/Bills/193/H145
H1457,An Act relative to determining the best interest of children in probate & family court,record_nondisclosure:1,"ety, or welfare of such child or party, the court may order that all or any part of such record the shall not be disclosed to a parent or make other such other orders to restrict release of such records in accordance with g.l. c. 71, s.34h. c. determination of parental re",https://malegislature.gov/Bills/193/H1457
H1474,An Act to respect and protect domestic violence and sexual assault victims and survivors,personal_information:1,"of abuse perpetrated by family or household members, as defined in section 1 of chapter 209a, with personal information redacted in accordance with section 10 of chapter 66;",https://malegislature.gov/Bills/193/H1474
H1477,An Act updating and clarifying the statute relating to “upskirting”,privacy_generic:2,"tivity, when the other person in such place and circumstance would have a reasonable expectation of privacy in not being so photographed, videotaped, or electronically surveilled, or; (ii) willfully photographs, videotapes, or electronically surveils the se",https://malegislature.gov/Bills/193/H1477
H1485,An Act relative to authorizing supported decision-making agreements for certain adults with disabilities,personal_information:2,"d have access. (2) if a supporter assists the decision-maker in accessing, collecting, or obtaining personal information, including health information, financial records or information, or educational records, the supporter shall ensure the information is kept privilege",https://malegislature.gov/Bills/193/H1485
H1486,An Act clarifying the child advocate’s authority to access juvenile records,personal_information:1,"nformation systems maintained by the department of criminal justice information services, including personally identifiable information if requested by the child advocate and the right to inspect and copy, without cost. the child advocate shall be bound by any limitations on the ",https://malegislature.gov/Bills/193/H1486
H1488,An Act relative to unmanned aerial vehicles,privacy_generic:1,"person when the other person in such place and circumstance would have a reasonable expectation of privacy in not being so photographed, videotaped or electronically surveilled, and without that person's knowledge and consent, shall be punished by imprison",https://malegislature.gov/Bills/193/H1488
H1519,An Act relative to locating missing persons via mobile data  (Kelsey's Bill),geolocation:4,"tions carrier or in-vehicle security and communications service provider, shall immediately provide location information concerning the telecommunications devices of the user to the requesting law enforcement agency (i) in order to respond to a call for emergency servic",https://malegislature.gov/Bills/193/H1519
H1525,An Act modernizing notary services,biometric:1;facial_recognition:1;personal_information:2,"a notary public with a means to verify the identity of a remotely located individual by a review of personal information from public or private data sources, which may include credential analysis, dynamic knowledge-based authentication, analysis of biometric data includ",https://malegislature.gov/Bills/193/H1525
H1547,An Act to improve protections relative to domestic violence,electronic_monitoring:1;surveillance:1,", impersonate, exploit, or extort, such as cyberstalking or other forms of electronic monitoring or surveillance, nonconsensual sharing of explicit images, or impersonation. technological abuse can utilize any form of technology, including but not limited to int",https://malegislature.gov/Bills/193/H1547
H1555,An Act establishing an internet bill of rights,biometric:3;data_protection:77;genetic_privacy:3;geolocation:1;personal_information:246;security_breach:23,"ess the context clearly requires otherwise, have the following meanings: “binding corporate rules”, personal data protection policies adhered to by a controller or processor established in the commonwealth for transfers or a set of transfers of personal data to a",https://malegislature.gov/Bills/193/H1555
H1566,An Act relative to judicial security act,data_broker:7;personal_information:12,"ve the following meanings: “data broker” a commercial entity that collects, assembles, or maintains personal information concerning an individual who is not a customer or an employee of that entity in order to sell the information or provide third party access to the in",https://malegislature.gov/Bills/193/H1566
H1573,An Act to ban phishing,personal_information:1,"ervice, without the authorization or approval of said business, in an attempt to procure payment or personal identifying information, shall be punished by a fine of not more than $5,000 or imprisonment in a house of correction for not more than two and one-half years, or by both ",https://malegislature.gov/Bills/193/H1573
H1599,An Act enhancing access to abortion care,record_nondisclosure:1,"h retention of other medical records. (b) the consent form and any other forms or related documents shall be confidential and shall not be released to any person other than the patient, the person whose consent is validly obtained pursuant to this section or any other ap",https://malegislature.gov/Bills/193/H1599
H1602,An Act relative to parentage to promote children's security,data_privacy:1;genetic_privacy:10;privacy_generic:4,"1) the place of birth of the child; or (2) the past or present residence of the child. section 106. data privacy. a proceeding under this chapter is subject to the law of this state other than this chapter which governs the health, safety, privacy and liberty of",https://malegislature.gov/Bills/193/H1602
H162,An Act relative to child fatality review,record_nondisclosure:1,"lic. information and records acquired by the state team or by a local team pursuant to this chapter shall be confidential, exempt from disclosure under chapter 66 and may only be disclosed as necessary to carry out a team’s duties and purposes. statistical compilations o",https://malegislature.gov/Bills/193/H162
H164,An Act establishing a bill of rights for children in foster care,privacy_generic:2,"with them. (vi) each child has the right to safe access to personal possessions, personal space and privacy. (2) connections to family, community and identity: (i) each child has the right to know, understand, learn and develop the child’s racial, cultural,",https://malegislature.gov/Bills/193/H164
H165,An Act enhancing child welfare protections,personal_information:2;privacy_generic:3;record_nondisclosure:1,"r 66. the report shall include, but not be limited to, information in a form that shall not include personally identifiable information on the fair hearing requests open at any time during the previous fiscal year and, for each hearing request, shall provide: (i) the subject matt",https://malegislature.gov/Bills/193/H165
H1653,"An Act to protect private electronic communication, browsing and other activity",geolocation:13;privacy_generic:2;record_nondisclosure:1;surveillance:2,"hat enables access to, or use of, an electronic communication service, remote computing service, or location information service. “electronic device information”, electronic communication information and location information stored in a device. “electronic information”,",https://malegislature.gov/Bills/193/H1653
H1655,An Act increasing fair housing protections for victims of abusive behavior,genetic_privacy:7,"inor children as the sex object, children, status as a victim of abusive behavior, national origin, genetic information, ancestry, age or handicap. section 3. said section 4 of chapter 151b, as so appearing, is hereby further amended by striking the first sentence of s",https://malegislature.gov/Bills/193/H1655
H166,An Act relative to substance exposed newborns,personal_information:1,"of the federal child abuse prevention and treatment act, provided that said data shall not include personally identifiable information. section 5. (a) the department of the children and families, department of public health and the office of the child advocate shall develop a rep",https://malegislature.gov/Bills/193/H166
H1677,An Act to create access to justice,genetic_privacy:1,"tional origin, ethnicity, ancestry, citizenship or immigration status, limited english proficiency, genetic information, sex, gender identity or gender expression, sexual orientation, age, disability, medical condition, familial status, pregnancy, status as a veteran o",https://malegislature.gov/Bills/193/H1677
H1684,An Act relative to community corrections,record_nondisclosure:3,e or a record thereof made by a person during the course of a pretrial treatment program assessment shall not be disclosed at any time to the commonwealth or other law enforcement officer in connection with the investigation or prosecution of any charges against the perso,https://malegislature.gov/Bills/193/H1684
H1690,An Act promoting housing opportunity and mobility through eviction sealing (HOMES),personal_information:2,"ty, scholarly, educational, journalistic or governmental purposes only, provided, however, that the personal identifying information of the parties involved in the action, shall remain sealed unless the court determines that release of such information is appropriate under this s",https://malegislature.gov/Bills/193/H1690
H1701,An Act supporting survivors of trafficking and abuse and encouraging increased access to opportunities through,record_nondisclosure:1,"s related to the petition shall be automatically filed under seal, and any hearings that take place shall be confidential, unless otherwise requested by the petitioner.” section 12. section 59 of chapter 265 of the general laws, as so appearing, is hereby amended by inse",https://malegislature.gov/Bills/193/H1701
H1703,An Act to protect animals from convicted animal abusers,record_nondisclosure:1,"e offender will serve a probationary sentence, the probation department. such notice to authorities shall not be a public record under clause twenty-sixth of section 7 of chapter 4 or chapter 66. (c) a person convicted of a violation of sections 77, 77c, 80 ½, 94, or 95 of chap",https://malegislature.gov/Bills/193/H1703
H1707,An Act relative to the malicious doxing of personal information,personal_information:9,"uting the crime of criminal harassment pursuant to section 43a of chapter 265 of the general laws. “personal information”, information that: (i) identifies, relates to or is reasonably capable of being associated with a specific individual or such individual’s family me",https://malegislature.gov/Bills/193/H1707
H1708,An Act relative to fair investment practices,genetic_privacy:1,"tation, which shall not include sexual orientation involving minor children as the sex object; age; genetic information; ancestry; status as a veteran; handicap; or pregnancy or a condition related to said pregnancy including, but not limited to, lactation or the need",https://malegislature.gov/Bills/193/H1708
H1713,An Act to ensure legal parentage equality,genetic_privacy:4;privacy_generic:2,"ihood of other harm to the child. (b) if an individual challenges parentage based on the results of genetic testing, in addition to the factors listed in subsection (a), the court shall consider: (i) the facts surrounding the discovery that the individual might",https://malegislature.gov/Bills/193/H1713
H1718,An Act relative to the humane protection of animals,record_nondisclosure:1,"e offender will serve a probationary sentence, the probation department. such notice to authorities shall not be a public record under clause twenty-sixth of section 7 of chapter 4 or chapter 66. (c) a person convicted of a violation of sections 77, 77c, 80 ½, 80e ½, 94, or 95",https://malegislature.gov/Bills/193/H1718
H1728,An Act to implement the recommendations of the special commission on facial recognition technology,biometric:12;facial_recognition:37;surveillance:7,"following words shall, unless the context clearly requires otherwise, have the following meanings: “biometric surveillance technology”, any computer software that performs facial recognition or other remote biometric recognition. “facial recognition”, an auto",https://malegislature.gov/Bills/193/H1728
H174,An Act updating terminology and investigative practices related to the protection of persons with disabilities,personal_information:8;record_nondisclosure:1,"d, collected, used, maintained or disseminated pursuant to this chapter and that is confidential or personally identifiable information pursuant to state or federal law shall not be a public record pursuant to clause twenty-six of section 7 of chapter 4 or chapter 66. section 16.",https://malegislature.gov/Bills/193/H174
H1745,An Act relative to transmitting indecent visual depictions by teens and the unlawful distribution of explicit ,privacy_generic:1;record_nondisclosure:1,"ary or consensual and occurring in a place where a person does not have a reasonable expectation of privacy; (ii) distribution made in the public interest, including the reporting of unlawful conduct; (iii) lawful and common practices of law enforcement, cr",https://malegislature.gov/Bills/193/H1745
H1747,An Act to amend the medical peer review law,privacy_generic:1;record_nondisclosure:1,"as to maintain, so far as necessary or practicable, the confidentiality of such information or the privacy of the individuals involved, or to preclude such information from disclosure to the public at large.",https://malegislature.gov/Bills/193/H1747
H1752,An Act relative to compensation for victims of wrongful conviction,privacy_generic:1,", documents and materials shall be so expunged or sealed, the court shall consider the interests of privacy and justice pertaining to the claimant's erroneous felony conviction as well as the probable effect of such expungement or sealing on relevant law en",https://malegislature.gov/Bills/193/H1752
H1762,An Act relative to civil asset forfeiture transparency and data reporting,personal_information:1;privacy_generic:1,"formation in violation of any law or regulation relating to criminal offender record information or personally identifiable information, or any other applicable privacy law. if an agency has made no seizures or forfeitures during the previous year, a null report shall be filed by",https://malegislature.gov/Bills/193/H1762
H1782,An Act relative to child-centered family law,record_nondisclosure:1,"such a child or party, the court may order that any part of such record pertaining to such address shall not be disclosed to such parent. section 3. section 31a of said chapter 208 of the general laws, as so appearing, is hereby amended by striking out, in lines 20 to 21",https://malegislature.gov/Bills/193/H1782
H1786,An Act modernizing the Massachusetts wiretap law,personal_information:1;privacy_generic:1;surveillance:2;wiretap_interception:2,"telligence of any nature transmitted in whole or in part by using a cellular telephone, smartphone, personal data assistant or similar device, but shall not include: (i) any communication made through a tone-only paging device; (ii) any communication from a track",https://malegislature.gov/Bills/193/H1786
H1788,An Act relative to false reporting of an emergency,geolocation:1,"unication device or network upon connection with a psap including, but not be limited to, automatic location information and automatic number information. “emergency”, a condition or situation in which an individual has a need for an emergency response services provider",https://malegislature.gov/Bills/193/H1788
H1791,An Act protecting the safety of victims of violent crimes,record_nondisclosure:2,", obtained or maintained by the division in connection with any claim for crime victim compensation shall be confidential and privileged, and shall not be disclosed by the division or by anyone who receives such records or information from the division. (b) nothing in th",https://malegislature.gov/Bills/193/H1791
H1802,An Act improving juvenile justice data collection,electronic_monitoring:1,"or superior court; to impose bail; to impose pretrial release conditions; to place a juvenile on an electronic monitoring device, either as a condition of pretrial release, as a condition of probation after disposition of a case to revoke bail; to order a juvenile to",https://malegislature.gov/Bills/193/H1802
H1820,An Act relative to compensation for victims of wrongful conviction,privacy_generic:1,"documents, and materials shall be so expunged or sealed, the court shall consider the interests of privacy and justice pertaining to the claimant's erroneous felony conviction as well as the probable effect of such expungement or sealing on relevant law en",https://malegislature.gov/Bills/193/H1820
H1821,An Act to reduce mass incarceration,record_nondisclosure:2,cerated person during the course of an assignment within a prison-based restorative justice program shall be confidential and shall not be subject to disclosure in any judicial or administrative proceeding and no information obtained during the course of such assignment,https://malegislature.gov/Bills/193/H1821
H1848,An Act establishing rights and obligations of transportation network drivers and transportation network compan,genetic_privacy:1,"tion network driver based upon race, color, religious creed, national origin, sex, gender identity, genetic information, ancestry, status as a veteran, pregnancy or a condition related to said pregnancy including, but not limited to, lactation or the need to express br",https://malegislature.gov/Bills/193/H1848
H1857,An Act relative to apprenticeship standards,genetic_privacy:1,"n line 13, the word “orientation” and inserting in place thereof the following words:- orientation, genetic information section 14. said section 11k of said chapter 23, as so appearing, is hereby further amended by striking out subsections (c) and (d) and inserting in",https://malegislature.gov/Bills/193/H1857
H1858,An Act relative to PFML hearing decisions,personal_information:1,"the department shall refrain from including, or partially redact where inclusion is necessary, any personal data identifiers, including, but not limited to, names, date of birth, names of minor children and any protected medical information",https://malegislature.gov/Bills/193/H1858
H1862,An Act relative to workforce data accessibility,privacy_generic:4,"al and other credential attainment. the department shall adhere to all applicable state and federal privacy laws, to protect individuals’ private information while allowing measurement of aggregate data. section 3. not later than 30 days after the effective",https://malegislature.gov/Bills/193/H1862
H1873,An Act preventing a dystopian work environment,biometric:4;data_protection:4;electronic_monitoring:49;facial_recognition:2;geolocation:1;privacy_generic:2;security_breach:3;surveillance:1,"sued identification number, financial information, criminal background, or employment history. (ii) biometric information, including the individual’s physiological, biological, or behavioral characteristics, including the individual’s deoxyribonucleic acid (d",https://malegislature.gov/Bills/193/H1873
H1882,An Act to establish psychological workplace safety,privacy_generic:1,"rivate information as to the aggrieved employee and accused, including their names to protect their privacy and not interfere with future job prospects; (5) if applicable, forward the complaint to another agency with jurisdiction; and (6) collect and mainta",https://malegislature.gov/Bills/193/H1882
H1918,An Act relative to employment protections for victims of abusive behavior,privacy_generic:2,"ent of employment that includes information on the nature and extent of abusive behavior, issues of privacy and confidentiality, and the availability of reasonable accommodations. employers are encouraged to conduct additional training for new supervisory a",https://malegislature.gov/Bills/193/H1918
H1919,An Act ensuring domestic violence victims' protections for all employees in the Commonwealth,record_nondisclosure:2,"e under this section. (e) all information related to the contract worker’s leave under this section shall be kept confidential by the employer and shall not be disclosed, except to the extent that disclosure is: (i) requested or consented to, in writing, by the contract worke",https://malegislature.gov/Bills/193/H1919
H1927,An Act to protect injured workers,privacy_generic:1,missioner may find that the disclosure of such data constitutes an unwarranted invasion of personal privacy pursuant to chapter 4 and deny said request. nothing in this section shall be construed to prohibit an insurer's right to obtain information held by,https://malegislature.gov/Bills/193/H1927
H1939,An Act relative to the confidentiality of communications of information of labor organizations,record_nondisclosure:1,"in subsection (c) or (d) of this section, a labor organization or an agent of a labor organization may not be compelled to disclose any communication or information the labor organization or agent received or acquired in confidence from an employee while the labor organization or",https://malegislature.gov/Bills/193/H1939
H194,An Act relative to the prevention of child sexual abuse in schools and youth organizations,privacy_generic:2,"velop healthy and respectful interpersonal relationships, including appropriate body boundaries and privacy rules; (4) learn how to communicate effectively to trusted adults any concerns they have about body boundaries or privacy violations; (5) learn about",https://malegislature.gov/Bills/193/H194
H1976,"An Act to improve the quality of mental health services, and rights of patients, by providing for sufficient p",privacy_generic:3,"improve the quality of mental health services, and rights of patients, by providing for sufficient privacy. 2.) all individuals, who present themselves, for mental health services, and/or are admitted for such services, and/or assessment, shall be entitled",https://malegislature.gov/Bills/193/H1976
H1986,Resolve relative to children’s mental health in social media,personal_information:1;privacy_generic:3,e verification; (3) data management best practices to mitigate the unauthorized access of a child’s personal information or data; and (4) tools and features that social media platforms may provide to prevent children from harm while using the covered platform and that e,https://malegislature.gov/Bills/193/H1986
H2,"An Act making appropriations for the fiscal year 2025 for the maintenance of the departments, boards, commissi",personal_information:2;privacy_generic:4;record_nondisclosure:1;surveillance:14,"ces and the department of public health, specifically early intervention, may share with each other personal data regarding the parents and children who receive services provided under early education and care programs administered by the commonwealth for investi",https://malegislature.gov/Bills/193/H2
H2003,An Act relative to mental health and suicide prevention,surveillance:1,current relative statistics regarding suicide and the means of suicide as established by the injury surveillance program under the massachusetts department of public health; and shall also include legal information on how certain means of suicide or harm such as,https://malegislature.gov/Bills/193/H2003
H201,An Act relative to supported decision making,personal_information:2;privacy_generic:1,"d have access. (2) if a supporter assists the decision-maker in accessing, collecting, or obtaining personal information, including protected health information under the health insurance portability and accountability act of 1996 (pub. l. no. 104-191) or educational re",https://malegislature.gov/Bills/193/H201
H2023,Order for the adoption of permanent House Rules for the 193rd General Court governing the 2023-2024 legislativ,genetic_privacy:2;privacy_generic:1;record_nondisclosure:3,"race, color, religion, national origin, sex, ancestry, sexual orientation, age, disability status, genetic information, gender identity, active military personnel status, transgender status or membership in any other protected class and; (2) (i) has the purpose or eff",https://malegislature.gov/Bills/193/H2023
H2024,The adopted permanent House Rules for the 193rd General Court governing the 2023-2024 legislative session,genetic_privacy:2;privacy_generic:1;record_nondisclosure:3,", color, religion, national origin, sex, ancestry, sexual orientation, age, 1636 disability status, genetic information, gender identity, active military personnel status, 1637 transgender status or membership in any other protected class and; 1638 (2) (i) has the purp",https://malegislature.gov/Bills/193/H2024
H211,An Act establishing a bill of rights for individuals experiencing homelessness,privacy_generic:1,"agencies, without discrimination on the basis of housing status; (iii) a reasonable expectation of privacy in personal property in public spaces; (iv) interact with public officials, employees, and officers without harassment on the basis of their housing",https://malegislature.gov/Bills/193/H211
H2117,An Act relative to dangerous dogs,privacy_generic:1,"cludes an egress to the indoors and a locked gate and is surrounded with a 6-foot high fence with a privacy barrier, or in a securely enclosed and locked pen. the owner or keeper shall ensure that the dog cannot escape by digging and that no natural or arti",https://malegislature.gov/Bills/193/H2117
H212,An Act requiring universal changing stations in public buildings,privacy_generic:1,"le changing table; (c) be located inside a private restroom or in a private stall, enclosed area or privacy screen within a multi-stall restroom; (d) provide adequate space for assistance; and (e) comply with all requirements of the federal americans with d",https://malegislature.gov/Bills/193/H212
H2128,An Act providing safeguards for home healthcare workers,record_nondisclosure:2,"). (f) all information related to the home healthcare worker’s leave taken pursuant to this section shall be kept confidential by the home healthcare employer and shall not be disclosed, except to the extent that disclosure is: (i) requested or consented to, in writing, by th",https://malegislature.gov/Bills/193/H2128
H2132,An Act to close the achievement gap by addressing disparities in children's vision,privacy_generic:1;record_nondisclosure:1;surveillance:1,"on and eye health in the commonwealth, including but not limited to the universal children’s vision surveillance registry, public health campaigns designed to encourage improved children’s eye health, and expansion of screening systems to other age groups. the c",https://malegislature.gov/Bills/193/H2132
H2147,Resolve providing for an investigation and study by a special commission relative to Long COVID related needs ,surveillance:1,"the socio-economic, medical, public health, mental health, social, and fiscal needs related to the surveillance, care and treatment of persons with long covid in the commonwealth, and (2) for the purpose of recommending and prioritizing governmental and legisla",https://malegislature.gov/Bills/193/H2147
H2151,An Act promoting community immunity,personal_information:3;privacy_generic:3,ctronically or in hard copy. distribution shall not be required if it would result in disclosure of personal information as defined in section 1 of chapter 93h or otherwise violate applicable privacy laws. section 12. the department shall annually publish immunizations,https://malegislature.gov/Bills/193/H2151
H2158,"An Act recognizing EMS as a disease dangerous to the public health, requiring inclusion in MAVEN, establishing",privacy_generic:1;surveillance:2,dangerous to the public health in 105 cmr 300.000 and 300.100 in order to facilitate reporting and surveillance requirements within the disease surveillance and case management system (maven) implemented in 105 cmr 300.050 and identification of incidences that,https://malegislature.gov/Bills/193/H2158
H2172,An Act relative to pupil dental health,privacy_generic:1,s it relates to learning. (4) contact information for public health departments. (5) a statement of privacy applicable under state and federal laws and regulations. section 3: chapter 111 of the general laws is hereby amended in section 185a by inserting at,https://malegislature.gov/Bills/193/H2172
H2178,An Act to strengthen our public health infrastructure to address Alzheimer’s and all dementia,surveillance:2,"hall include the caregiver module and cognitive decline module in the annual behavioral risk factor surveillance system (brfss) survey on a rotating annual basis to collect prevalence data, track trends over time and analyze data to direct public health programs",https://malegislature.gov/Bills/193/H2178
H2182,An Act to reduce incidence and death from pancreatic cancer,genetic_privacy:1,"ner of insurance shall survey health insurers in the commonwealth to ascertain coverage benefits of genetic testing for pancreatic cancer across health insurance plans, and present its findings to the committee on health care financing and the committee on finan",https://malegislature.gov/Bills/193/H2182
H219,An Act increasing collaboration amongst community organizations fighting hunger,personal_information:3,", literacy education, transportation, financial literacy, elder services and immigration services. “personal data”, as defined in section 1 of chapter 66a. “shared client data bank” or “data bank”, a single centralized, shared repository of nonprofit service prov",https://malegislature.gov/Bills/193/H219
H2204,An Act relative to accelerating improvements to the local and regional public health system to address dispari,personal_information:1;privacy_generic:1;surveillance:1,"e public to conduct further analysis; provided, however, that any such published data shall exclude personal identifying information. (h) the department shall estimate the amount of funds necessary to meet the requirements of this section for each fiscal year. the department shal",https://malegislature.gov/Bills/193/H2204
H2233,An Act establishing a physical therapy licensure compact,biometric:1;privacy_generic:1,"ense renewal. b. upon adoption of this statute, the member state shall have the authority to obtain biometric-based information from each physical therapy licensure applicant and submit this information to the federal bureau of investigation for a criminal ba",https://malegislature.gov/Bills/193/H2233
H2247,An Act relative to safe patient handling and mobility in certain health facilities,privacy_generic:1,cs; cost to the institution and to employees and patients; and outcomes; to the extent permitted by privacy regulations.; (9) identify the type and quantity of patient handling equipment and other equipment required and ensure that the purchase of other acq,https://malegislature.gov/Bills/193/H2247
H2254,An Act reducing barriers to telehealth care,data_privacy:1;privacy_generic:2,"icable to services rendered in person and shall also conform to applicable federal and state health information privacy and security standards as well as standards for informed consent. (d) notwithstanding any provision of this chapter to the contrary, the board shall",https://malegislature.gov/Bills/193/H2254
H2256,An Act authorizing Massachusetts entry into the Interstate Medical Licensure Compact,biometric:1;personal_information:1;privacy_generic:1;record_nondisclosure:1,"ection 8 of this chapter related to the compact, the board of registration in medicine may disclose personally identifiable information about the physician, including social security number. (e) nothing in this chapter, nor the entrance of the commonwealth into the interstate med",https://malegislature.gov/Bills/193/H2256
H2257,An Act promoting efficient environmental public health protections and solutions,surveillance:2,he general laws. the purpose of the fund shall be to provide initial and ongoing funding for cancer surveillance and environmental data collection and to ensure that studies initiated by the department to examine the human health impact of past and present envir,https://malegislature.gov/Bills/193/H2257
H2265,An Act relative to pregnancy loss awareness,privacy_generic:1,", language interpreter or navigator. (d) the commissioner shall, in a manner that protects personal privacy and complies with federal law, collect and assess data regarding pregnancy loss, including information disaggregated by race, ethnicity, health insur",https://malegislature.gov/Bills/193/H2265
H2266,An Act to promote public health through the Prevention and Wellness Trust Fund,record_nondisclosure:2,"analysis and data from masshealth, to the extent permitted by law; provided, however, that the data shall be confidential and shall not be a public record under clause twenty-sixth of section 7 of chapter 4 of the general laws. the board shall report the results of its e",https://malegislature.gov/Bills/193/H2266
H2280,An Act modernizing childhood lead poisoning prevention,surveillance:1,reby further amended by adding the following paragraph:- the department shall perform public health surveillance and outreach to identify children with a blood lead level of concern. a child reported to have a blood lead level of concern shall be offered appropr,https://malegislature.gov/Bills/193/H2280
H2288,An Act to protect the civil rights and safety of all Massachusetts residents,personal_information:2;record_nondisclosure:2,"in paragraph 26 of section 7 of chapter 4, provided that names, addresses, phone numbers and other personal identifying information shall not be a public record. these records include the signed consent forms obtained before the interviews, and information about whether the inter",https://malegislature.gov/Bills/193/H2288
H2311,An Act authorizing the voluntary disavowal of eligibility to purchase a firearm,record_nondisclosure:2,"tions for the maintenance and distribution of the list of persons who disavow eligibility. the list shall not be a public record and shall not be open to public inspection. section 2. chapter 111 of the general laws, as appearing in the 2020 official edition, is hereby amended",https://malegislature.gov/Bills/193/H2311
H2314,An Act to strengthen family and community connection with incarcerated people,personal_information:2,rity or orderly running of the facility; (f) requiring eligible visitors to submit more private and personal information to be pre-approved to visit than is strictly necessary for the safety and security of the institution and/or without complying with all applicable st,https://malegislature.gov/Bills/193/H2314
H2319,An Act to ensure access to medical parole,personal_information:1;surveillance:2,ber of petitions for relief sought pursuant to subsection (g). nothing in this report shall include personally identifiable information of the prisoners.,https://malegislature.gov/Bills/193/H2319
H2330,An Act requiring health care employers to develop and implement programs to prevent workplace violence,record_nondisclosure:2,"subsection (b). (f) all information related to the employee's leave taken pursuant to this section shall be kept confidential by the health care employer and shall not be disclosed, except to the extent that disclosure is: (i) requested or consented to, in writing, by the em",https://malegislature.gov/Bills/193/H2330
H235,An Act to support MassMakers,genetic_privacy:4,"y based on race, color, religious creed, national origin, sex, gender identity, sexual orientation, genetic information, ancestry, disability, and language in implementing supply mass/buy mass. (b) mobd may consult with and seek input from interested stakeholders and s",https://malegislature.gov/Bills/193/H235
H2357,"An Act to promote rehabilitation including guaranteed health, treatment, and safety for incarcerated LGBTQI+ P",personal_information:4;record_nondisclosure:1,"nual basis for each correctional facility; provided, however, that the report shall not include any personally identifiable information. section 4. section 22 of said chapter 127, as so appearing, is hereby amended by adding the following paragraph:- upon intake at a correctional",https://malegislature.gov/Bills/193/H2357
H2363,An Act to close the large capacity magazine loophole,record_nondisclosure:2,"on. the name and address of a person who has declared possession of a large capacity feeding device shall be confidential and shall not be disclosed, except such records may be disclosed to: (1) law enforcement agencies and employees of the united states probation office",https://malegislature.gov/Bills/193/H2363
H2371,An Act to provide reproductive health care to incarcerated individuals,personal_information:2;surveillance:1,"ransportation to appropriate clinical services, unreasonably delaying access to care, disclosure of personal information to correctional facility staff, and without requiring disclosure of personal information beyond what is medically necessary to safely prescribe contr",https://malegislature.gov/Bills/193/H2371
H2381,An Act requiring health care facilities to develop and implement programs to prevent workplace violence,record_nondisclosure:2,"e to the employee’s absence. (g) all information related to the employee's leave under this section shall be kept confidential by the health care facility and shall not be disclosed, except to the extent that disclosure is: (i) requested or consented to, in writing, by the em",https://malegislature.gov/Bills/193/H2381
H2397,An Act relative to parole review for aging incarcerated people,personal_information:1,ment or the sheriff and the reason for each prisoner's return. nothing in this report shall include personally identifiable information of incarcerated people.,https://malegislature.gov/Bills/193/H2397
H2399,An Act relative to a voluntary do-not-sell list for firearms purchases,personal_information:1,"sure all information regarding a request to be enrolled into or removed from the list and any other personal identifying information contained in or related to the list, except that said information may be disclosed to a law enforcement officer, as defined in section 1 of chapter",https://malegislature.gov/Bills/193/H2399
H2418,An Act relative to overdose fatalities,record_nondisclosure:1,"district police departments and fire departments. (c) daily logs developed pursuant to this section shall not be public records nor shall the information contained in such logs be disclosed to the public. further, such information shall only be accessed by police department a",https://malegislature.gov/Bills/193/H2418
H2539,An Act relative to the civil service law,privacy_generic:1,"ceeding conducted pursuant to this chapter, and to make such orders deemed necessary to protect the privacy of a person’s health or other acutely sensitive or confidential information. section 5. section 2(b) of chapter 31 is hereby amended by striking out",https://malegislature.gov/Bills/193/H2539
H255,An Act relative to establishing an online lottery,record_nondisclosure:1,"online, over the internet, through the use of a mobile application or through any other means shall not be deemed public records of the commission for the purposes of section 10 of chapter 66; provided, however, that this section shall not prohibit the commission from maintain",https://malegislature.gov/Bills/193/H255
H2700,An Act providing for property tax relief for small business owners,record_nondisclosure:1,or town with an average annual employment of 50 persons or less during the previous year. the list shall be confidential and shall be used only by the assessor or employees duly designated by the assessors for the purpose of determining eligibility for property tax exem,https://malegislature.gov/Bills/193/H2700
H2713,An Act authorizing the town of Charlemont to establish a tax on commercial recreation services,record_nondisclosure:1,on the collector determines is reasonably necessary to administer and collect the tax. such returns shall not be a public record under clause twenty-sixth of section 7 of chapter 4 or section 3 of chapter 66 of the general laws. the collector may disclose such returns only to t,https://malegislature.gov/Bills/193/H2713
H2721,An Act to allow individual donations to countries vulnerable to climate change,privacy_generic:2,"ring the previous tax year. said annual report shall include, except as is necessary to comply with privacy laws: (i) the identity of each individual, organization, agency or program in receipt of expenditures or disbursements of two thousand dollars or mor",https://malegislature.gov/Bills/193/H2721
H2752,An Act to improve long-term care staffing and dignity for caregivers,consumer_privacy:1;privacy_generic:2,otentially unsafe working environment. such standards and procedures shall respect home care client/consumer privacy while prioritizing worker safety and while ensuring continuity of care. 4) training and employer policies: best practices for standards and procedure,https://malegislature.gov/Bills/193/H2752
H2788,An Act empowering cities and towns to impose a mansion fee to support affordable housing,record_nondisclosure:1,"mposed by subsection (b), or determining the existence of any exemption pursuant to subsection (d), shall not be public records for the purposes of section 10 of chapter 66. (f) a purchaser who fails to pay all or any portion of the excise established by subsection (b) on or",https://malegislature.gov/Bills/193/H2788
H2792,An Act relative to qualified data centers in the Commonwealth,biometric:1;surveillance:1,"security guards, video camera surveillance, an electronic system requiring pass codes, keycards or biometric scans or similar security features. “qualification period”, a 20-year period of time beginning on the effective date of the certification by the secr",https://malegislature.gov/Bills/193/H2792
H281,An Act relative to the security of personal financial information,biometric:1;personal_information:10;security_breach:2,"ntial process or key that is capable of compromising the security, confidentiality, or integrity of personal information, maintained by a person or agency that creates an identifiable risk of identity theft or fraud. a good faith but unauthorized acquisition of personal",https://malegislature.gov/Bills/193/H281
H2814,An Act relative to smart gun technology tax incentive program,biometric:1;facial_recognition:1,"definitions:- “smart gun”, is a firearm that can detect its authorized user(s) through identifying biometric technology (including fingerprints, facial recognition, etc.), blue tooth, or other technology-based identifying information. additionally, the firea",https://malegislature.gov/Bills/193/H2814
H291,An Act clarifying telephone solicitation,privacy_generic:1,"r on behalf of, a covered entity or its business associate, as those terms are defined in the hippa privacy rule, 45 cfr 160.103.",https://malegislature.gov/Bills/193/H291
H2915,An Act establishing a real property transfer fee in the town of Chatham,record_nondisclosure:1,der section two or for the purpose of determining the existence of any exemption under section four shall not be public records for the purposes of section ten of chapter sixty-six of the general laws. section 6. a purchaser who fails to pay all or any portion of the fee esta,https://malegislature.gov/Bills/193/H2915
H2986,An Act establishing the psychology interjurisdictional compact,biometric:2;personal_information:1;privacy_generic:2;record_nondisclosure:1,"psychology interjurisdictional compact act, the board of registration of psychologists may disclose personally identifiable information about the psychologist, including social security number. section 23. this psychology interjurisdictional compact shall be subject to the applic",https://malegislature.gov/Bills/193/H2986
H2991,An Act relative to access to statements of financial interest,personal_information:1,"of statements and reports filed with the commission; provided, that the commission shall redact all personal information exempt from disclosure pursuant to clause 26 of section 7 of chapter 4. the commission shall be authorized, in its discretion, to exempt from public",https://malegislature.gov/Bills/193/H2991
H2995,An Act relative to bidding for public construction contracts,record_nondisclosure:2,"as defined in section 7 of chapter 4 except that financial information contained in the application shall not be a public record. section 2. subsection 12 of said section 44d, of said chapter 149, as so appearing, is hereby amended by striking out the fifth sentence, in lines 2",https://malegislature.gov/Bills/193/H2995
H300,An Act establishing a dentist diversion program,record_nondisclosure:1,"he program. all board and remediation program records of a participant’s involvement in the program shall be kept confidential and shall not be subject to discovery or subpoena in any civil, criminal, legislative or administrative proceeding without the prior written consent",https://malegislature.gov/Bills/193/H300
H3003,An Act ensuring equitable representation in the Commonwealth,personal_information:4;privacy_generic:1,"nt agency shall fill out racial or ethnic information unless directed by the individual. except for personal identifying information, which shall be deemed confidential, each government agency shall make the data available to the public in accordance with state and federal law. p",https://malegislature.gov/Bills/193/H3003
H3008,An Act to study a post-conviction evidence retention facility,privacy_generic:1,"proximity to existing public safety or law enforcement lab facilities, space for future expansion, privacy and security concerns, geographic convenience, highway access, availability of town water and town sewer service, estimated potential savings to the",https://malegislature.gov/Bills/193/H3008
H3019,An Act establishing gender-neutral bathrooms,privacy_generic:1,"uding toilet and bathing facilities that contain more than 1 toilet, urinal, or shower separated by privacy walls or partitions, with separate or grouped handwashing fixtures, to be designated or installed in any use group defined in the state building code",https://malegislature.gov/Bills/193/H3019
H3029,An Act establishing the Executive Office of Food Resources and Security,personal_information:1,"behalf of the commonwealth in connection with federal grant programs; (13) keep accounts, records, personal data, enter into contracts, adjust claims, accept gifts, grants, bequests and devises, and subject to appropriation, acquire real or personal property by",https://malegislature.gov/Bills/193/H3029
H3050,An Act improving government accountability,personal_information:5,"ic databases, electronic applications, and electronic systems in their native format, including any personally identifiable information, protected health information, or other confidential information contained therein,"". section 19: section 12 of said chapter, as so appearing, i",https://malegislature.gov/Bills/193/H3050
H3060,An Act relating to fair pay and safe workplaces,genetic_privacy:1,"of the civil rights act of 1866, 42 u.s.c. 1981; l. massachusetts workers compensation laws, m. the genetic information nondiscrimination act of 2008; n. chapter 151b of the general laws; or o. any other equivalent state or federal laws. (2) to require each subcontract",https://malegislature.gov/Bills/193/H3060
H3082,An Act regarding information governance,privacy_generic:1,"a comprehensive information governance plan, including, at minimum, protocols for: storage, naming, privacy, security, routine disposal and methods for halting that disposal when necessary, and appropriate sharing of documents and data existing in any forma",https://malegislature.gov/Bills/193/H3082
H3084,An Act relative to language access and inclusion,privacy_generic:1,ommunity members can understand; and 4. the report shall be presented in a manner that protects the privacy of individuals. section 7. relief. (a) relief potentials 1. any person or class of persons claiming to be aggrieved by a state agency for failure to,https://malegislature.gov/Bills/193/H3084
H3089,An Act relative to expedited referrals by legislators,personal_information:1,"d staff person of a state legislator, who is reaching out to the agency on behalf of a constituent, personal information about the constituent to the extent necessary for the state legislator or authorized staff person to provide assistance on the behalf of the constitu",https://malegislature.gov/Bills/193/H3089
H3171,"An Act establishing the gateway cities renewable, efficient, and electrified neighborhoods initiative",personal_information:1,ch housing type. the department shall use appropriate practices to prevent the public disclosure of personally identifying information regarding owners and tenants. the evaluations shall also include data on the participation of contractors that are minority business enterprises ,https://malegislature.gov/Bills/193/H3171
H3173,An Act relative to ensuring gas safety and consumer fairness,surveillance:4,"rs, such repair to be completed within 6 months, and the condition of such leak shall be kept under surveillance at a frequency of not less than once every 2 weeks until the hazard or source of the leak is eliminated. for the purposes of this section, a grade 2",https://malegislature.gov/Bills/193/H3173
H3179,An Act relative to internet service provider data,personal_information:3,"operates in the commonwealth of massachusetts may collect, use, disclose or otherwise disseminate, personal information from a customer resulting from the customer’s use of the telecommunications or internet service provider without express written approval from the cu",https://malegislature.gov/Bills/193/H3179
H3192,An Act relative to building energy and decarbonization,personal_information:2,"a. the department shall utilize such practices as are necessary to prevent the public disclosure of personal information regarding owners and tenants, and maintain a quality assurance process to improve the accuracy and completeness of the available information. the dep",https://malegislature.gov/Bills/193/H3192
H3195,An Act for field safety in gas infrastructure,surveillance:1,"shall immediately schedule a completion of repairs and the condition shall be kept under continuous surveillance until the hazard or source of the leak is eliminated. whenever appropriate and feasible, a gas company shall notify the fire department and chief law",https://malegislature.gov/Bills/193/H3195
H3217,An Act relative to consumer access to residential energy information,personal_information:1;record_nondisclosure:1,"iate, recommendations for energy related improvements. such information shall not contain any other personal data as defined in section 1 of chapter 66a. section 7. said section 3 of said chapter 25a, as so appearing, is hereby amended by inserting after the defi",https://malegislature.gov/Bills/193/H3217
H326,An Act to prohibit negative option sales and disclosure of financial and personal information without a consum,personal_information:2,"ce in violation of chapter 93a. section 117. prohibited disclosures (a) disclosure of financial and personal information prohibited except as otherwise expressly provided in this chapter, a financial institution, its officers, employees, agents and directors shall not d",https://malegislature.gov/Bills/193/H326
H3267,An Act authorizing the City of Somerville to employ automated enforcement of speed limit violations in designa,personal_information:1;record_nondisclosure:1,the violation is material as to a finding of civil or criminal liability. (c) photographs and other personally identifying information collected by the city pursuant to this chapter are not public record. (d) no automated road safety camera system shall be utilized in such a mann,https://malegislature.gov/Bills/193/H3267
H3289,An Act relative to private detectives and private investigators,facial_recognition:1,"0a of chapter 90 for any purpose inconsistent with (2) of section 22 of chapter 147. 13. access the facial recognition system operated by the registry of motor vehicles. and by inserting after the term “both” the following words: - provided, the license of a licensee",https://malegislature.gov/Bills/193/H3289
H331,"An Act further regulating business practices between motor vehicle dealers, manufacturers, and distributors",security_breach:3,"liabilities, costs, and expenses incurred by the dealer, arising out of any alleged or actual data security breaches or other unlawful use of said customer or consumer data or other information by said manufacturer, distributor or third party acting on behalf of s",https://malegislature.gov/Bills/193/H331
H3336,An Act concerning the safety of children on school buses,data_protection:1,"vehicle who committed the offense. the vendor will have to apply a strict security protocol for the data protection obtained. among the obligations of the vendor, must keep up to date every 6 months, a background check of all employees with who access the informati",https://malegislature.gov/Bills/193/H3336
H3372,An Act relative to third party delivery data reporting,record_nondisclosure:1,"be considered a public record under clause twenty-sixth of section 7 of chapter 4 or chapter 66 and shall not be disclosed to any person or entity other than those listed or described in the confidential data-sharing agreement; provided, however, that a state or municipal",https://malegislature.gov/Bills/193/H3372
H3375,An Act relative to school bus cameras,personal_information:1;record_nondisclosure:1,ble violation is material as to a finding of civil or criminal liability. (c) photographs and other personal identifying information collected by a city or town pursuant to this chapter shall not be a public record under clause twenty-sixth of section 7 of chapter 4 or chapter 66,https://malegislature.gov/Bills/193/H3375
H3379,An Act establishing an emergency responder yellow dot program,personal_information:1,"reatment is administered for any injury the participant suffers. (e) the unauthorized taking of the personal information contained within an individual’s ‘yellow-dot’ materials, and/or the use of such information for any purpose not related to life-saving or other emerg",https://malegislature.gov/Bills/193/H3379
H3393,An Act relative to automated enforcement,personal_information:2;record_nondisclosure:1,"8 official edition, is hereby amended by adding the following subclause:- (w) photographs and other personal identifying information collected by cities and towns under chapter 90j. section 2. the general laws are hereby amended by inserting after chapter 90i the following chapte",https://malegislature.gov/Bills/193/H3393
H3404,An Act establishing driver privacy protections,data_privacy:1;geolocation:1;privacy_generic:1,"laws are hereby amended by inserting after chapter 90j the following chapter:- chapter 90k. driver privacy protections. section 1. as used in this chapter, the following words shall have the following meanings unless the context clearly requires otherwise: - “automat",https://malegislature.gov/Bills/193/H3404
H3428,An Act to explore alternative funding sources to ensure safe and reliable transportation,privacy_generic:2,"ted by the house chair of the joint committee on transportation, who shall be a representative of a privacy rights advocacy organization. (c) the task force may request the department of transportation to perform such work as the task force deems necessary",https://malegislature.gov/Bills/193/H3428
H3429,An Act relative to unmanned aerial systems,surveillance:2,"re than six months, or both. (e) no person shall operate a uas or uav for the purpose of conducting surveillance or observation of an individual, their private real property, or dwelling inclusive of the curtilage without said individual’s consent. improper use",https://malegislature.gov/Bills/193/H3429
H3434,An Act relative to all-electronic tolling data privacy,geolocation:1,"h the assessment or collection of a toll, including, without limitation, gps coordinates or vehicle location information, dates and times traveled, images, vehicle speed, and license plate numbers, existing in an any form or medium, whether electronic, paper or otherwis",https://malegislature.gov/Bills/193/H3434
H3500,An Act promoting fairness and transparency of organizations supporting military personnel and families,record_nondisclosure:1,"tion (a) shall be public record. the information provided pursuant to paragraph 2 of subsection (a) shall be confidential and shall be available for inspection only by the secretary of administration and finance and the general court. names, addresses and deployment loca",https://malegislature.gov/Bills/193/H3500
H3508,"An Act relative to veteran health, opportunity, notification, observance and respect",record_nondisclosure:1,"sed by open burn pits to service members and veterans. the database, materials or other information shall be confidential and privileged, shall not be subject to chapter 66, or clause twenty-sixth of section 7 of chapter 4 and shall not be subject to subpoena, discovery",https://malegislature.gov/Bills/193/H3508
H352,An Act relative to the occupational therapist interstate licensure compact,biometric:1;privacy_generic:1,n initial compact privilege. these procedures shall include the submission of fingerprints or other biometric-based information by applicants for the purpose of obtaining an applicant’s criminal history record information from the federal bureau of investigat,https://malegislature.gov/Bills/193/H352
H3548,"Text of a further amendment, offered by Mr. Michlewitz of Boston, to the Senate amendment (striking out all af",biometric:1;facial_recognition:1;personal_information:2;sale_of_data:1;surveillance:2,"tary public with a means to verify the identity of a 458 remotely-located individual by a review of personal information from public or private data 459 sources, which may include credential analysis, dynamic knowledge-based authentication, 460 analysis of biometric dat",https://malegislature.gov/Bills/193/H3548
H357,"An Act protecting reproductive health access, LGBTQ lives, religious liberty, and freedom of movement by banni",data_privacy:1;geolocation:54;opt_out_privacy:1;privacy_generic:9,"cial edition, are hereby amended by inserting after chapter 93k the following chapter: chapter 93l. privacy protections for location information derived from electronic devices section 1. definitions as used in this chapter, the following words shall, unless the conte",https://malegislature.gov/Bills/193/H357
H3597,An Act to guarantee just cause job security,biometric:6;electronic_monitoring:28;geolocation:2;surveillance:1,"aning is required by the context or is specifically prescribed, shall have the following meanings: “biometric data”, a physiological, biological or behavioral characteristic, including but not limited to an iris scan, fingerprint, a hand scan, voiceprint and",https://malegislature.gov/Bills/193/H3597
H3601,An Act relative to overdose mapping,geolocation:3,"d local law enforcement agencies, sheriffs’ offices, fire departments and coroners shall submit the location data to the department, pursuant to section 237, not less than 24 hours after the fatal or nonfatal opiate overdose or after receiving the incident toxico",https://malegislature.gov/Bills/193/H3601
H3614,An Act to improve outcomes for individuals with Parkinson’s disease,privacy_generic:2;record_nondisclosure:2,"of the commonwealth; (ii) the means of collecting and disseminating such data; (iii) how to ensure privacy and confidentiality of such data; (iv) the purpose, design and functionality of the registry; and (v) the implementation of the registry. the committ",https://malegislature.gov/Bills/193/H3614
H3629,An Act relative to the prescription monitoring program,privacy_generic:1,"monitoring program, when the inclusion of such information does not conflict with state or federal privacy rules. the purpose of this subsection shall be to ensure that licensed professionals authorized to prescribe controlled substances receive informatio",https://malegislature.gov/Bills/193/H3629
H3630,An Act relative to the Massachusetts maternal mortality and morbidity review committee,record_nondisclosure:1,"jointly or under contract with the department in connection with the requirements of this section, shall be confidential members of the committee shall not be questioned in any civil or criminal proceeding regarding the information presented in or opinions formed as a r",https://malegislature.gov/Bills/193/H3630
H3637,An Act relative to fusion centers,personal_information:8;privacy_generic:3,"ing in the 2020 official edition, is hereby amended by inserting after the definition of “automated personal data system,” the following definition:- “commonwealth fusion center”, an entity established in executive order no. 476 within the criminal information se",https://malegislature.gov/Bills/193/H3637
H3673,"An Act providing safe, reliable, and equitable access to electric vehicle charging stations",privacy_generic:1;surveillance:2,"uding: lighting, siting, visibility from onlookers, emergency call boxes, fire prevention and video surveillance; (iii) locating charging stations within open areas and accessible to emergency assistance; (iv) that electric vehicle charging stations are accurate",https://malegislature.gov/Bills/193/H3673
H3735,An Act authorizing the town of Truro to establish a program to reduce property tax liability in exchange for v,record_nondisclosure:1,reflect the reduced rate. proof of disability documents shall be verified by the assessor and shall not be open to public inspection. a copy of such record shall also be provided to the taxpayer prior to the issuance of the actual tax bill. the town shall have the power to create,https://malegislature.gov/Bills/193/H3735
H377,An Act to protect patient privacy and prevent unfair and deceptive advertising of pregnancy-related services,personal_information:19;privacy_generic:2,"h condition. “collect”, buying, renting, gathering, obtaining, receiving or otherwise accessing any personal information pertaining to an individual by any means, including, but not limited to, obtaining information from an individual, either actively or passively, or b",https://malegislature.gov/Bills/193/H377
H3774,An Act creating a climate bank in Massachusetts,record_nondisclosure:1,"er or regarding the competitive position of such applicant in a particular field of endeavor, shall not be deemed public records of the center and shall not be subject to section 10 of chapter 66. any discussion or consideration of such trade secrets or commercial or financial",https://malegislature.gov/Bills/193/H3774
H3777,An Act establishing permanent eviction protections and tenancy preservation notices,personal_information:2;record_nondisclosure:1,"ief executive officer of the municipality in which the premises is located; provided, however, that personal identifying information in notices to quit received by the executive office of housing and economic development and the municipality shall not be a public record, as defin",https://malegislature.gov/Bills/193/H3777
H3780,"An Act related to the resiliency, public safety and quality of broadband in Massachusetts",privacy_generic:1,"eed, peak usage data and packet loss; (iii) network management practices; (iv) data allowances; (v) privacy policies; and (vi) any other information that the department determines to be necessary. the department shall promulgate regulations regarding the br",https://malegislature.gov/Bills/193/H3780
H3786,An Act to protect victims and the public from sexual assault and other violent crimes,geolocation:1,"f. (a) whoever unlawfully removes, destroys, damages or interferes with the proper functioning of a geolocation monitoring device, breath-testing instrument or other mechanism intended to facilitate recognizance or compliance with conditions of pretrial release",https://malegislature.gov/Bills/193/H3786
H3818,An Act preventing rampant online technological exploitation and criminal trafficking,facial_recognition:1,"tion itself or information displayed in connection with the visual depiction, including through (i) facial recognition, (ii) an identifying marking on the individual, including a birthmark or piercing, (iii) an identifying feature of the background of the visual depic",https://malegislature.gov/Bills/193/H3818
H3831,An Act to establish public internet service,geolocation:1;privacy_generic:2,": (a) not collect, use, disclose or retain internet data through the use of a device, web browsing, location information or any other internet usage beyond what is necessary to provide, maintain and secure the service; (b) monitor data information used to administer acc",https://malegislature.gov/Bills/193/H3831
H386,An Act relative to consumer health data,biometric:3;data_privacy:5;geolocation:1;personal_information:10;privacy_generic:9;sale_of_data:3,"ce of a general or broad terms of use agreement or a similar document that contains descriptions of personal data processing along with other, unrelated information; (ii) a consumer hovering over, muting, pausing, or closing a given piece of content; or (iii) a c",https://malegislature.gov/Bills/193/H386
H3863,An Act relative to the dangerous release of personal civil rights information,personal_information:1,"guns and ammunition therefor, as defined in said section 121 of said chapter 140, that contains any personal information including but not limited to names, street address, town, zip code, license identification numbers, date of birth, date of license or card. further,",https://malegislature.gov/Bills/193/H3863
H3870,An Act establishing a designation of a state protection and advocacy system,personal_information:1,"al health disabilities, or any other disabilities. when required by both state and federal law, any personally identifiable information of said persons with disabilities shall be removed from the records. (d) any individual or entity having knowledge of or reasonable cause to sus",https://malegislature.gov/Bills/193/H3870
H3897,An Act relative to assault weapons,personal_information:1,. (b) neither the department of state police nor any other law enforcement agency shall collect any personal information from a person that participates in the program by conveying or inquiring about conveying a weapon or device. (c) a person who participates in the pro,https://malegislature.gov/Bills/193/H3897
H3900,"An Act making appropriations for the fiscal year 2024 for the maintenance of the departments, boards, commissi",electronic_monitoring:1;personal_information:3;privacy_generic:6;record_nondisclosure:1;surveillance:9,and the early intervention program within the department of public health may share with each other personal data regarding the parents and children who receive services provided under early education and care programs administered by the commonwealth for waitlis,https://malegislature.gov/Bills/193/H3900
H3901,"An Act making appropriations for the fiscal year 2024 for the maintenance of the departments, boards, commissi",biometric:1;electronic_monitoring:1;personal_information:6;privacy_generic:7;record_nondisclosure:2;surveillance:10,and the early intervention program within the department of public health may share with each other personal data regarding the parents and children who receive services provided under early education and care programs administered by the commonwealth for waitlis,https://malegislature.gov/Bills/193/H3901
H3913,An Act relative to missing Black women and girls in Massachusetts,record_nondisclosure:1,"f the department or other state agencies and authorities and such information, material and records shall not be disclosed except as provided by this section. (e) the department shall promulgate any rules or regulations necessary for the implementation of this section.",https://malegislature.gov/Bills/193/H3913
H3917,An Act relative to establishing a BBLLC,security_breach:1,de smart contracts carried out on the blockchain technology; (4) protocols for responding to system security breaches or other unauthorized actions that affect the integrity of the blockchain technology utilized by the bbllc; (5) protocol for obtaining ownership or,https://malegislature.gov/Bills/193/H3917
H3929,An Act to improve quality and oversight of long-term care,record_nondisclosure:3,rmation related to criminal or civil litigation obtained by the department pursuant to this section shall be confidential and exempt from disclosure under clause twenty-sixth of section 7 of chapter 4 and chapter 66; (2) the financial capacity of the applicant or potenti,https://malegislature.gov/Bills/193/H3929
H3943,"An Act ensuring language readiness in deaf, deafblind, and hard-of-hearing children entering kindergarten",privacy_generic:1,"ith federal law regarding the education of children with disabilities and federal law regarding the privacy of pupil information. (k) this section shall apply only to children from birth to age 6, inclusive. section 2. section 1 of chapter 111g of the gener",https://malegislature.gov/Bills/193/H3943
H395,An Act relative to online advertising,personal_information:26;privacy_generic:2,"a website, webpage or online service that includes the display of advertisements. (b) the term “non-personally identifiable information” means information collected or logged by a third party advertising network that cannot be used, by itself, to contact, identify or locate a par",https://malegislature.gov/Bills/193/H395
H3980,An Act modernizing firearm laws,personal_information:1;record_nondisclosure:1,of firearms information. (c) the department of criminal justice information services shall make non-personally identifying data accessible to the general public through the publication of an online dashboard updated at least quarterly. this dashboard shall include but not be l,https://malegislature.gov/Bills/193/H3980
H4002,An Act relative to transit safety,record_nondisclosure:2,"cting mass transportation services; provided, that any 157 record of communications related thereto shall not be a public record under clause twenty-sixth 158 of section 7 of chapter 4 or under chapter 66. 13 of 21 159 section 6. in performing its duties, the office may: 160 (a",https://malegislature.gov/Bills/193/H4002
H4024,An Act establishing a commission on automated decision-making by government in the Commonwealth,data_protection:1,"matters related to data sources, data sharing agreements, data security provisions, compliance with data protection laws and regulations, and all other issues related to how data is protected, used, and shared by executive agencies using automated decision systems;",https://malegislature.gov/Bills/193/H4024
H4040,"An Act making appropriations for the fiscal year 2024 for the maintenance of the departments, boards, commissi",personal_information:7;privacy_generic:7;record_nondisclosure:2;surveillance:10,and the early intervention program within the department of public health may share with each other personal data regarding the parents and children who receive services provided under early education and care programs administered by the commonwealth for waitlis,https://malegislature.gov/Bills/193/H4040
H4101,An Act relative to accelerating improvements to the local and regional public health system to address dispari,personal_information:1;privacy_generic:1;surveillance:1,"e public to conduct further analysis; provided, however, that any such published data shall exclude personal identifying information. ​(h) the department shall estimate the amount of funds necessary to meet the requirements of this section for each fiscal year. the department sha",https://malegislature.gov/Bills/193/H4101
H4102,An Act relative to software legal agreements,privacy_generic:1,"software legal agreement; such as, but not limited to, terms and conditions, terms of service, and privacy policy; must be accompanied by a clear explanation of the changes in the legal agreement and a manner to contact the company to ask questions about t",https://malegislature.gov/Bills/193/H4102
H4103,An Act to ensure the responsible use of advanced robotic technologies,surveillance:2,try onto that property were made by a human officer; and (ii) deploying a robotic device to conduct surveillance or location tracking in any situation in which a warrant or other legally required judicial authorization would be required if such surveillance or t,https://malegislature.gov/Bills/193/H4103
H4115,An Act to prevent abuse and exploitation,personal_information:1;privacy_generic:1;record_nondisclosure:1,"amaging property belonging to the family or household member; (ix) threatening to publish sensitive personal information relating to the family or household member, including explicit images; (x) threatening to make false reports to law enforcement or other government o",https://malegislature.gov/Bills/193/H4115
H4124,An Act protecting seniors and adults with disabilities from financial exploitation,record_nondisclosure:1,empted financial exploitation of an eligible adult. records made available pursuant to this section shall not be public records and shall not be available for public examination. section 7. nothing in this chapter shall limit or otherwise impede the authority of the secretary,https://malegislature.gov/Bills/193/H4124
H4135,An Act modernizing firearm laws,biometric:1;record_nondisclosure:1,"handle locks, radio frequency tags, automated fingerprint identification systems or any other 1701 biometric means, provided, that such device shall be commercially available. 81 of 125 1702 (b) any firearm sold within the commonwealth without a safety devic",https://malegislature.gov/Bills/193/H4135
H4138,An Act [sic] the Affordable Homes Act,personal_information:2;privacy_generic:2,"cholarly, educational, journalistic or governmental purposes only; 1809 provided, however, that the personal identifying information of the parties involved in the action, 1810 shall remain sealed unless the court determines that release of such information is appropriate 1811 un",https://malegislature.gov/Bills/193/H4138
H4139,An Act modernizing firearm laws,biometric:1;privacy_generic:1;record_nondisclosure:1,"handle locks, radio frequency tags, automated fingerprint identification systems or any other 1769 biometric means, provided, that such device shall be commercially available. 84 of 129 1770 (b) any firearm sold within the commonwealth without a safety devic",https://malegislature.gov/Bills/193/H4139
H4151,An Act authorizing the town of Nantucket to impose a real estate transfer fee for affordable and workforce hou,record_nondisclosure:1,r section ten or for the purpose of determining the existence of any exemption under section twelve shall not be public records for the purposes of section ten of chapter sixty-six of the general laws. section 6. a seller who fails to pay all or any portion of the fee establi,https://malegislature.gov/Bills/193/H4151
H4152,An Act relative to modernizing Chapter 115,privacy_generic:1;record_nondisclosure:1,"es of the commonwealth and veterans, and in compliance with national security and state and federal privacy requirements, compile information related to military training and skills, including, but not limited to: (i) course training curricula and syllabi;",https://malegislature.gov/Bills/193/H4152
H4166,An Act authorizing the city of Cambridge to employ automated enforcement,personal_information:1;record_nondisclosure:1,the violation is material as to a finding of civil or criminal liability. (c) photographs and other personal identifying information collected by the city pursuant to this chapter shall not be a public record under clause twenty-sixth of section 7 of chapter 4 or chapter 66. (d) ,https://malegislature.gov/Bills/193/H4166
H4167,An Act making appropriations for the fiscal year 2023 for supplementing certain existing appropriations and fo,personal_information:1,"contact information for each cdc worker; provided, 374 however, that the list shall not include any personally identifiable information of the consumers. 375 all cdc workers, upon hire, or at any other reasonable time, shall be provided an opportunity to 376 submit a written requ",https://malegislature.gov/Bills/193/H4167
H4171,An Act making appropriations for the fiscal year 2023 for supplementing certain existing appropriations and fo,personal_information:1,"contact information for each cdc worker; provided, 383 however, that the list shall not include any personally identifiable information of the consumers. 384 all cdc workers, upon hire, or at any other reasonable time, shall be provided an opportunity to 385 submit a written requ",https://malegislature.gov/Bills/193/H4171
H4172,"An Act honoring, empowering, and recognizing our servicemembers and veterans",genetic_privacy:1,"er than honorable discharge because of sex, 477 race, color, religious creed, national origin, age, genetic information, ancestry, marital status, 478 disability or any u.s. department of veterans affairs category eligible for upgrade, including, 479 but not limited to",https://malegislature.gov/Bills/193/H4172
H4178,An Act to improve quality and oversight of long-term care,privacy_generic:1;record_nondisclosure:1,"vidual needs of residents; (b) converting multi-bed rooms to single 4 of 35 55 occupancy to enhance privacy and dignity; and (c) establishing voluntary skilled nursing facility 56 reconfigurations, including, but not limited to, providing financial incentiv",https://malegislature.gov/Bills/193/H4178
H4193,An Act to improve quality and oversight of long-term care,privacy_generic:1;record_nondisclosure:1,"vidual needs of residents; (b) converting multi-bed rooms to single 3 of 35 55 occupancy to enhance privacy and dignity; and (c) establishing voluntary skilled nursing facility 56 reconfigurations, including, but not limited to, providing financial incentiv",https://malegislature.gov/Bills/193/H4193
H4204,An Act making appropriations for the fiscal year 2023 for supplementing certain existing appropriations and fo,personal_information:1,"contact information for each cdc worker; provided, 440 however, that the list shall not include any personally identifiable information of the consumers. 441 all cdc workers, upon hire, or at any other reasonable time, shall be provided an opportunity to 442 submit a written requ",https://malegislature.gov/Bills/193/H4204
H4241,An Act to prevent abuse and exploitation,personal_information:1;privacy_generic:1;record_nondisclosure:1,"ng property belonging to the family or household member; 85 (viii) threatening to publish sensitive personal information relating to the family or 86 household member, including sexually explicit images; or 87 (ix) using repeated court actions found by a court not to be",https://malegislature.gov/Bills/193/H4241
H4253,An Act giving transportation network drivers the option to form a union and bargain collectively,record_nondisclosure:1;surveillance:1,"e such worker exercising any rights 142 guaranteed by this chapter 143 6. to spy upon or keep under surveillance, whether directly or through agents or any 144 other person, any activities of tnds, those workers' representatives, or any other person, or any 9 of",https://malegislature.gov/Bills/193/H4253
H4255,An Act relative to the regulation and taxation of natural psychedelic substances,personal_information:2;privacy_generic:3,such record keeping does not result in the disclosure to the public or any government agency of 456 personally identifiable information of participants. 457 (4) establish the requirements governing the licensing and operation of psychedelic 458 therapy centers and other licensees,https://malegislature.gov/Bills/193/H4255
H4256,An Act defining and regulating the relationship between network companies and app-based drivers for purposes o,genetic_privacy:1,"ased driver based upon race, color, age, religious creed, national origin, sex, 31 gender identity, genetic information, ancestry, active military personnel, status as a veteran, 32 pregnancy or a condition related to said pregnancy including, but not limited to, lacta",https://malegislature.gov/Bills/193/H4256
H4258,An Act defining and regulating the relationship between network companies and app-based drivers for certain pu,genetic_privacy:1,"ased driver based upon race, color, age, religious creed, national origin, sex, 31 gender identity, genetic information, ancestry, active military personnel, status as a veteran, 32 pregnancy or a condition related to said pregnancy including, but not limited to, lacta",https://malegislature.gov/Bills/193/H4258
H4259,"An Act establishing that app-based drivers are not employees, and network companies are not employers, for cer",genetic_privacy:1,"ased driver based upon race, color, age, religious creed, national origin, sex, 35 gender identity, genetic information, ancestry, active military personnel, status as a veteran, 36 pregnancy or a condition related to said pregnancy including, but not limited to, lacta",https://malegislature.gov/Bills/193/H4259
H426,An Act implementing automated emergency response communications and coordination between Massachusetts schools,privacy_generic:1,lication view. (b) the system in subsection (b) shall be cybersecure and be designed to protect the privacy of students and staff by meeting the following requirements: (1) the system is a enables each participating entity to maintain discretionary real-tim,https://malegislature.gov/Bills/193/H426
H4263,An Act to save recycling costs in the Commonwealth,record_nondisclosure:1,"sales data reported to the department by a manufacturer or by the representative organization shall not be subject to disclosure but the commissioner may release a summary form of such data that does not disclose financial, production or sales data of the manufacturer, retailer",https://malegislature.gov/Bills/193/H4263
H4265,An Act relative to advanced placement examinations and college credit,privacy_generic:1,"of trustees, with all necessary data, in accordance with the federal family educational rights and privacy act of 1974, to conduct the analysis. (d) all policies and procedures governing the award of credit shall be posted in an easily accessible location",https://malegislature.gov/Bills/193/H4265
H4266,An Act protecting public higher education student information,privacy_generic:1,"not be required to produce records defined as education records in the family education rights and privacy act (20 usc 11232g) at 34 cfr § 99.3, including those education records designated by the public colleges and universities as directory information a",https://malegislature.gov/Bills/193/H4266
H4269,An Act to facilitate student financial assistance,personal_information:1,"ll be written in accessible language, translated into families’ preferred languages, and require no personal information except for student and parent/guardian (if applicable) name and signature. the form cannot require any information on citizenship status. a form file",https://malegislature.gov/Bills/193/H4269
H4287,An Act authorizing the city of Salem to employ automated enforcement of speed limit violations in designated s,personal_information:1;record_nondisclosure:1,the violation is material as to a finding of civil or criminal liability. (c) photographs and other personally identifying information collected by the city pursuant to this chapter are not public record. (d) no automated road safety camera system shall be utilized in such a mann,https://malegislature.gov/Bills/193/H4287
H4320,An Act relative to clarity and consistency for the Justice Reinvestment Oversight Board,personal_information:1,"aphs 12, 13 and 14 of said section 18¾ through the development of data portals to make data without personally identifiable information so available; and (3) maintaining policies ensuring accurate data collection across racial, ethnic and gender classifications; provided, that co",https://malegislature.gov/Bills/193/H4320
H4323,An Act to protect the privacy of 911 callers,personal_information:1;privacy_generic:1;record_nondisclosure:1,"nscript preparation. before providing the transcript, the name, address, telephone number and other personally identifying information of the caller or any person involved in the facts or circumstances relating to the 911 call may be redacted.",https://malegislature.gov/Bills/193/H4323
H434,An Act establishing employee screening requirements in schools to prevent child sexual abuse,record_nondisclosure:1,spective employer's request under this paragraph. (3) information received under this section shall not be deemed a public record for the purposes of section 10 of chapter 66. (4) a school that receives the information under this subsection shall use the information solely for t,https://malegislature.gov/Bills/193/H434
H4356,An Act promoting housing opportunity and mobility through eviction sealing (HOMES),personal_information:2,"ty, scholarly, educational, journalistic or governmental purposes only; provided, however, that the personal identifying information of the parties involved in the action shall remain sealed unless the court determines that release of such information is appropriate and necessary",https://malegislature.gov/Bills/193/H4356
H4359,An Act to implement the recommendations of the special commission on facial recognition technology,biometric:12;facial_recognition:38;surveillance:7,"following words shall, unless the context clearly requires otherwise, have the following meanings: “biometric surveillance technology”, any computer software that performs facial recognition or other remote biometric recognition. “facial recognition”, an auto",https://malegislature.gov/Bills/193/H4359
H4391,An Act relative to child fatality review,record_nondisclosure:1,"lic. information and records acquired by the state team or by a local team pursuant to this chapter shall be confidential, exempt from disclosure under chapter 66 and may only be disclosed as necessary to carry out a team’s duties and purposes. statistical compilations o",https://malegislature.gov/Bills/193/H4391
H4392,An Act relative to substance exposed newborns,personal_information:1,"of the federal child abuse prevention and treatment act, provided that said data shall not include personally identifiable information. (f) there may be a multidisciplinary standing committee established for the purpose of advising the department of public health in matters relat",https://malegislature.gov/Bills/193/H4392
H4393,An Act updating terminology and investigative practices related to the protection of persons with disabilities,personal_information:8;record_nondisclosure:1,"d, collected, used, maintained or disseminated pursuant to this chapter and that is confidential or personally identifiable information pursuant to state or federal law shall not be a public record pursuant to clause twenty-six of section 7 of chapter 4 or chapter 66. section 16.",https://malegislature.gov/Bills/193/H4393
H4397,An Act requiring universal changing stations in public buildings,privacy_generic:1,"and safety belts; (b) be located inside a private restroom or in a private stall, enclosed area or privacy screen within a multi-stall restroom; (c) provide adequate space for assistance for end and side clearance; and (d) comply with all requirements of t",https://malegislature.gov/Bills/193/H4397
H4406,An Act establishing a task force on the use of deepfake and digital content forgery,privacy_generic:2,"state and local government, massachusetts-based businesses, and residents. (2) the risks, including privacy risks, associated with the deployment of digital content forgery technologies and deepfakes on massachusetts state and local government, massachusett",https://malegislature.gov/Bills/193/H4406
H4421,An Act establishing an education-to-career data center,data_privacy:1;personal_information:3;privacy_generic:10;security_breach:1,"s name, address, employer, date of birth, social security number, driver’s license number and other personal information from a data record. data shall be considered “de-identified” only if satisfying the standard for de-identification set forth in 45 cfr § 164.514(b)(1",https://malegislature.gov/Bills/193/H4421
H4456,An Act relative to financial technology services,privacy_generic:1;record_nondisclosure:2,"ng a cancellation fee imposed by the provider. comply with all applicable local, state, and federal privacy and information security laws. if a provider solicits, charges, or receives a tip, gratuity, or other donation from a consumer, do both of the follow",https://malegislature.gov/Bills/193/H4456
H4486,An Act to protect Massachusetts public health from PFAS,record_nondisclosure:1;surveillance:1,"e or release. (d) the department shall assist the department of public health’s occupational health surveillance program in collecting data on occupational exposure to pfas, including, but not limited to, firefighters. section 10. section 12 of chapter 61a of th",https://malegislature.gov/Bills/193/H4486
H4496,An Act making appropriations for the fiscal year 2024 to provide for supplementing certain existing appropriat,record_nondisclosure:1,"nsidered a public record under clause twenty- 263 sixth of section 7 of chapter 4 or chapter 66 and shall not be disclosed to any person or entity 264 other than those listed or described in the confidential data-sharing agreement; provided, 265 however, that a state or m",https://malegislature.gov/Bills/193/H4496
H4505,An Act to establish a pilot program to improve communications between local law enforcement and victims in Mid,personal_information:1,"uccesses of the system and possible improvements that could be made to the system, provided that no personally identifying information shall be included. (b) at the end of the 4 year pilot program, the office shall provide a report on the overall evaluation of the program to the ",https://malegislature.gov/Bills/193/H4505
H4517,Study Order,personal_information:5;wiretap_interception:3,"s; the petition (accompanied by bill, house, no. 1428) of edward f. coppinger relative to releasing personal information of police officers; the petition (accompanied by bill, house, no. 1429) of mark j. cusack for legislation to increase the penalties for continuing to",https://malegislature.gov/Bills/193/H4517
H4520,An Act to modernize civil service laws,privacy_generic:1,"by the commission pursuant to this chapter, and to make such orders deemed necessary to protect the privacy of a person’s health or other acutely sensitive or confidential information. section 10. section 2 of chapter 31 as it appears in the 2020 official e",https://malegislature.gov/Bills/193/H4520
H4521,An Act relative to college in high school,privacy_generic:1,"her education with all necessary data, in accordance with the federal family educational rights and privacy act of 1974, to conduct the analysis. section 4. chapter 29 of the general law is hereby amended by inserting after section 2ccccc the following new",https://malegislature.gov/Bills/193/H4521
H4537,Study Order,privacy_generic:1,"ouse, no. 655) of thomas p. walsh, rodney m. elliott and james b. eldridge relative to the dignity, privacy, and safety of residents in nursing homes and rest homes, reports recommending that the accompanying order (house, no. 4537) ought to be adopted. for",https://malegislature.gov/Bills/193/H4537
H454,"An Act to ensure equitable access to education, including special education services, for all students in Mass",personal_information:2,"committee, charter school, and individual school in a manner that is anonymized and does not reveal personally identifiable information about an individual student. publication shall include, but need not be limited to, availability on the department's worldwide web site. section",https://malegislature.gov/Bills/193/H454
H4566,An Act promoting access to midwifery care and out-of-hospital birth options,privacy_generic:1,", language interpreter or navigator. (d) the commissioner shall, in a manner that protects personal privacy and complies with federal law, collect and assess data regarding pregnancy loss, including information disaggregated by race, ethnicity, health insur",https://malegislature.gov/Bills/193/H4566
H4567,An Act to improve outcomes for individuals with Parkinson’s disease,privacy_generic:1;record_nondisclosure:2,"poses of this section, this information shall be referred to as confidential information. to ensure privacy, the department shall promulgate a coding system that removes any identifying information about the patient. (j) notwithstanding any other law, a dis",https://malegislature.gov/Bills/193/H4567
H4570,Study Order,consumer_privacy:1;data_privacy:1;privacy_generic:1,"nied by bill, house, no. 1893) of kenneth i. gordon and michael j. barrett relative to social media consumer privacy protection; the petition (accompanied by bill, house, no. 1895) of christopher 2 of 4 hendricks and others relative to providing worker compensation",https://malegislature.gov/Bills/193/H4570
H4578,Study Order,wiretap_interception:1,"hnology; the petition (accompanied by bill, house, no. 73) of christopher m. markey relative to the interception of wire and oral communications; the petition (accompanied by bill, house, no. 75) of frank a. moran and estela a. reyes for legislation to provide financial",https://malegislature.gov/Bills/193/H4578
H4597,An Act improving medical decision making,privacy_generic:1;right_to_privacy:1,"s. no person shall be civilly liable or subject to professional discipline for violating a person’s right to privacy or confidentiality as a result of making such an inquiry except for willful or wanton misconduct. (d) an attending physician may designate, as an inc",https://malegislature.gov/Bills/193/H4597
H46,An Act relative to an ADA paratransit program riders' bill of rights,privacy_generic:1;right_to_privacy:1,"luntary disruption. (12) the right to have service animals accompany riders on transports. (13) the right to privacy of rider information. (14) the right to submit suggestions, complaints, and concerns regarding service. (c) a public transit agency shall prominently",https://malegislature.gov/Bills/193/H46
H4600,"An Act making appropriations for the fiscal year 2025 for the maintenance of the departments, boards, commissi",electronic_monitoring:1;personal_information:3;privacy_generic:6;record_nondisclosure:1;surveillance:11,"ces and the department of public health, specifically early intervention, may share with each other personal data regarding the parents and children who receive services provided under early education and care progra ms administered by the commonwealth for invest",https://malegislature.gov/Bills/193/H4600
H4601,"An Act making appropriations for the fiscal year 2025 for the maintenance of the departments, boards, commissi",electronic_monitoring:1;personal_information:3;privacy_generic:6;record_nondisclosure:1;surveillance:11,"ces and the department of public health, specifically early intervention, may share with each other personal data regarding the parents and children who receive services provided under early education and care programs administered by the commonwealth for investi",https://malegislature.gov/Bills/193/H4601
H4620,An Act enhancing the market review process,personal_information:1;privacy_generic:3;record_nondisclosure:2,"ency that collects or maintains patient safety information may transmit such information, including personal data pursuant to section 1 of chapter 66a, to each other through an agreement, which may be an interagency service agreement, that provides for any safegu",https://malegislature.gov/Bills/193/H4620
H4632,An Act establishing the Massachusetts Data Privacy Act,biometric:7;data_broker:22;data_privacy:5;genetic_privacy:5;geolocation:56;opt_out_privacy:8;personal_information:11;privacy_generic:51;sale_of_data:1,"en, specific, informed, and unambiguous agreement to allow the processing of specific categories of personal information relating to the individual for a narrowly defined particular purpose after having been informed, in response to a specific request from a covered ent",https://malegislature.gov/Bills/193/H4632
H4643,An Act enhancing the market review process,personal_information:1;privacy_generic:4;record_nondisclosure:2,"that collects or maintains patient safety information may transmit such information, 963 including personal data as defined in section 1 of chapter 66a, to each other through an 964 agreement, which may be an interagency service agreement, that provides for any",https://malegislature.gov/Bills/193/H4643
H4653,An Act enhancing the market review process,personal_information:1;privacy_generic:3;record_nondisclosure:2,"ency that collects or maintains patient safety information may transmit such information, including personal data as defined in section 1 of chapter 66a, to each other through an agreement, which may be an interagency service agreement, that provides for any safe",https://malegislature.gov/Bills/193/H4653
H4654,An Act relative to overdose mapping,personal_information:1;privacy_generic:2,"lth based on the information collected; provided however, that the department shall not include any personally identifiable information of an individual who experiences a fatal or nonfatal overdose in such reports r. section 2. section 237a of chapter 111 of the general laws shal",https://malegislature.gov/Bills/193/H4654
H4661,"An Act honoring, empowering, and recognizing our servicemembers and veterans",genetic_privacy:1;record_nondisclosure:1,"er than honorable discharge because of sex, race, color, religious creed, 508 national origin, age, genetic information, ancestry, marital status, disability; or (ii) any u.s. 509 department of veterans affairs category eligible for upgrade, including, but not limited",https://malegislature.gov/Bills/193/H4661
H4671,"An Act honoring, empowering, and recognizing our servicemembers and veterans",genetic_privacy:1;record_nondisclosure:1,"er than honorable discharge because of sex, race, color, religious creed, 702 national origin, age, genetic information, ancestry, marital status, disability; or (ii) any u.s. 703 department of veterans affairs category eligible for upgrade, including, but not limited",https://malegislature.gov/Bills/193/H4671
H4672,An Act to ensure legal parentage equality,genetic_privacy:5;privacy_generic:2;record_nondisclosure:1,"ereby further amended by inserting, in line 56, after the twelfth sentence the following sentence:- genetic testing shall not be used to challenge the parentage of an individual who is a parent under sections 25, 27 and 28 to 28p, inclusive, or to establish the",https://malegislature.gov/Bills/193/H4672
H4677,An Act supporting economic growth of downtowns and main streets,genetic_privacy:2,"y based on race, color, religious creed, national origin, sex, gender identity, sexual orientation, genetic information, ancestry, disability, and language in implementing supply mass/buy mass. (b) mobd may consult with and seek input from interested stakeholders and s",https://malegislature.gov/Bills/193/H4677
H4680,Study Order,privacy_generic:1,"bill, house, no. 377) of tram t. nguyen and lindsay n. sabadosa for legislation to protect patient privacy and prevent unfair and deceptive advertising of pregnancy-related services; the petition (accompanied by bill, house, no. 379) of angelo j. puppolo,",https://malegislature.gov/Bills/193/H4680
H4681,An Act relative to special education,personal_information:4,"regated by school district and individual school in a manner that is anonymized and does not reveal personally identifiable information about any individual student; (iii) the number of children, by grade level, within each disability category receiving specific special education",https://malegislature.gov/Bills/193/H4681
H4707,An Act relative to the Affordable Homes Act,privacy_generic:2,"terms, eviction, right to 1639 return, grievance, resident participation, preference in hiring and privacy rights, except as may be 1640 required to secure financing necessary for the feasibility of the project or to meet associated 1641 programmatic eligi",https://malegislature.gov/Bills/193/H4707
H4710,An Act relating to improvements to residential properties,geolocation:1,"the applicable work or service has been completed by verifying, either through truepic or a similar geolocational verification application, or as applicable, that the final permit for the qualifying improvement has been closed with all permit requirements satis",https://malegislature.gov/Bills/193/H4710
H4712,"matters before the joint committee on mental health, substance use and recovery",privacy_generic:1,"to improve the quality of mental health services and rights of patients by providing for sufficient privacy; the petition (accompanied by bill, house, no. 1977) of marjorie c. decker and lindsay n. sabadosa relative to reporting requirements to identify and",https://malegislature.gov/Bills/193/H4712
H4726,An Act relative to the Affordable Homes Act,privacy_generic:2,"terms, eviction, right to 2114 return, grievance, resident participation, preference in hiring and privacy rights, except as may be 2115 required to secure financing necessary for the feasibility of the project or to meet associated 2116 programmatic eligi",https://malegislature.gov/Bills/193/H4726
H4731,An Act relative to police reports involving railroad fatalities,record_nondisclosure:1,"and all communications between police officers and railroad crew members involved in such fatality shall not be made public and shall be maintained by the police department that responds to such fatality in a manner that shall ensure confidentiality; provided, however, tha",https://malegislature.gov/Bills/193/H4731
H4739,Study Order,surveillance:1,"allen robertson for legislation to establish the environmental public health trust fund for cancer surveillance and environmental data collection within the department of public health; the petition (accompanied by bill, house, no. 2258) of david m. rogers, ste",https://malegislature.gov/Bills/193/H4739
H4743,An Act relative to treatments and coverage for substance use disorder and recovery coach licensure,personal_information:1,"56 federal child abuse prevention and treatment act; provided, that said data shall not include 157 personally identifiable information. 158 (b) annually, not later than april 1, the department, in consultation with the department 159 of children and families and the office of th",https://malegislature.gov/Bills/193/H4743
H4744,An Act to prevent abuse and exploitation,personal_information:1;privacy_generic:1;record_nondisclosure:2,"g property belonging to the family or household member; 112 (viii) threatening to publish sensitive personal information relating to the family or 113 household member, including sexually explicit images; or 114 (ix) using repeated court actions found by a court not to",https://malegislature.gov/Bills/193/H4744
H4750,An Act to ensure legal parentage equality,genetic_privacy:5;privacy_generic:2;record_nondisclosure:1,"aid chapter 209c, as so appearing, is hereby further 300 amended by adding the following sentence:- genetic testing shall not be used to challenge the 301 parentage of an individual who is a parent under sections 25, 27 and 28 to 28p, inclusive, or to 302 establ",https://malegislature.gov/Bills/193/H4750
H4758,An Act relative to treatments and coverage for substance use disorder and recovery coach licensure,personal_information:1;record_nondisclosure:3,"91 federal child abuse prevention and treatment act; provided, that said data shall not include 192 personally identifiable information. 193 (b) annually, not later than april 1, the department, in consultation with the department 194 of children and families and the office of th",https://malegislature.gov/Bills/193/H4758
H4772,An Act to modernize the Massachusetts insurer’s insolvency fund,data_privacy:1;privacy_generic:1,"admitted basis, providing indemnity for losses or loss 56 mitigation arising out of or relating to data privacy breaches, unauthorized information network 57 security intrusions, computer viruses, ransomware, cyber extortion, identity theft and similar 58 expos",https://malegislature.gov/Bills/193/H4772
H4773,An Act promoting access to midwifery care and out-of-hospital birth options,privacy_generic:1,"ge 170 interpreter or navigator. 171 (e) the commissioner shall, in a manner that protects personal privacy and complies with 172 federal law, collect and assess data regarding pregnancy loss, including information 173 disaggregated by race, ethnicity, heal",https://malegislature.gov/Bills/193/H4773
H4785,An Act promoting access to midwifery care and out-of-hospital birth options,privacy_generic:1,"ge 258 interpreter or navigator. 259 (e) the commissioner shall, in a manner that protects personal privacy and complies with 260 federal law, collect and assess data regarding pregnancy loss, including information 261 disaggregated by race, ethnicity, heal",https://malegislature.gov/Bills/193/H4785
H4790,An Act making appropriations for the fiscal year 2024 to provide for supplementing certain existing appropriat,record_nondisclosure:1,"onsidered a public record under clause 202 twenty-sixth of section 7 of chapter 4 or chapter 66 and shall not be disclosed to any person or 11 of 27 203 entity other than those listed or described in the confidential data-sharing agreement; provided, 204 however, that a s",https://malegislature.gov/Bills/193/H4790
H4799,An Act making appropriations for the fiscal year 2024 to provide for supplementing certain existing appropriat,record_nondisclosure:1,"onsidered a public record under clause 212 twenty-sixth of section 7 of chapter 4 or chapter 66 and shall not be disclosed to any person or 213 entity other than those listed or described in the confidential data-sharing agreement; provided, 214 however, that a state or m",https://malegislature.gov/Bills/193/H4799
H4800,"An Act making appropriations for the fiscal year 2025 for the maintenance of the departments, boards, commissi",electronic_monitoring:1;personal_information:5;privacy_generic:7;record_nondisclosure:1;surveillance:11,and the early intervention program within the department of public health may share with each other personal data rega rding the parents and children who receive services provided under earl y education and care programs administered by the commonwealth for inves,https://malegislature.gov/Bills/193/H4800
H4802,An Act addressing challenges facing public libraries and digital resource collections,privacy_generic:2,"impact consumer experience and access to diverse collections; (iv) research and describe how patron privacy records and metadata are kept, used, accessed and sold as it relates to patrons using and accessing digital and electronic resources through a public",https://malegislature.gov/Bills/193/H4802
H4804,An Act relative to strengthening Massachusetts’ economic leadership,biometric:1;privacy_generic:2;surveillance:1,"rity guards, video camera surveillance, an 3511 electronic system requiring pass codes, keycards or biometric scans or similar security features. 3512 “qualification period”, a 20-year period of time beginning on the effective date of the 3513 certification b",https://malegislature.gov/Bills/193/H4804
H481,An Act relative to educational freedom,privacy_generic:1,eeping anonymous all disaggregated data and complying with state and federal guidelines for student privacy. the names of participating schools and the number of participating students at each such school shall be included in the report. (e) the state audit,https://malegislature.gov/Bills/193/H481
H4832,An Act relative to civil rights and technology,surveillance:2,rant would be required if the entry onto that property were made by an officer; and (ii) to conduct surveillance or location tracking in any situation in which a warrant or other legally required judicial authorization would be required if such surveillance or t,https://malegislature.gov/Bills/193/H4832
H4833,An Act relative to access to justice,personal_information:1;record_nondisclosure:1,"use twenty-sixth of section 7 of chapter 4, provided that the name, address, phone number and other personal identifying information regarding the interview subject shall not be a public record. (c) the provisions of paragraphs (a) and (b) shall not apply to persons in federal cu",https://malegislature.gov/Bills/193/H4833
H4840,An Act relative to the regulation of money transmission by the Division of Banks,record_nondisclosure:2,"of the commissioner, financial statements, balance sheets 231 and authorized delegate information, shall be confidential and privileged, shall not be subject to 232 subpoena, and shall not be subject to disclosure under chapter 66. for the purpose of this 233 paragraph,",https://malegislature.gov/Bills/193/H4840
H4844,An Act providing protections for reproductive or gender-affirming care location information,data_privacy:1;geolocation:38;privacy_generic:8,"2 following chapter:- 3 chapter 93m. 4 reproductive or gender-affirming care location information 5 privacy protections 6 section 1. as used in this chapter, the following words shall, unless the context clearly 7 requires otherwise, have the following meanings: 8 “ap",https://malegislature.gov/Bills/193/H4844
H4891,An Act promoting access and affordability of prescription drugs,record_nondisclosure:5,"management techniques employed by payers; provided, however, that any 3 of 58 36 confidential data shall not be a public record and shall be exempt from disclosure pursuant to 37 clause twenty-sixth of section 7 of chapter 4 and section 10 of chapter 66. 38 (c)(1) the office s",https://malegislature.gov/Bills/193/H4891
H4910,An Act promoting access and affordability of prescription drugs,record_nondisclosure:5,"utilization management techniques employed by payers; provided, however, that any confidential data shall not be a public record and shall be exempt from disclosure pursuant to clause twenty-sixth of section 7 of chapter 4 and section 10 of chapter 66. (c)(1) the office shall p",https://malegislature.gov/Bills/193/H4910
H4924,An Act relative to supported decision making,personal_information:1;privacy_generic:3,"existence of a supported decision-making agreement shall not preclude a decision-maker from seeking personal information without the assistance of a supporter. (5) to be valid, a supported decision-making agreement shall be signed and dated by the decision-maker and eac",https://malegislature.gov/Bills/193/H4924
H4949,An Act relative to authorizing supported decision-making agreements for certain adults with disabilities,personal_information:1;privacy_generic:3,"existence of a supported decision-making agreement shall not preclude a decision-maker from seeking personal information without the assistance of a supporter. (5) to be valid, a supported decision-making agreement shall be signed and dated by the decision-maker and eac",https://malegislature.gov/Bills/193/H4949
H4970,An Act to ensure legal parentage equality,genetic_privacy:5;privacy_generic:2,"aid chapter 209c, as so appearing, is hereby further 310 amended by adding the following sentence:- genetic testing shall not be used to challenge the 311 parentage of an individual who is a parent under sections 25, 27 and 28 to 28p, inclusive, or to 312 establ",https://malegislature.gov/Bills/193/H4970
H4976,"An Act honoring, empowering, and recognizing our servicemembers and veterans",genetic_privacy:1;record_nondisclosure:1,"an honorable discharge on the basis of sex, race, color, religious creed, national origin, 715 age, genetic information, ancestry, marital status or disability; or (ii) any united states 716 department of veterans affairs category eligible for a discharge upgrade, incl",https://malegislature.gov/Bills/193/H4976
H4977,An Act relative to the Affordable Homes Act,personal_information:2;privacy_generic:2,"cholarly, educational, journalistic or 2775 governmental purposes only; provided, however, that the personal identifying information of the 2776 parties involved in the action shall remain sealed unless the court determines that release of such 127 of 181 2777 information is appr",https://malegislature.gov/Bills/193/H4977
H4989,An Act relative to safety and justice,privacy_generic:1,", documents and materials shall be so expunged or sealed, the court shall consider the interests of privacy and justice pertaining to the claimant's erroneous felony conviction as well as the probable effect of such expungement or sealing on relevant law en",https://malegislature.gov/Bills/193/H4989
H4999,An Act promoting access to midwifery care and out-of-hospital birth options,privacy_generic:1,"nguage interpreter or navigator. 315 (e) the commissioner shall, in a manner that protects personal privacy and complies with 316 federal law, collect and assess data regarding pregnancy loss, including information 317 disaggregated by race, ethnicity, heal",https://malegislature.gov/Bills/193/H4999
H50,Report in part of the special committee of the House to examine the returns of the votes for Representative in,record_nondisclosure:2,"rmation provided by or relating to any applicant or license- holder will not be a public record and shall not be disclosed, except as required by federal law or as authorized by attorney general regulations, and except for purposes of motor vehicle insurance. the law dire",https://malegislature.gov/Bills/193/H50
H5033,An Act to improve quality and oversight of long-term care,privacy_generic:1;record_nondisclosure:1,"ate individual needs of residents; (b) converting multi-bed rooms to single 56 occupancy to enhance privacy and dignity; and (c) establishing voluntary skilled nursing facility 57 reconfigurations, including, but not limited to, providing financial incentiv",https://malegislature.gov/Bills/193/H5033
H5049,An Act making appropriations for the fiscal year 2024 to provide for supplementing certain existing appropriat,personal_information:2,y and secondary education and the bureau of 635 special education appeals may share with each other personal data regarding students and other 32 of 109 636 individuals for- the purposes of carrying out their respective responsibilities under state and 637 federa,https://malegislature.gov/Bills/193/H5049
H5050,An Act making appropriations for the fiscal year 2024 to provide for supplementing certain existing appropriat,record_nondisclosure:1,"onsidered a public record under clause twenty-sixth of section 7 of chapter 4 or chapter 66 233 and shall not be disclosed to any person or entity other than those listed or described in the 234 confidential data-sharing agreement; provided, however, that a state or munic",https://malegislature.gov/Bills/193/H5050
H5077,making appropriations for the fiscal year 2024 to provide for supplementing certain existing appropriations an,personal_information:3,"eded. 316 (e) the department shall, in coordination with the qualified local entity, ensure all 317 personally identifiable information is handled in accordance with all applicable state and federal 318 laws and regulations. 319 (f) annually, not later than march 15, the departme",https://malegislature.gov/Bills/193/H5077
H5100,An Act relative to strengthening Massachusetts’ economic leadership,biometric:4;personal_information:3;privacy_generic:6;record_nondisclosure:2;surveillance:2,"ble on the department’s website; provided, however, that any such 4685 published data shall exclude personal identifying information. 4686 (h) annually, the department shall estimate the amount of funds necessary to meet the 4687 requirements of this section for the upcoming fisc",https://malegislature.gov/Bills/193/H5100
H5110,Communication from the Department of Energy Resources of the Executive Office of Energy and Environmental Affa,personal_information:3;record_nondisclosure:1,"ment provisions for entities that fail to comply with their reporting obligations, the treatment of personally identifying information that is reported to doer, and other provisions related to the administration of these regulations. house . . . . . . . . . . . . . . . no. 5110 c",https://malegislature.gov/Bills/193/H5110
H5132,"Text of a further amendment, offered by Mr. Michlewitz of Boston, to the Senate amendment (striking out all af",personal_information:2,y and secondary education and the bureau of 476 special education appeals may share with each other personal data regarding students and other 477 individuals to carry out their respective responsibilities under state and federal laws and 478 regulations. 19 of 4,https://malegislature.gov/Bills/193/H5132
H5143,An Act relative to treatments and coverage for substance use disorder and recovery coach licensure,record_nondisclosure:1,n terminated from the program before completion. 458 (e) the record of participation in the program shall not be a public record and shall be 459 exempt from disclosure pursuant to clause twenty-sixth of section 7 of chapter 4 and chapter 66. 460 if a dentist or dental hygienis,https://malegislature.gov/Bills/193/H5143
H5154,An Act relative to bus lane enforcement,personal_information:1;record_nondisclosure:1,by amended by inserting after subclause (v) the 3 following subclause:- 4 (w) photographs and other personal identifying information collected under chapter 90k. 5 section 2. chapter 89 of the general laws is hereby amended by inserting after 6 section 4d the following section:- ,https://malegislature.gov/Bills/193/H5154
H5159,An Act enhancing the market review process,personal_information:1;privacy_generic:3,"that collects or maintains patient safety 838 information may transmit such information, including personal data as defined in section 1 of 839 chapter 66a, and shall transmit such information to the lehman center upon request from the 840 lehman center; provide",https://malegislature.gov/Bills/193/H5159
H517,An Act relative to safer schools,surveillance:1,"h and safety practices upon completion of such grants. the purchase of metal detectors, weapons, or surveillance technology, or the hiring or employment of school-based security personnel is not an eligible use of such grant funds, nor shall such purchases or hi",https://malegislature.gov/Bills/193/H517
H53,Report on the residue from the special committee of the House to examine the returns of the votes for Represen,record_nondisclosure:1,"rmation provided by or relating to any applicant or license- holder will not be a public record and shall not be disclosed, except as required by federal law or as authorized by attorney general regulations, and except for purposes of motor vehicle insurance. the law dire",https://malegislature.gov/Bills/193/H53
H530,An Act establishing an education-to-career data center,data_privacy:1;personal_information:3;privacy_generic:10;security_breach:1,"s name, address, employer, date of birth, social security number, driver’s license number and other personal information from a data record. data shall be considered “de-identified” only if satisfying the standard for de-identification set forth in 45 cfr § 164.514(b)(1",https://malegislature.gov/Bills/193/H530
H532,An Act relative to student and educator data privacy,biometric:1;data_privacy:5;data_protection:1;geolocation:1;personal_information:4;privacy_generic:11;security_breach:4,"gs; and persistent unique identifiers. “de-identified data”, records and information from which all personally identifiable information has been removed or obscured such that the remaining information does not reasonably identify a specific individual, including, but not limited ",https://malegislature.gov/Bills/193/H532
H537,An Act relative to safety and violence education for students (the SAVE Students Act),privacy_generic:1;record_nondisclosure:2,"for tracking the outcome of reports; and (xi) comply with the federal family educational rights and privacy act, 20 u.s.c. 1232g, and other relevant federal and state laws. (e) for the purposes of administering the reporting program, the secretary of health",https://malegislature.gov/Bills/193/H537
H560,An Act relative to media literacy in schools,surveillance:1,"ent (images, text and video) posted on social media platforms, ai, algorithms, virtual reality, and surveillance systems, and encompasses the foundational skills of digital citizenship and internet safety including the norms of appropriate, responsible, ethical,",https://malegislature.gov/Bills/193/H560
H57,An Act making appropriations for the Fiscal Year 2023 to provide for supplementing certain existing appropriat,biometric:1;facial_recognition:1;personal_information:2;sale_of_data:1;surveillance:2,"tary public with a means to verify the identity of 378 a remotely-located individual by a review of personal information from public or private data 379 sources, which may include credential analysis, dynamic knowledge-based authentication, 380 analysis of biometric dat",https://malegislature.gov/Bills/193/H57
H58,An Act making appropriations for the Fiscal Year 2023 to provide for supplementing certain existing appropriat,biometric:1;facial_recognition:1;personal_information:2;sale_of_data:1;surveillance:2,"tary public with a means to verify the identity of 390 a remotely-located individual by a review of personal information from public or private data 19 of 41 391 sources, which may include credential analysis, dynamic knowledge-based authentication, 392 analysis of biom",https://malegislature.gov/Bills/193/H58
H582,An Act relative to the protection of medical exemptions for immunizations for school attendance,record_nondisclosure:2,"d to present said physician's certificate in order to be admitted to school. medical certifications shall be confidential, shall not be disclosed to any person outside of the school health program, and shall not be admissible as evidence in any action of any kind before",https://malegislature.gov/Bills/193/H582
H60,An Act establishing the Massachusetts information privacy and security act,biometric:5;data_broker:31;data_privacy:8;genetic_privacy:3;geolocation:5;opt_out_privacy:12;personal_information:246;privacy_generic:48;record_nondisclosure:1;right_to_privacy:3;sale_of_data:19;security_breach:4,"fingerprint, voiceprint, map or scan of hand or face geometry, vein pattern, gait pattern, or other personal information generated from the specific technical processing of an individual’s unique biological or physiological patterns or characteristics used to identify a",https://malegislature.gov/Bills/193/H60
H604,An Act relative to routine childhood immunizations,personal_information:1;privacy_generic:1,"g and making publicly available such data shall not be required if it would result in disclosure of personal information as defined in section 1 of chapter 93h or otherwise violate applicable privacy laws. the department may also publish data by municipality, county, or",https://malegislature.gov/Bills/193/H604
H608,An Act to ensure charter school transparency and public accountability,data_privacy:1;privacy_generic:2,"warrant special security measures to protect statutorily mandated information, it shall enhance its data privacy protection measures. (b) the department shall develop options for more efficient and accurate waitlist processing, which may include the use of a sin",https://malegislature.gov/Bills/193/H608
H611,An Act relative to school safety,surveillance:1,"making sure every school building has a single access point, hardened locks and windows and a video surveillance system monitoring the interior and exterior public areas of the school property and connected to local police. annually, not later than december 31,",https://malegislature.gov/Bills/193/H611
H615,An Act to ensure the quality of care in nursing homes,privacy_generic:1,7. each room with more than one bed shall have cubicle curtains or equivalent built in devices for privacy for each resident. 8.each resident bedroom shall contain closet interior space of not less than two feet by two feet per resident with at least five,https://malegislature.gov/Bills/193/H615
H62,An Act establishing the Massachusetts open data standard,personal_information:1;privacy_generic:1,(3) support for open data platforms and data standardization; and (4) commitment to the privacy of personal identifying information. section 3. (a) the chief data officer shall establish the massachusetts open data standard for state and municipal agencies to make public data ava,https://malegislature.gov/Bills/193/H62
H622,An Act to establish the Office of Elder Advocate,privacy_generic:1;record_nondisclosure:1;right_to_privacy:1,"e humane and dignified treatment at all times, with full respect for the person's personal dignity, right to privacy, and right to a free and appropriate education in accordance with state and federal law; (c) examine, on a system-wide basis, the care and services t",https://malegislature.gov/Bills/193/H622
H63,An Act to protect biometric information,biometric:66;data_privacy:1;privacy_generic:8;security_breach:1;surveillance:1,"cial edition, are hereby amended by inserting after chapter 93l the following chapter: chapter 93m. privacy protections for biometric information section 1. definitions a. as used in this chapter, the following words shall, unless the context clearly requires otherwis",https://malegislature.gov/Bills/193/H63
H637,An Act establishing an LGBTQI long-term care facility bill of rights,personal_information:1;privacy_generic:1,"esident. (f) unless required by state or federal law, no long-term care facility shall disclose any personal identifying information regarding: (1) a resident's sexual orientation; (2) whether a resident is transgender or non-binary; (3) a resident's gender transition status; (4)",https://malegislature.gov/Bills/193/H637
H64,An Act establishing a commission on automated decision-making by government in the Commonwealth,data_protection:1,"matters related to data sources, data sharing agreements, data security provisions, compliance with data protection laws and regulations, and all other issues related to how data is protected, used, and shared by agencies using automated decision systems, in massac",https://malegislature.gov/Bills/193/H64
H648,An Act to improve quality and oversight of long-term care,record_nondisclosure:3,rmation related to criminal or civil litigation obtained by the department pursuant to this section shall be confidential and exempt from disclosure under clause twenty-sixth of section 7 of chapter 4 and chapter 66; (ii) the financial capacity of the applicant or potent,https://malegislature.gov/Bills/193/H648
H649,An Act to improve Massachusetts home care,consumer_privacy:1;privacy_generic:3,"ates a potentially unsafe working environment. the standards and procedures shall respect home care consumer privacy while prioritizing home care worker safety and while ensuring continuity of care. (4) training and employer policies, including best practices for st",https://malegislature.gov/Bills/193/H649
H651,An Act relative to promoting innovation in elder care services,privacy_generic:1,"modate individual needs of residents; (b) converting multi-bed rooms to single occupancy to enhance privacy and dignity; and (c) establishing voluntary nursing facility reconfigurations, including financial incentives to reduce capacity and balance supply a",https://malegislature.gov/Bills/193/H651
H655,"An Act requiring dignity, privacy, and safety for residents in nursing homes and rest homes",privacy_generic:1,"defined by regulation promulgated by the department, but shall be sufficiently spacious to provide privacy for each resident, space for facility equipment, beds, supplies, television, personal item and clothing storage and seating for visitors. section 4.",https://malegislature.gov/Bills/193/H655
H69,An Act establishing a special commission on blockchain and cryptocurrency,privacy_generic:2,"xamining the following: (a) the feasibility, validity and admissibility as well as risks, including privacy risks, and benefits of using blockchain technology in state and local government and massachusetts-based businesses; provided that, for the purposes",https://malegislature.gov/Bills/193/H69
H695,An Act to increase the safety and security of unattended ballot boxes,surveillance:4,"edition, is hereby amended by inserting after section 71a the following new section:- section 71b. surveillance of unattended ballot drop boxes (a) every election officer in a city or town shall provide 24-hour video surveillance of each unattended ballot drop",https://malegislature.gov/Bills/193/H695
H718,An Act relative to early voting cost reimbursements,privacy_generic:1,"retary of state’s voter registration information system, the cost of voting booths, and the cost of privacy screens. in every year not later than september fifteenth, the state auditor shall determine and deliver to the state secretary a statement of the in",https://malegislature.gov/Bills/193/H718
H72,An Act to protect against deep fakes used to facilitate criminal or torturous conduct,privacy_generic:2,"impacting state government, massachusetts-based businesses, and residents. (2) the risks, including privacy risks, associated with the deployment of digital content forgery technologies and deepfakes on massachusetts state and local government, businesses,",https://malegislature.gov/Bills/193/H72
H73,An Act relative to the interception of wire and oral communications,surveillance:1,"lding these groups and individuals responsible for such acts, requires the use of modern electronic surveillance devices. therefore, the general court finds that the use of such devices by law enforcement officials, as it relates to investigations of violent off",https://malegislature.gov/Bills/193/H73
H739,An Act increasing diagnostic testing preparedness,surveillance:1,"structure and capacity to improve the commonwealth’s preparedness to meet diagnostic, screening and surveillance needs for existing infectious diseases, emerging pathogens, and future epidemics and pandemics. in developing the strategic plan, the commission shal",https://malegislature.gov/Bills/193/H739
H76,An Act relative to protecting sensitive information from security breaches,biometric:3;genetic_privacy:2;geolocation:5;personal_information:20;security_breach:14,"hat such unauthorized acquisition or use compromises the security, confidentiality, or integrity of personal information maintained by a person or agency; and provided further, that a good faith but unauthorized acquisition of personal information by an employee or agen",https://malegislature.gov/Bills/193/H76
H77,An Act relative to the Office of Information Technology considering cloud computing service options under cert,data_protection:1,"se for an information technology, cloud computing service options, including any security benefits, data protection safeguards, and cost savings associated with purchasing a cloud computing service option; (12) develop systems and methodologies to review, evaluate,",https://malegislature.gov/Bills/193/H77
H794,An Act of leadership by the state of Massachusetts to reduce single use plastics,record_nondisclosure:1,"tion that are, at the time of submission, claimed to be trade secrets, proprietary, or confidential shall be kept confidential and not considered a public record if the division determines that such records or information, if made public, would divulge a trade secret; except",https://malegislature.gov/Bills/193/H794
H80,An Act relative to internet privacy rights for children,personal_information:1,"shall not knowingly use, disclose, compile, or allow a third party to use, disclose or compile, the personal information of a minor with actual knowledge that the use, disclosure or compilation is for the purpose of marketing or advertising products or services to that",https://malegislature.gov/Bills/193/H80
H81,An Act establishing free broadband internet access in public housing,privacy_generic:1,"ork, education, human dignity, life, non-discrimination, equality, the prohibition against torture, privacy, access to information, and the freedoms of association, assembly and movement. broadband internet access is now an essential component of the realiz",https://malegislature.gov/Bills/193/H81
H823,An Act relative to paint recycling,record_nondisclosure:1,"sales data reported to the department by a manufacturer or by the representative organization shall not be subject to disclosure but the commissioner may release a summary form of such data that does not disclose financial, production or sales data of the manufacturer, retailer",https://malegislature.gov/Bills/193/H823
H83,An Act to establish the Massachusetts data privacy protection act,biometric:9;data_broker:23;data_privacy:5;electronic_monitoring:26;facial_recognition:2;genetic_privacy:4;geolocation:4;opt_out_privacy:5;personal_information:11;privacy_generic:49;sale_of_data:1;surveillance:1,ssary to enable the third party to provide a benefit to which the consumer is entitled; the sale of personal data to third parties is clearly disclosed in the terms of the program; and the third party uses the personal data only for purposes of facilitating such,https://malegislature.gov/Bills/193/H83
H845,An Act establishing an ecologically-based mosquito management program in the Commonwealth to protect public he,surveillance:4,"health, least-toxic chemical control strategies. ebmm prioritizes preventative measures, including surveillance, monitoring, and public education on eliminating breeding sites and taking personal protective action. ebmm involves the selection, integration, and",https://malegislature.gov/Bills/193/H845
H929,An Act establishing uniform safeguards and public protections for consumers conducting bank transactions at au,surveillance:3,"following security measures with respect to each of its automated teller machine facilities: (a) a surveillance camera or cameras, which shall view and record all persons entering, exiting, and moving within or about an automated teller machine facility located",https://malegislature.gov/Bills/193/H929
H934,An Act to enact the pharmacy benefit manager compensation reform,record_nondisclosure:1,"not be considered a public record, within the meaning of chapter sixty-six of the general laws, and shall not be disclosed directly or indirectly, or in a manner that would allow for the identification of an individual product, therapeutic class of products, or manufactur",https://malegislature.gov/Bills/193/H934
H942,An Act establishing a Massachusetts foreclosure prevention program,record_nondisclosure:1,"se of conference information. the information discussed in or presented during a conference session shall be kept confidential and shall not be used in any legal proceeding, except for actions to enforce this section or if the information can be obtained from sources outside",https://malegislature.gov/Bills/193/H942
H945,An Act to ensure prescription drug cost transparency and affordability,privacy_generic:2;record_nondisclosure:3,"n believes that such disclosure should be made in the public interest after taking into account any privacy, trade secret or anticompetitive considerations. the confidential information and documents shall not be public records and shall be exempt from disc",https://malegislature.gov/Bills/193/H945
H949,An Act relative to homeowners’ insurance,record_nondisclosure:1,"methodology, provided by an insurer to the center under this subsection, is confidential and shall not be deemed a public record, as defined in clause 26 of section 7 of chapter 4. the office of the attorney general shall maintain custody of any records made confidential by thi",https://malegislature.gov/Bills/193/H949
H956,An Act relative to the licensing and supervision of debt management services in the Commonwealth,record_nondisclosure:2,"ion derived from reports or in response to reports and any copies thereof in a licensees possession shall be confidential and privileged communications, shall not be subject to subpoena and shall not be a public record under clause 26 of section 7 of chapter 4. for the p",https://malegislature.gov/Bills/193/H956
H960,An Act relating to modernizing business to business commercial insurance transactions,data_privacy:1;privacy_generic:1,"including first and third party commercial lines coverage for losses arising out of or relating to data privacy breaches, network security, computer viruses and similar exposures; 18)highly protected commercial property; 19)commercial flood insurance (other tha",https://malegislature.gov/Bills/193/H960
H961,An Act establishing portable benefit accounts for app-based-delivery drivers,genetic_privacy:1,"which shall not include persons whose sexual orientation involves minor children as the sex object, genetic information, pregnancy or a condition related to said pregnancy including, but not limited to, lactation or the need to express breast milk for a nursing child,",https://malegislature.gov/Bills/193/H961
H962,An Act to modernize the Massachusetts insurer’s insolvency fund,data_privacy:1;privacy_generic:1,"t, admitted basis, providing indemnity for losses and loss mitigation arising out of or relating to data privacy breaches, unauthorized information network security intrusions, computer viruses, ransomware, cyber extortion, identity theft, and similar exposures.",https://malegislature.gov/Bills/193/H962
H973,An Act relative to unclaimed life insurance benefits,personal_information:1,"l security numbers. (d). to the extent permitted by law, the insurer may disclose minimum necessary personal information about the insured or beneficiary to a person who the insurer reasonably believes may be able to assist the insurer locate the beneficiary or a person",https://malegislature.gov/Bills/193/H973
H975,An Act to establish a Massachusetts public bank,record_nondisclosure:1,"tive officer shall be executive sessions, and the voting records of the directors at these meetings shall be kept confidential. the chief executive officer, acting chief executive officer, the chair of the board of advisors or any designee thereof shall not attend executive s",https://malegislature.gov/Bills/193/H975
H978,An Act relative to promoting healthcare access and affordability for patients,record_nondisclosure:1,"h information shall be considered to be a trade secret and confidential commercial information, and shall not be a public record and shall be exempt from disclosure under clause twenty-sixth of section 7 of chapter 4 or section 10 of chapter 66. a carrier shall impose the confi",https://malegislature.gov/Bills/193/H978
H986,An Act relative to telehealth and digital equity for patients,biometric:1;privacy_generic:7,"ance outputs from healthcare providers, including the remote monitoring of a patient’s vital signs, biometric data, or other objective or subjective data by a device that transmits such data electronically to a healthcare practitioner. section 5. subsection (",https://malegislature.gov/Bills/193/H986
H996,An Act to encourage retirement planning,record_nondisclosure:2,"m returns filed by an employer or from any investigation conducted under the provisions of this act shall be confidential, except for official purposes within the department or pursuant to official procedures for collection of penalties assessed under this act. nothing c",https://malegislature.gov/Bills/193/H996
H998,An Act to encourage retirement planning,record_nondisclosure:2,"m returns filed by an employer or from any investigation conducted under the provisions of this act shall be confidential, except for official purposes within the department or pursuant to official procedures for collection of penalties assessed under this act. nothing c",https://malegislature.gov/Bills/193/H998
S1000,An Act clarifying the child advocate’s authority to access juvenile records,personal_information:1,"nformation systems maintained by the department of criminal justice information services, including personally identifiable information if requested by the child advocate and the right to inspect and copy, without cost. the child advocate shall be bound by any limitations on the ",https://malegislature.gov/Bills/193/S1000
S1002,An Act supporting survivors of trafficking and abuse and encouraging increased access to opportunities through,record_nondisclosure:1,"s related to the petition shall be automatically filed under seal, and any hearings that take place shall be confidential, unless otherwise requested by the petitioner. ”section 12. section 59 of chapter 265 of the general laws, as so appearing, is hereby amended by inse",https://malegislature.gov/Bills/193/S1002
S101,An Act relative to families and children in need of assistance,privacy_generic:1,"thin the community-based services network and family resource centers which shall: (i) maintain the privacy of clients served, (ii) assist programs and the secretary in identifying and addressing the needs of the population to be served, including gaps in s",https://malegislature.gov/Bills/193/S101
S1011,An Act relative to compensation for victims of wrongful conviction,privacy_generic:1,", documents and materials shall be so expunged or sealed, the court shall consider the interests of privacy and justice pertaining to the claimant's erroneous felony conviction as well as the probable effect of such expungement or sealing on relevant law en",https://malegislature.gov/Bills/193/S1011
S1012,An Act relative to transmitting indecent visual depictions by teens and the unlawful distribution of explicit ,privacy_generic:1;record_nondisclosure:2,"or for commercial gain; or (b) in a place where a person does not have a reasonable expectation of privacy; (ii) distribution made in the public interest, including the reporting of unlawful conduct; (iii) criminal reporting, corrections, legal proceedings",https://malegislature.gov/Bills/193/S1012
S1013,An Act to protect election workers,personal_information:3,"ply to an election worker’s spouse, child, parent, or any person residing in their same household. “personal information” shall apply to an election worker’s home address, personal phone number(s), personal email address, personal motor vehicle, motor vehicle number pla",https://malegislature.gov/Bills/193/S1013
S1022,An Act to protect the privacy of 911 callers,privacy_generic:1,to a court order finding that the right of the public to the release of the recording outweighs the privacy interests of the individual who made the 911 call or any person involved in the facts or circumstances relating to the 911 call. this section shall n,https://malegislature.gov/Bills/193/S1022
S1026,An Act relative to determining the best interest of children in probate and family court,record_nondisclosure:1,"ety, or welfare of such child or party, the court may order that all or any part of such record the shall not be disclosed to a parent or make other such other orders to restrict release of such records in accordance with g.l. c. 71, s.34h. c. determination of parental re",https://malegislature.gov/Bills/193/S1026
S1035,"An Act to protect unpaid interns, volunteers, and independent contractors from sexual harassment and other for",genetic_privacy:4,"work, because of the race, color, religious creed, national origin, sex, handicap, gender identity, genetic information, pregnancy, ancestry, military and veteran status, or sexual orientation. apprentices, trainees, unpaid interns, and volunteers may file a complaint",https://malegislature.gov/Bills/193/S1035
S1040,An Act relative to enhancing hiring practices to prevent sexual abuse,record_nondisclosure:1,spective employer's request under this paragraph. (3) information received under this section shall not be deemed a public record for the purposes of section 10 of chapter 66. (4) a school that receives the information under this subsection shall use the information solely for t,https://malegislature.gov/Bills/193/S1040
S1045,An Act to reduce mass incarceration,record_nondisclosure:2,cerated person during the course of an assignment within a prison-based restorative justice program shall be confidential and shall not be subject to disclosure in any judicial or administrative proceeding and no information obtained during the course of such assignment,https://malegislature.gov/Bills/193/S1045
S105,An Act relative to supporting families dealing with sudden unexplained death in pediatrics,genetic_privacy:1,"ner shall, on behalf of the parents of the deceased, engage services including, but not limited to, genetic testing and ongoing bereavement support. the office of the chief medical examiner shall refer, as close to the time of incident as possible, but no longer",https://malegislature.gov/Bills/193/S105
S1057,An Act to strengthen laws combatting human trafficking and protecting survivors of modern-day slavery,privacy_generic:1,ny other appropriate media. (c) programs and materials described in this section shall preserve the privacy of victims and their family members. (d) all public awareness programs shall be evaluated periodically to ensure their effectiveness. (e) the executi,https://malegislature.gov/Bills/193/S1057
S1075,An Act updating the Commonwealth's wiretap statutes,privacy_generic:1;surveillance:2,"clause 7 of paragraph b. therefore, law enforcement officials may use modern methods of electronic surveillance, under strict judicial supervision, when investigating those specific crimes. the general court further finds that the uncontrolled development and u",https://malegislature.gov/Bills/193/S1075
S1076,An Act relative to the ownership of pets by convicted animal abusers,record_nondisclosure:2,"s or the animal rescue league of boston under section 57 of chapter 22c. such notice to authorities shall not be a public record under clause twenty-sixth of section 7 of chapter 4 or chapter 66. (c) a person convicted of a violation of the provisions in this section, as a firs",https://malegislature.gov/Bills/193/S1076
S1077,An Act improving protections relative to domestic violence,electronic_monitoring:1;surveillance:1,", impersonate, exploit, or extort, such as cyberstalking or other forms of electronic monitoring or surveillance, nonconsensual sharing of explicit images, or impersonation. technological abuse can utilize any form of technology, including but not limited to int",https://malegislature.gov/Bills/193/S1077
S109,An Act relative to supported decision-making agreements for certain adults with disabilities,personal_information:1,"existence of a supported decision-making agreement shall not preclude a decision-maker from seeking personal information without the assistance of a supporter. (c)(1) to be valid, a supported decision-making agreement shall be signed and dated by the decision-maker and",https://malegislature.gov/Bills/193/S109
S1094,An Act relative to bodily autonomy and family integrity,personal_information:1;privacy_generic:1,"compelled to acquiesce to medical treatments or procedures, collection of specimens, or sharing of personal data or medical information. a person’s fundamental rights including privacy, travel, and speech afforded under the united states constitution shall not b",https://malegislature.gov/Bills/193/S1094
S1096,An Act to empower and protect survivors of domestic violence,electronic_monitoring:1,ourt probation department; the director of the office of community corrections; the director of the electronic monitoring center; the executive director of the governor’s council to address sexual assault and domestic violence; an assistant attorney general to be appo,https://malegislature.gov/Bills/193/S1096
S1099,An Act to protect survivors of domestic violence,electronic_monitoring:1,ourt probation department; the director of the office of community corrections; the director of the electronic monitoring center; the executive director of the governor’s council to address sexual assault and domestic violence; an assistant attorney general to be appo,https://malegislature.gov/Bills/193/S1099
S1101,An Act to protect victims of crimes and the public,electronic_monitoring:5;geolocation:1,"13f. whoever unlawfully removes, destroys, damages, or interferes with the proper functioning of a geolocation monitoring device, breath-testing instrument, or other mechanism intended to facilitate recognizance or compliance with conditions of pretrial releas",https://malegislature.gov/Bills/193/S1101
S1111,An Act relative to civil asset forfeiture transparency and data reporting,personal_information:1;privacy_generic:1,"formation in violation of any law or regulation relating to criminal offender record information or personally identifiable information, or any other applicable privacy law. if an agency has made no seizures or forfeitures during the previous year, a null report shall be filed by",https://malegislature.gov/Bills/193/S1111
S1112,An Act establishing a bill of rights for people experiencing homelessness,privacy_generic:1,"agencies, without discrimination on the basis of housing status; (iii) a reasonable expectation of privacy in personal property in public spaces; (iv) interact with public officials, employees, and officers without harassment on the basis of their housing",https://malegislature.gov/Bills/193/S1112
S1114,An Act enhancing access to abortion care,record_nondisclosure:1,"h retention of other medical records. (b) the consent form and any other forms or related documents shall be confidential and shall not be released to any person other than the patient, the person whose consent is validly obtained pursuant to this section or any other ap",https://malegislature.gov/Bills/193/S1114
S1116,An Act establishing a right to freedom from doxing,biometric:1;personal_information:3,"or release of information, including through electronic means. “doxing”, the knowing disclosure of personal identifying information of a person without that person’s consent that is intended to cause stalking, physical harm to person, or serious property damage, or to cause the p",https://malegislature.gov/Bills/193/S1116
S1127,An Act relative to determining the best interest of children in probate and family court,record_nondisclosure:1,"ety, or welfare of such child or party, the court may order that all or any part of such record the shall not be disclosed to a parent or make other such other orders to restrict release of such records in accordance with g.l. c. 71, s.34h. c. determination of parental re",https://malegislature.gov/Bills/193/S1127
S1128,An Act updating the wiretap statutes in the Commonwealth,personal_information:1;privacy_generic:1;surveillance:2;wiretap_interception:2,"telligence of any nature transmitted in whole or in part by using a cellular telephone, smartphone, personal data assistant or similar device, but shall not include: (i) any communication made through a tone-only paging device; (ii) any communication from a track",https://malegislature.gov/Bills/193/S1128
S1129,An Act relative to protecting the residents of the Commonwealth from dangerous persons,geolocation:1,"13f. whoever unlawfully removes, destroys, damages, or interferes with the proper functioning of a geolocation monitoring device, breath-testing instrument, or other mechanism intended to facilitate recognizance or compliance with conditions of pretrial releas",https://malegislature.gov/Bills/193/S1129
S1130,An Act relative to parentage to promote children's security,data_privacy:1;genetic_privacy:10;privacy_generic:4,"1) the place of birth of the child; or (2) the past or present residence of the child. section 106. data privacy. a proceeding under this chapter is subject to the law of this state other than this chapter which governs the health, safety, privacy and liberty of",https://malegislature.gov/Bills/193/S1130
S1133,An Act to establish the Massachusetts judicial security act,data_broker:7;personal_information:12,"e the following meanings: “data broker”, a commercial entity that collects, assembles, or maintains personal information concerning an individual who is not a customer or an employee of that entity in order to sell the information or provide third party access to the in",https://malegislature.gov/Bills/193/S1133
S1139,An Act relative to transmitting indecent visual depictions by teens and the unlawful distribution of explicit ,privacy_generic:1;record_nondisclosure:2,"or for commercial gain; or (b) in a place where a person does not have a reasonable expectation of privacy; (ii) distribution made in the public interest, including the reporting of unlawful conduct; (iii) criminal reporting, corrections, legal proceedings",https://malegislature.gov/Bills/193/S1139
S1140,An Act relative to dangerousness hearings,geolocation:1,"unlawfully removes, destroys, damages, or interferes with the proper functioning of a court-imposed geolocation monitoring device, any breath-testing instrument, or any other mechanical or electronic mechanism intended to facilitate recognizance or compliance w",https://malegislature.gov/Bills/193/S1140
S1142,An Act relative to the humane protection of animals,record_nondisclosure:1,"e offender will serve a probationary sentence, the probation department. such notice to authorities shall not be a public record under clause twenty-sixth of section 7 of chapter 4 or chapter 66. (c) a person convicted of a violation of sections 77, 77c, 80 ½, 80e ½, 94, or 95",https://malegislature.gov/Bills/193/S1142
S1152,An Act relative to employment protections for victims of abusive behavior,privacy_generic:2,"ent of employment that includes information on the nature and extent of abusive behavior, issues of privacy and confidentiality, and the availability of reasonable accommodations. employers are encouraged to conduct additional training for new supervisory a",https://malegislature.gov/Bills/193/S1152
S116,An Act improving child eye care,privacy_generic:1;record_nondisclosure:1;surveillance:1,"on and eye health in the commonwealth, including but not limited to the universal children’s vision surveillance registry, public health campaigns designed to encourage improved children’s eye health, and expansion of screening systems to other age groups. the c",https://malegislature.gov/Bills/193/S116
S1165,An Act to protect injured workers,privacy_generic:1,missioner may find that the disclosure of such data constitutes an unwarranted invasion of personal privacy pursuant to chapter 4 and deny said request. nothing in this section shall be construed to prohibit an insurer's right to obtain information held by,https://malegislature.gov/Bills/193/S1165
S1166,An Act ensuring domestic violence victims' protections for all employees in the Commonwealth,record_nondisclosure:2,"e under this section. (e) all information related to the contract worker’s leave under this section shall be kept confidential by the employer and shall not be disclosed, except to the extent that disclosure is: (i) requested or consented to, in writing, by the contract worke",https://malegislature.gov/Bills/193/S1166
S1187,An Act to make data on workforce development outcomes public and accessible,privacy_generic:4,"al and other credential attainment. the department shall adhere to all applicable state and federal privacy laws, to protect individuals’ private information while allowing measurement of aggregate data. section 3. not later than 30 days after the effective",https://malegislature.gov/Bills/193/S1187
S1228,An Act relative to consumers and workers,data_privacy:1;electronic_monitoring:45;personal_information:8;privacy_generic:2;surveillance:1,"ouraged or solicited by the employer to utilize or purchase services and products of the employer. “personal data”, any information concerning an employee which, because of name, identifying number, mark or description, can be readily associated with a particular",https://malegislature.gov/Bills/193/S1228
S124,An Act enhancing child welfare protections,personal_information:2;privacy_generic:3;record_nondisclosure:1,"r 66. the report shall include, but not be limited to, information in a form that shall not include personally identifiable information on the fair hearing requests open at any time during the previous fiscal year and, for each hearing request, shall provide: (i) the subject matt",https://malegislature.gov/Bills/193/S124
S129,An Act relative to medication-assisted treatment,personal_information:1,"of the federal child abuse prevention and treatment act, provided that said data shall not include personally identifiable information. section 5. (a) the department of the children and families, department of public health and the office of the child advocate shall develop a rep",https://malegislature.gov/Bills/193/S129
S1330,An Act to reduce incidence and death from pancreatic cancer,genetic_privacy:1,"ner of insurance shall survey health insurers in the commonwealth to ascertain coverage benefits of genetic testing for pancreatic cancer across health insurance plans, and present its findings to the committee on health care financing and the committee on finan",https://malegislature.gov/Bills/193/S1330
S1334,An Act relative to accelerating improvements to the local and regional public health system to address dispari,personal_information:1;privacy_generic:1;surveillance:1,"e public to conduct further analysis; provided, however, that any such published data shall exclude personal identifying information. (h) the department shall estimate the amount of funds necessary to meet the requirements of this section for each fiscal year. the department shal",https://malegislature.gov/Bills/193/S1334
S1344,An Act to improve outcomes for individuals with Parkinson’s disease,privacy_generic:2;record_nondisclosure:2,"of the commonwealth; (ii) the means of collecting and disseminating such data; (iii) how to ensure privacy and confidentiality of such data; (iv) the purpose, design and functionality of the registry; and (v) the implementation of the registry. the committ",https://malegislature.gov/Bills/193/S1344
S1352,An Act modernizing childhood lead poisoning prevention,surveillance:1,reby further amended by adding the following paragraph:- the department shall perform public health surveillance and outreach to identify children with a blood lead level of concern. a child reported to have a blood lead level of concern shall be offered appropr,https://malegislature.gov/Bills/193/S1352
S1358,An Act relative to LGBTQ health equity,privacy_generic:1,"a manner that would violate any applicable provision of federal, state or local law relating to the privacy of information respecting students and families serviced by massachusetts public schools.",https://malegislature.gov/Bills/193/S1358
S1380,An Act to strengthen our public health infrastructure to address alzheimer’s and all dementia,surveillance:2,"hall include the caregiver module and cognitive decline module in the annual behavioral risk factor surveillance system (brfss) survey on a rotating annual basis to collect prevalence data, track trends over time and analyze data to direct public health programs",https://malegislature.gov/Bills/193/S1380
S1384,An Act relative to the prescription monitoring program,privacy_generic:1,"monitoring program, when the inclusion of such information does not conflict with state or federal privacy rules. the purpose of this subsection shall be to ensure that licensed professionals authorized to prescribe controlled substances receive informatio",https://malegislature.gov/Bills/193/S1384
S1391,An Act relative to vaccines and preventing future disease outbreaks,personal_information:1;privacy_generic:1,"g and making publicly available such data shall not be required if it would result in disclosure of personal information as defined in section 1 of chapter 93h or otherwise violate applicable privacy laws. the department may also publish data by municipality, county, or",https://malegislature.gov/Bills/193/S1391
S1392,An Act establishing an oral health special commission and needs assessment,surveillance:1,"y the oral health advisory council; create guidelines to establish a statewide oral health data and surveillance system using contemporary information technologies and national comparisons of key indicators’ and provide workforce, infrastructure, and policy reco",https://malegislature.gov/Bills/193/S1392
S140,An Act relative to protecting biometric information under the security breach law,biometric:2;genetic_privacy:1,"icial edition, is hereby amended by inserting after the second paragraph the following paragraph:- “biometric indicator”, any unique biological attribute or measurement that can be used to authenticate the identity of an individual, including, but not limited",https://malegislature.gov/Bills/193/S140
S1400,An Act to promote public health through the prevention and wellness trust fund,record_nondisclosure:2,"analysis and data from masshealth, to the extent permitted by law; provided, however, that the data shall be confidential and shall not be a public record under clause twenty-sixth of section 7 of chapter 4 of the general laws. the board shall report the results of its e",https://malegislature.gov/Bills/193/S1400
S1410,Resolve increasing diagnostic testing preparedness,surveillance:1,"structure and capacity to improve the commonwealth’s preparedness to meet diagnostic, screening and surveillance needs for existing infectious diseases, emerging pathogens, and future epidemics and pandemics. in developing the strategic plan, the commission shal",https://malegislature.gov/Bills/193/S1410
S1417,An Act ensuring access to a resident representative in long-term care facilities,personal_information:2,"f the resident in order to support the resident in decision-making; access medical, social or other personal information of the resident; manage financial matters; or receive notifications; (2) a person authorized by state or federal law (including but not limited to ag",https://malegislature.gov/Bills/193/S1417
S1422,An Act to improve infection control within long-term care facilities,surveillance:1,"licies, and procedures for the program, which must include, but are not limited to: (i) a system of surveillance designed to identify possible communicable diseases or infections before they can spread to other persons in the facility; (ii) when and to whom poss",https://malegislature.gov/Bills/193/S1422
S1436,An Act relative to safe patient handling and mobility in certain health facilities,privacy_generic:1,cs; cost to the institution and to employees and patients; and outcomes; to the extent permitted by privacy regulations; (9) identify the type and quantity of patient handling equipment and other equipment required and ensure that the purchase of other acqu,https://malegislature.gov/Bills/193/S1436
S1458,An Act promoting community immunity,personal_information:3;privacy_generic:3,ctronically or in hard copy. distribution shall not be required if it would result in disclosure of personal information as defined in section 1 of chapter 93h or otherwise violate applicable privacy laws. section 12. the department shall annually publish immunizations,https://malegislature.gov/Bills/193/S1458
S1460,An Act relative to determinations of need,privacy_generic:1;record_nondisclosure:2,"determines that such disclosure should be made in the public interest after taking into account any privacy, trade secret or anticompetitive considerations; and provided further, that any confidential data and documents so provided shall not be public recor",https://malegislature.gov/Bills/193/S1460
S1463,An Act relative to public safety and public health worker protections,personal_information:1;record_nondisclosure:1,"diately notify the exposed first responder. such notice shall not include the patient’s name or any personally identifiable information, but shall include a patient number by which the facility can identify the patient. the first responder or the department may petition the distr",https://malegislature.gov/Bills/193/S1463
S1469,An Act relative to environmental public health,surveillance:2,he general laws. the purpose of the fund shall be to provide initial and ongoing funding for cancer surveillance and environmental data collection and to ensure that studies initiated by the department to examine the human health impact of past and present envir,https://malegislature.gov/Bills/193/S1469
S1472,An Act providing safeguards for home healthcare workers,record_nondisclosure:2,"). (f) all information related to the home healthcare worker’s leave taken pursuant to this section shall be kept confidential by the home healthcare employer and shall not be disclosed, except to the extent that disclosure is: (i) requested or consented to, in writing, by th",https://malegislature.gov/Bills/193/S1472
S148,"An Act protecting reproductive health access, LGBTQ lives, religious liberty, and freedom of movement by banni",data_privacy:1;geolocation:54;opt_out_privacy:1;privacy_generic:9,"cial edition, are hereby amended by inserting after chapter 93k the following chapter: chapter 93l. privacy protections for location information derived from electronic devices section 1. definitions as used in this chapter, the following words shall, unless the conte",https://malegislature.gov/Bills/193/S148
S1481,An Act relative to access to community corrections,record_nondisclosure:3,e or a record thereof made by a person during the course of a pretrial treatment program assessment shall not be disclosed at any time to the commonwealth or other law enforcement officer in connection with the investigation or prosecution of any charges against the perso,https://malegislature.gov/Bills/193/S1481
S1483,An Act for an equitable ten community pilot program to improve traffic safety,personal_information:2;record_nondisclosure:1,"8 official edition, is hereby amended by adding the following subclause:- (w) photographs and other personal identifying information collected by cities and towns under chapter 90j. section 2. the general laws are hereby amended by inserting after chapter 90i the following chapte",https://malegislature.gov/Bills/193/S1483
S1499,"An Act to promote rehabilitation including guaranteed health, treatment, and safety for incarcerated LGBTQI+ P",personal_information:5;record_nondisclosure:1,"nual basis for each correctional facility; provided, however, that the report shall not include any personally identifiable information. section 4. section 22 of said chapter 127, as so appearing, is hereby amended by adding the following paragraph:- upon intake at a correctional",https://malegislature.gov/Bills/193/S1499
S151,"An Act further regulating business practices between motor vehicle dealers, manufacturers, and distributors",security_breach:3,"liabilities, costs, and expenses incurred by the dealer, arising out of any alleged or actual data security breaches or other unlawful use of said customer or consumer data or other information by said manufacturer, distributor or third party acting on behalf of s",https://malegislature.gov/Bills/193/S151
S1510,An Act to protect the civil rights and safety of all Massachusetts residents,personal_information:2;record_nondisclosure:2,"in paragraph 26 of section 7 of chapter 4, provided that names, addresses, phone numbers and other personal identifying information shall not be a public record. these records include the signed consent forms obtained before the interviews, and information about whether the inter",https://malegislature.gov/Bills/193/S1510
S1511,An Act to provide criminal justice reform protections to all prisoners in segregated confinement,record_nondisclosure:1,"subsection (d) the following sentences: mental health treatment provided in segregated confinement shall be confidential and utilize best practices by professional standards. medication alone, without therapy, does not constitute sufficient treatment; provided, however,",https://malegislature.gov/Bills/193/S1511
S1528,An Act permitting familial searching and partial DNA matches in investigating certain unsolved crimes,privacy_generic:1,"use of any dna records disclosed by the lab as a result of the above search steps and to ensure the privacy of any individuals who are identified by the lab as potential familial leads; and, iv) the circumstances in which out-of-state requests for dna searc",https://malegislature.gov/Bills/193/S1528
S1535,An Act to ensure access to medical parole,personal_information:1;surveillance:2,ber of petitions for relief sought pursuant to subsection (g). nothing in this report shall include personally identifiable information of the prisoners.,https://malegislature.gov/Bills/193/S1535
S1538,An Act requiring health care facilities to develop and implement programs to prevent workplace violence,record_nondisclosure:2,"e to the employee’s absence. (g) all information related to the employee's leave under this section shall be kept confidential by the health care facility and shall not be disclosed, except to the extent that disclosure is: (i) requested or consented to, in writing, by the em",https://malegislature.gov/Bills/193/S1538
S1539,An Act requiring health care employers to develop and implement programs to prevent workplace violence,record_nondisclosure:2,"subsection (b). (f) all information related to the employee's leave taken pursuant to this section shall be kept confidential by the health care employer and shall not be disclosed, except to the extent that disclosure is: (i) requested or consented to, in writing, by the em",https://malegislature.gov/Bills/193/S1539
S1541,An Act to strengthen visitation rights of incarcerated people,personal_information:2,rity or orderly running of the facility; (f) requiring eligible visitors to submit more private and personal information to be pre-approved to visit than is strictly necessary for the safety and security of the institution and/or without complying with all applicable st,https://malegislature.gov/Bills/193/S1541
S1546,An Act establishing the Massachusetts correctional officer accountability and standards training Commission,record_nondisclosure:1,"g to a preliminary inquiry or initial staff review used to determine whether to initiate an inquiry shall be confidential, except that the executive director may turn over to the attorney general, the united states attorney or a district attorney of competent jurisdictio",https://malegislature.gov/Bills/193/S1546
S1547,An Act relative to parole review for aging incarcerated people,personal_information:1,ment or the sheriff and the reason for each prisoner's return. nothing in this report shall include personally identifiable information of incarcerated people.,https://malegislature.gov/Bills/193/S1547
S1548,An Act establishing a correctional inspector general office,personal_information:1;privacy_generic:1;record_nondisclosure:1,they intend to disclose to the department or county. if the corrections inspector general receives personally identifying information about individual corrections staff during the course of an investigation that the corrections inspector general determines is unrelated or unneces,https://malegislature.gov/Bills/193/S1548
S1551,An Act to promote transparency of facial recognition and driver's license photos,facial_recognition:2,"estigative or law enforcement officers’ searches of driver’s license and id photos through targeted face recognition. the notices, written information, and online information must address how officers' use and access targeted face recognition in criminal investigati",https://malegislature.gov/Bills/193/S1551
S1557,An Act relative to the use of unmanned aerial systems,biometric:1;facial_recognition:1,"n on individuals, homes, and areas other than the warrant subject. (2) facial recognition and other biometric matching technology shall not be used to analyze data produced by an unmanned aerial vehicle, except as judicially authorized by section 220 of this",https://malegislature.gov/Bills/193/S1557
S1567,Resolve establishing a special commission to study technology to monitor and protect individuals in law enforc,privacy_generic:1,logy to monitor and report on in-custody health or safety incidents; (vi) safeguards to protect the privacy and rights of individuals being monitored; (vii) cost assessments of the implementing the technology and of the civil liability and social impacts of,https://malegislature.gov/Bills/193/S1567
S1576,Resolve establishing a commission to study the Commonwealth’s response to and resources for victims of domesti,electronic_monitoring:1,ourt probation department; the director of the office of community corrections; the director of the electronic monitoring center; the executive director of the governor’s council to address sexual assault and domestic violence; an assistant attorney general to be appo,https://malegislature.gov/Bills/193/S1576
S17,Proposed Senate Rules for the 2023-2024 Legislative Session,personal_information:1,"est; provided, however, that the committee may redact such public testimony that includes sensitive personal information or information that may jeopardize the health, wellness or safety of an individual. if expert testimony is being solicited by the committee, the comm",https://malegislature.gov/Bills/193/S17
S170,An Act establishing an online lottery,record_nondisclosure:1,"online, over the internet, through the use of a mobile application or through any other means shall not be deemed public records of the commission for the purposes of section 10 of chapter 66; provided, however, that this section shall not prohibit the commission from maintain",https://malegislature.gov/Bills/193/S170
S174,An Act to protect patient privacy and prevent unfair and deceptive advertising of pregnancy-related services,personal_information:19;privacy_generic:2,"h condition. “collect”, buying, renting, gathering, obtaining, receiving or otherwise accessing any personal information pertaining to an individual by any means, including, but not limited to, obtaining information from an individual, either actively or passively, or b",https://malegislature.gov/Bills/193/S174
S1756,An Act relative to the Massachusetts fund for vulnerable countries most affected by climate change,privacy_generic:2,"ring the previous tax year. said annual report shall include, except as is necessary to comply with privacy laws: (1) the identity of each individual, organization, agency or program in receipt of expenditures or disbursements of $2,000 or more from the fun",https://malegislature.gov/Bills/193/S1756
S18,Proposed Joint Rules for the 2023-2024 Legislative Session,personal_information:1,"est; provided, however, that the committee may redact such public testimony that includes sensitive personal information or information that may jeopardize the health, wellness or safety of an individual. if expert testimony is being solicited by the committee, the comm",https://malegislature.gov/Bills/193/S18
S184,An Act relative to consumer health data,biometric:3;data_privacy:5;geolocation:1;personal_information:10;privacy_generic:9;sale_of_data:3,"ce of a general or broad terms of use agreement or a similar document that contains descriptions of personal data processing along with other, unrelated information; (ii) a consumer hovering over, muting, pausing, or closing a given piece of content; or (iii) a c",https://malegislature.gov/Bills/193/S184
S187,An Act relative to the occupational therapist interstate licensure compact,biometric:1;privacy_generic:1,n initial compact privilege. these procedures shall include the submission of fingerprints or other biometric-based information by applicants for the purpose of obtaining an applicant’s criminal history record information from the federal bureau of investigat,https://malegislature.gov/Bills/193/S187
S1896,An Act to increase accountability in the sale of personal data,biometric:1;personal_information:14;sale_of_data:3,"entities, that generates gross income of the business from selling or exchanging for consideration personal information of individuals located in the commonwealth and has gross income attributable to the sale, or exchange for consideration, of personal information of r",https://malegislature.gov/Bills/193/S1896
S19,Proposed Senate Rules for the 2023-2024 Legislative Session,personal_information:1,"est; provided, however, that the committee may redact such public testimony that includes sensitive personal information or information that may jeopardize the health, wellness or safety of an individual. if expert testimony is being solicited by the committee, the comm",https://malegislature.gov/Bills/193/S19
S194,An Act to protect the privacy of lottery winners,record_nondisclosure:1,"the name, address or other identifying information of any holder of a winning lottery ticket shall not be deemed public records of the commission and shall not be subject to section 10 of chapter 66. the commission shall not publicly disclose the name, address, or other ident",https://malegislature.gov/Bills/193/S194
S195,An Act to protect personal biometric data,biometric:48;data_privacy:1;genetic_privacy:1;personal_information:1;privacy_generic:1,", a retail store, or a food and drink establishment. ""confidential and sensitive information"" means personal information that can be used to uniquely identify an individual or an individual's account or property. examples of confidential and sensitive information includ",https://malegislature.gov/Bills/193/S195
S1952,An Act to improve long-term care staffing and dignity for caregivers,consumer_privacy:1;privacy_generic:2,otentially unsafe working environment. such standards and procedures shall respect home care client/consumer privacy while prioritizing worker safety and while ensuring continuity of care. 4) training and employer policies: best practices for standards and procedure,https://malegislature.gov/Bills/193/S1952
S1958,An Act relative to qualified data centers in the Commonwealth,biometric:1;surveillance:1,"security guards, video camera surveillance, an electronic system requiring pass codes, keycards or biometric scans or similar security features. “qualification period”, a 20-year period of time beginning on the effective date of the certification by the secr",https://malegislature.gov/Bills/193/S1958
S1963,An Act to provide sunlight to state government,personal_information:1,"ovided, however, that the legislative committee may redact public testimony that includes sensitive personal information or information that may jeopardize the health, wellness or safety of an individual. if the legislative committee solicits expert testimony, the legis",https://malegislature.gov/Bills/193/S1963
S1978,An Act establishing gender-neutral bathrooms,privacy_generic:1,"uding toilet and bathing facilities that contain more than 1 toilet, urinal, or shower separated by privacy walls or partitions, with separate or grouped handwashing fixtures, to be designated or installed in any use group defined in the state building code",https://malegislature.gov/Bills/193/S1978
S198,An Act protecting personal identifying information,personal_information:1,"r 93h, as appearing in the 2020 official edition, is hereby amended by adding to the definition of “personal information” the following subsection:- (d) date of birth.",https://malegislature.gov/Bills/193/S198
S1980,An Act establishing the Psychology Interjurisdictional Compact,biometric:2;personal_information:1;privacy_generic:2;record_nondisclosure:1,"psychology interjurisdictional compact act, the board of registration of psychologists may disclose personally identifiable information about the psychologist, including social security number. section 23. this psychology interjurisdictional compact shall be subject to the applic",https://malegislature.gov/Bills/193/S1980
S1985,An Act relative to increasing transparency in public construction,record_nondisclosure:1,"as defined by section 7 of chapter 4 except that financial information contained in the application shall not be a public record."".",https://malegislature.gov/Bills/193/S1985
S1990,An Act relative to language access and inclusion,privacy_generic:1,ommunity members can understand; and 4. the report shall be presented in a manner that protects the privacy of individuals. section 7. relief. (a) relief potentials 1. any person or class of persons claiming to be aggrieved by a state agency for failure to,https://malegislature.gov/Bills/193/S1990
S20,Proposed Joint Rules for the 2023-2024 Legislative Session,personal_information:1,"est; provided, however, that the committee may redact such public testimony that includes sensitive personal information or information that may jeopardize the health, wellness or safety of an individual. if expert testimony is being solicited by the committee, the comm",https://malegislature.gov/Bills/193/S20
S2055,An Act improving government accountability,personal_information:5,"ic databases, electronic applications, and electronic systems in their native format, including any personally identifiable information, protected health information, or other confidential information contained therein,"". section 19: section 12 of said chapter, as so appearing, i",https://malegislature.gov/Bills/193/S2055
S2060,An Act regarding information governance,privacy_generic:1,"a comprehensive information governance plan, including, at minimum, protocols for: storage, naming, privacy, security, routine disposal and methods for halting that disposal when necessary, and appropriate sharing of documents and data existing in any forma",https://malegislature.gov/Bills/193/S2060
S2061,An Act promoting equality and respect in the legislature,genetic_privacy:1;personal_information:1;record_nondisclosure:4,"in this chapter shall preclude or limit the right of a complainant, respondent or witness to share personal information under federal, state or local law. section 9. a person shall not discharge or cause to be discharged or otherwise discipline or in any manner discrim",https://malegislature.gov/Bills/193/S2061
S2064,An Act extending the public records law to the Governor and the Legislature,record_nondisclosure:1,"ssioner of veterans' services, or records kept by him for reference by the officials of his office, shall not be public records. section 9: the provisions of this act shall take effect on january 1, 2024.",https://malegislature.gov/Bills/193/S2064
S2073,An Act establishing the Executive Office of Food Resources and Security,personal_information:1,"behalf of the commonwealth in connection with federal grant programs; (13) keep accounts, records, personal data, enter into contracts, adjust claims, accept gifts, grants, bequests and devises, and subject to appropriation, acquire real or personal property by",https://malegislature.gov/Bills/193/S2073
S2078,An Act to establish home energy efficiency ratings,personal_information:1;record_nondisclosure:2,ergy assessment conducted by an energy assessor. such information shall not contain any unnecessary personal data as defined in section 1 of chapter 66a. section 7. said section 3 of said chapter 25a is hereby further amended by inserting after the definition of,https://malegislature.gov/Bills/193/S2078
S21,"Text of the proposed Joint Rules adopted by the Senate, as the Joint Rules governing the 2023-2024 legislative",personal_information:1,"est; provided, however, that the committee may redact such public testimony that includes sensitive personal information or information that may jeopardize the health, wellness or safety of an individual. if expert testimony is being solicited by the committee, the comm",https://malegislature.gov/Bills/193/S21
S2109,"An Act establishing the Gateway cities Renewable, Efficient, and Electrified Neighborhoods initiative",personal_information:1,ch housing type. the department shall use appropriate practices to prevent the public disclosure of personally identifying information regarding owners and tenants. the evaluations shall also include data on the participation of contractors that are minority business enterprises ,https://malegislature.gov/Bills/193/S2109
S2118,An Act relative to ensuring gas safety and consumer fairness,surveillance:4,"rs, such repair to be completed within 6 months, and the condition of such leak shall be kept under surveillance at a frequency of not less than once every two weeks until the hazard or source of the leak is eliminated. for the purposes of this section, a grade",https://malegislature.gov/Bills/193/S2118
S2144,An Act relative to building energy and decarbonization,personal_information:2,"a. the department shall utilize such practices as are necessary to prevent the public disclosure of personal information regarding owners and tenants, and maintain a quality assurance process to improve the accuracy and completeness of the available information. the dep",https://malegislature.gov/Bills/193/S2144
S2147,An Act relative to green jobs,record_nondisclosure:1,n the annual report prepared pursuant to section 10. (c) all information collected by the authority shall be confidential and shall be used exclusively for the purposes of this section. section 9. (a) the authority shall secure every loan issued for such services that ar,https://malegislature.gov/Bills/193/S2147
S218,An Act ensuring internet security and privacy,personal_information:2,"operates in the commonwealth of massachusetts may collect, use, disclose or otherwise disseminate, personal information from a customer resulting from the customer’s use of the telecommunications or internet service provider without express written approval from the cu",https://malegislature.gov/Bills/193/S218
S223,An Act to ensure the health and safety of the commonwealth’s students and educators,surveillance:1,"in consultation with the department of public health, shall ensure the operation of covid-19 pooled surveillance testing programs, consistent with public health best practices and relevant guidance from the centers for disease control and prevention, in all publ",https://malegislature.gov/Bills/193/S223
S2236,An Act relative to peer-to-peer car sharing,personal_information:1;privacy_generic:1,pursuant to subsection (b) shall take reasonable precautions to ensure the security and privacy of personally identifiable information related to a shared vehicle owner or a shared vehicle driver. section 11. peer-to-peer car sharing program equipment a peer-to-peer car sharing p,https://malegislature.gov/Bills/193/S2236
S2250,An Act relative to private detectives and private investigators,facial_recognition:1,"ction 30a of chapter 90 for any purpose inconsistent with section 22 of chapter 147. 13. access the facial recognition system operated by the registry of motor vehicles. section 3. section 30 of chapter 147 is further amended by inserting after the word ""both” in line",https://malegislature.gov/Bills/193/S2250
S2255,An Act to explore alternative funding sources to ensure safe and reliable transportation,privacy_generic:2,"ted by the house chair of the joint committee on transportation, who shall be a representative of a privacy rights advocacy organization. (c) the task force may request the department of transportation to perform such work as the task force deems necessary",https://malegislature.gov/Bills/193/S2255
S2257,An Act to promote the safe integration of autonomous vehicles into the transportation system of the Commonweal,privacy_generic:3,"lection from autonomous vehicles, the department shall take all necessary steps: (a) to protect the privacy of individuals including, but not limited to, the operators and passengers of autonomous vehicles; and (b) to ensure the security of the data-collect",https://malegislature.gov/Bills/193/S2257
S227,An Act establishing the Massachusetts Information Privacy and Security Act,biometric:5;data_broker:31;data_privacy:8;genetic_privacy:3;geolocation:5;opt_out_privacy:12;personal_information:246;privacy_generic:48;record_nondisclosure:1;right_to_privacy:3;sale_of_data:19;security_breach:4,"fingerprint, voiceprint, map or scan of hand or face geometry, vein pattern, gait pattern, or other personal information generated from the specific technical processing of an individual’s unique biological or physiological patterns or characteristics used to identify a",https://malegislature.gov/Bills/193/S227
S2275,An Act relative to school bus safety cameras,personal_information:1;record_nondisclosure:1,ble violation is material as to a finding of civil or criminal liability. (c) photographs and other personal identifying information collected by a city or town pursuant to this chapter shall not be a public record under clause twenty-sixth of section 7 of chapter 4 or chapter 66,https://malegislature.gov/Bills/193/S2275
S23,An Act making appropriations for the Fiscal Year 2023 to provide for supplementing certain existing appropriat,biometric:1;facial_recognition:1;personal_information:2;surveillance:2,"a notary public with a means to verify the identity of a remotely-located individual by a review of personal information from public or private data sources, which may include credential analysis, dynamic knowledge-based authentication, analysis of biometric data, inclu",https://malegislature.gov/Bills/193/S23
S2337,An Act promoting fairness and transparency of organizations supporting military personnel and families,record_nondisclosure:1,"ion (a) shall be public records. the information provided pursuant to paragraph 2 of subsection (a) shall be confidential and shall be available for inspection only by the secretary of administration and finance and the general court. names, addresses and deployment loca",https://malegislature.gov/Bills/193/S2337
S2367,An Act relative to third party delivery data reporting,record_nondisclosure:1,"be considered a public record under clause twenty-sixth of section 7 of chapter 4 or chapter 66 and shall not be disclosed to any person or entity other than those listed or described in the confidential data-sharing agreement; provided, however, that a state or municipal",https://malegislature.gov/Bills/193/S2367
S24,An Act making appropriations for the Fiscal Year 2023 to provide for supplementing certain existing appropriat,biometric:1;facial_recognition:1;personal_information:2;surveillance:2,"tary public with a means to verify the identity of a 406 remotely-located individual by a review of personal information from public or private data 407 sources, which may include credential analysis, dynamic knowledge-based authentication, 408 analysis of biometric dat",https://malegislature.gov/Bills/193/S24
S2400,"An Act making appropriations for the fiscal year 2024 for the maintenance of the departments, boards, commissi",electronic_monitoring:1;personal_information:3;privacy_generic:5;surveillance:10,and the early intervention program within the department of public health may share with each other personal data regarding the parents and children who receive services provided under early education and care programs administered by the commonwealth for waitlis,https://malegislature.gov/Bills/193/S2400
S2434,An Act establishing a designation of a state protection and advocacy system,personal_information:1,"al health disabilities, or any other disabilities. when required by both state and federal law, any personally identifiable information of said persons with disabilities shall be removed from the records. (d) any individual or entity having knowledge of or reasonable cause to sus",https://malegislature.gov/Bills/193/S2434
S2460,An Act protecting seniors and adults with disabilities from financial exploitation,record_nondisclosure:1,empted financial exploitation of an eligible adult. records made available pursuant to this section shall not be public records and shall not be available for public examination. section 7. nothing in this chapter shall limit or otherwise impede the authority of the secretary,https://malegislature.gov/Bills/193/S2460
S2479,An Act ensuring domestic violence victims' protections for all employees in the Commonwealth,record_nondisclosure:2,"e under this section. (e) all information related to the contract worker’s leave under this section shall be kept confidential by the client employer and shall not be disclosed, except to the extent that disclosure is: (i) requested or consented to, in writing, by the contrac",https://malegislature.gov/Bills/193/S2479
S2483,An Act to ensure the responsible use of advanced robotic technologies,surveillance:2,try onto that property were made by a human officer; and (ii) deploying a robotic device to conduct surveillance or location tracking in any situation in which a warrant or other legally required judicial authorization would be required if such surveillance or t,https://malegislature.gov/Bills/193/S2483
S2489,An Act relative to modernizing Chapter 115,privacy_generic:1;record_nondisclosure:1,"es of the commonwealth and veterans, and in compliance with national security and state and federal privacy requirements, compile information related to military training and skills, including, but not limited to: (i) course training curricula and syllabi;",https://malegislature.gov/Bills/193/S2489
S249,"An Act to ensure equitable access to education, including special education services, for all
students in Mas",personal_information:2,"committee, charter school, and individual school in a manner that is anonymized and does not reveal personally identifiable information about an individual student. publication shall include, but need not be limited to, availability on the department's worldwide web site. section",https://malegislature.gov/Bills/193/S249
S2492,"An Act relative to pharmaceutical access, costs and transparency",privacy_generic:1;record_nondisclosure:9,"n believes that such disclosure should be made in the public interest after taking into account any privacy, trade secret or anticompetitive considerations. the confidential information and documents shall not be public records and shall be exempt from disc",https://malegislature.gov/Bills/193/S2492
S2499,"An Act relative to pharmaceutical access, costs and transparency",privacy_generic:1;record_nondisclosure:6,"n believes that such disclosure should be made in the public interest after taking into account any privacy, trade secret or anticompetitive considerations. the confidential information and documents shall not be public records and shall be exempt from disc",https://malegislature.gov/Bills/193/S2499
S25,An Act establishing the Massachusetts Data Privacy Protection Act,biometric:9;data_broker:23;data_privacy:5;electronic_monitoring:26;facial_recognition:2;genetic_privacy:4;geolocation:4;opt_out_privacy:5;personal_information:11;privacy_generic:49;sale_of_data:1;surveillance:1,y to enable the third party to provide a benefit to which the consumer is entitled; (ii)the sale of personal data to third parties is clearly disclosed in the terms of the program; and (iii)the third party uses the personal data only for purposes of facilitating,https://malegislature.gov/Bills/193/S25
S2520,"An Act relative to pharmaceutical access, costs and transparency",privacy_generic:1;record_nondisclosure:3,"elieves that such disclosure should 78 be made in the public interest after taking into account any privacy, trade secret or 79 anticompetitive considerations. the confidential information and documents shall not be public 5 of 100 80 records and shall be e",https://malegislature.gov/Bills/193/S2520
S2527,An Act relative to assisted living and basic health services,record_nondisclosure:2,"ll have authority to interview the sponsor, manager, staff and residents. interviews with residents shall be confidential and conducted privately. (b) the department or its authorized designee shall make or cause to be made at least an annual review of all assisted livin",https://malegislature.gov/Bills/193/S2527
S2539,An Act relative to cybersecurity and artificial intelligence,biometric:3;data_protection:1;genetic_privacy:3;geolocation:5;personal_information:20;privacy_generic:1;record_nondisclosure:2;security_breach:18;surveillance:3,"hat such unauthorized acquisition or use compromises the security, confidentiality, or integrity of personal information maintained by a person or agency; and provided further, that a good faith but unauthorized acquisition of personal information by an employee or agen",https://malegislature.gov/Bills/193/S2539
S2540,Proposed amendments to the rules and regulations governing retirement of public employees,privacy_generic:1,sion shall not be made available to the public except in accordance with the board's regulations on privacy and confidentiality and such other laws or regulations as may be applicable to such records. (f) evidence. 1. general. the retirement board need not,https://malegislature.gov/Bills/193/S2540
S2578,An Act modernizing childhood lead poisoning prevention,surveillance:1,reby further amended by adding the following paragraph:- the department shall perform public health surveillance and outreach to identify children with a blood lead level of concern. a child reported to have a blood lead level of concern shall be offered appropr,https://malegislature.gov/Bills/193/S2578
S2584,An Act to sensibly address firearm violence through effective reform,personal_information:3,"t disclose any information regarding a request to register or deregister with the list or any other personal identifying information contained in or related to the list; provided, however, that such information may be disclosed to a law enforcement officer, as defined in section ",https://malegislature.gov/Bills/193/S2584
S26,An Act relative to the modernization of state agency information technology systems,privacy_generic:1;surveillance:1,"scanning, and copying peripherals and input, output, and storage devices necessary for security and surveillance, peripheral equipment designed to be controlled by the central processing unit of a computer, software and firmware and similar procedures, and servi",https://malegislature.gov/Bills/193/S26
S2600,An Act enhancing school bus safety,data_protection:1;personal_information:1;privacy_generic:1;record_nondisclosure:1,of the general laws is hereby amended by adding the following subclause:- (w) photographs and other personal identifying information collected under chapter 90k. section 7. chapter 89 of the general laws is hereby amended by inserting after section 4d the following section:- sect,https://malegislature.gov/Bills/193/S2600
S2604,An Act establishing an LGBTQI long-term care facility bill of rights,personal_information:1;privacy_generic:1,"esident. (f) unless required by state or federal law, no long-term care facility shall disclose any personal identifying information regarding: (1) a resident's sexual orientation; (2) whether a resident is transgender or non-binary; (3) a resident's gender transition status; (4)",https://malegislature.gov/Bills/193/S2604
S2605,An Act improving the Massachusetts paid family medical leave law,personal_information:1,"the department shall refrain from including, or partially redact where inclusion is necessary, any personal data identifiers, including, but not limited to, names, date of birth, names of minor children and any protected medical information section 11. subsectio",https://malegislature.gov/Bills/193/S2605
S2640,An Act to improve sickle cell care,data_privacy:1;genetic_privacy:1;privacy_generic:2;record_nondisclosure:2,r establishing a registry and obtaining information consistent with informed consent and protecting data privacy; (c) how to enhance the coordination of health care services for individuals with sickle cell disease who are transitioning from pediatric to adult h,https://malegislature.gov/Bills/193/S2640
S2666,An Act establishing an education-to-career data center,data_privacy:1;personal_information:3;privacy_generic:10;security_breach:1,"s name, address, employer, date of birth, social security number, driver’s license number and other personal information from a data record. data shall be considered “de-identified” only if satisfying the standard for de-identification set forth in 45 cfr § 164.514(b)(1",https://malegislature.gov/Bills/193/S2666
S2683,An Act to strengthen our public health infrastructure to address Alzheimer’s and all dementia.,surveillance:2,"hall include the caregiver module and cognitive decline module in the annual behavioral risk factor surveillance system (brfss) survey on a rotating annual basis to collect prevalence data, track trends over time and analyze data to direct public health programs",https://malegislature.gov/Bills/193/S2683
S27,"An Act to protect private electronic communication, browsing and other activity",geolocation:13;privacy_generic:2;record_nondisclosure:1;surveillance:2,"hat enables access to, or use of, an electronic communication service, remote computing service, or location information service. “electronic device information”, electronic communication information and location information stored in a device. “electronic information”,",https://malegislature.gov/Bills/193/S27
S2703,An Act to prevent abuse and exploitation,privacy_generic:1;record_nondisclosure:1,"in a commercial setting; or (b) in a place where a person does not have a reasonable expectation of privacy; or (ii) distribution made in the public interest, including the reporting of unlawful conduct; (iii) lawful and common practices of law enforcement,",https://malegislature.gov/Bills/193/S2703
S2710,An Act to prevent abuse and exploitation,privacy_generic:2;record_nondisclosure:1,"in a commercial setting; or (b) in a place where a person does not have a reasonable expectation of privacy; (ii) distribution made in the public interest, including the reporting of unlawful conduct; (iii) lawful and common practices of law enforcement, cr",https://malegislature.gov/Bills/193/S2710
S2754,An Act relative to the uniform child custody jurisdiction and enforcement act,record_nondisclosure:1,"would be jeopardized by disclosure of identifying information, the information shall be sealed and shall not be disclosed to the other party or the public unless the court orders the disclosure to be made after a hearing in which the court takes into consideration the he",https://malegislature.gov/Bills/193/S2754
S276,An Act relative to safety and violence education for students (the SAVE Students Act),privacy_generic:1;record_nondisclosure:2,"for tracking the outcome of reports; and (xi) comply with the federal family educational rights and privacy act, 20 u.s.c. 1232g, and other relevant federal and state laws. (e) for the purposes of administering the reporting program, the secretary of health",https://malegislature.gov/Bills/193/S276
S2770,An Act establishing the Massachusetts Data Privacy Act,biometric:7;data_broker:22;data_privacy:5;genetic_privacy:5;geolocation:56;opt_out_privacy:8;personal_information:11;privacy_generic:51;sale_of_data:1,"en, specific, informed, and unambiguous agreement to allow the processing of specific categories of personal information relating to the individual for a narrowly defined particular purpose after having been informed, in response to a specific request from a covered ent",https://malegislature.gov/Bills/193/S2770
S280,An Act relative to student and educator data privacy,biometric:1;data_privacy:5;data_protection:1;geolocation:1;personal_information:4;privacy_generic:11;security_breach:4,"gs; and persistent unique identifiers. “de-identified data”, records and information from which all personally identifiable information has been removed or obscured such that the remaining information does not reasonably identify a specific individual, including, but not limited ",https://malegislature.gov/Bills/193/S280
S2800,"An Act making appropriations for the fiscal year 2025 for the maintenance of the departments, boards, commissi",electronic_monitoring:1;personal_information:4;privacy_generic:6;surveillance:9,and the early intervention program within the department of public health may share with each other personal data regarding the parents and children who receive services provided under early education and care programs administered by the commonwealth for waitlis,https://malegislature.gov/Bills/193/S2800
S2803,An Act establishing a bill of rights for children in foster care,privacy_generic:4,"e following rights: (1) safety and security: (i) each child shall be treated with dignity, respect, privacy and consideration. (ii) each child shall not be discriminated against, physically hurt or harassed by department staff, foster parents, the child’s a",https://malegislature.gov/Bills/193/S2803
S2804,An Act enhancing child welfare protections,personal_information:2;privacy_generic:1;record_nondisclosure:1,"r 66. the report shall include, but not be limited to, information in a form that shall not include personally identifiable information on the fair hearing requests open at any time during the previous fiscal year and, for each hearing request, shall provide: (i) the subject matt",https://malegislature.gov/Bills/193/S2804
S2807,An Act relative to special education,personal_information:4,"regated by school district and individual school in a manner that is anonymized and does not reveal personally identifiable information about any individual student; (iii) the number of children, by grade level, within each disability category receiving specific special education",https://malegislature.gov/Bills/193/S2807
S2809,An Act relative to police reports involving railroad fatalities,record_nondisclosure:1,"and all communications between police officers and railroad crew members involved in such fatality shall not be made public and shall be maintained by the police department that responds to such fatality in a manner that shall ensure confidentiality; provided, however, tha",https://malegislature.gov/Bills/193/S2809
S2811,Enhancing Cybersecurity Protections and Response in the Commonwealth,record_nondisclosure:2;security_breach:2,"n an automated manner; and (3) use model inference to formulate options for information or action. “breach of security”, shall have the same meaning as defined in section 1 of chapter 93h. “covered entity"", shall mean (i) any governmental entity; or (ii) any entity op",https://malegislature.gov/Bills/193/S2811
S2817,"An Act honoring, empowering, and recognizing our servicemembers and veterans",genetic_privacy:1,"r than honorable discharge on the basis of sex, race, color, religious creed, national origin, age, genetic information, ancestry, marital status or disability; or (ii) any united states department of veterans affairs category eligible for a discharge upgrade, includin",https://malegislature.gov/Bills/193/S2817
S2824,Communication from the Massachusetts Gaming Commission (pursuant to Section 9B of Chapter 128A of the General ,surveillance:1,"ner or the trainer’s designated representative under general association and/or commission security surveillance until called to the saddling paddock. (c) test results must show a detectable concentration of the drug in the post-race serum, plasma or urine sampl",https://malegislature.gov/Bills/193/S2824
S2826,"An Act honoring, empowering, and recognizing our servicemembers and veterans",genetic_privacy:1,"r than honorable discharge on the basis of sex, race, color, religious creed, national origin, age, genetic information, ancestry, marital status or disability; or (ii) any united states department of veterans affairs category eligible for a discharge upgrade, includin",https://malegislature.gov/Bills/193/S2826
S2834,An Act relative to the Affordable Homes Act,personal_information:2;privacy_generic:2,"ty, scholarly, educational, journalistic or governmental purposes only; provided, however, that the personal identifying information of the parties involved in the action shall remain sealed unless the court determines that release of such information is appropriate under this su",https://malegislature.gov/Bills/193/S2834
S2850,An Act relative to the Affordable Homes Act,personal_information:2;privacy_generic:2,"ty, scholarly, educational, journalistic or governmental purposes only; provided, however, that the personal identifying information of the parties involved in the action shall remain sealed unless the court determines that release of such information is appropriate under this su",https://malegislature.gov/Bills/193/S2850
S2856,An Act relative to strengthening Massachusetts’ economic leadership,personal_information:2;record_nondisclosure:1,"time of the initial presentation of the ticket price; (ii) prior to requiring a consumer to provide personal information, including, but not limited to, billing information; provided, however, that such information may be collected if the personal information is necessa",https://malegislature.gov/Bills/193/S2856
S2865,Statewide Action for Public Health Excellence 2.0,personal_information:1;privacy_generic:1;surveillance:1,"e public to conduct further analysis; provided, however, that any such published data shall exclude personal identifying information. (h) the department shall estimate the amount of funds necessary to meet the requirements of this section for each fiscal year. the department shal",https://malegislature.gov/Bills/193/S2865
S2866,Nurse Licensure Compact,biometric:3;personal_information:2;privacy_generic:2,to other entities or individuals without the express permission of the contributing state. (f) any personally identifiable information obtained from the coordinated licensure information system by a party state licensing board shall not be shared with non-party states or disclose,https://malegislature.gov/Bills/193/S2866
S2867,"To Support Mass Makers, and Economic Growth of Downtowns and Main Streets",genetic_privacy:2,"y based on race, color, religious creed, national origin, sex, gender identity, sexual orientation, genetic information, ancestry, disability, and language in implementing supply mass/buy mass. (b) mobd may consult with and seek input from interested stakeholders and s",https://malegislature.gov/Bills/193/S2867
S2869,An Act relative to strengthening Massachusetts’ economic leadership,biometric:3;personal_information:7;privacy_generic:4;record_nondisclosure:3;surveillance:3,"e public to conduct further analysis; provided, however, that any such published data shall exclude personal identifying information. (h) annually, the department shall estimate the amount of funds necessary to meet the requirements of this section for the upcoming fiscal year. t",https://malegislature.gov/Bills/193/S2869
S2871,An Act enhancing the health care market review process,personal_information:2;privacy_generic:4;record_nondisclosure:7,"ther public or quasi-public entity in the commonwealth that collects patient information, including personal data as defined in section 1 of chapter 66a, shall, upon a request from the center, provide such data to the center for any purpose consistent with this c",https://malegislature.gov/Bills/193/S2871
S2879,An Act to improve sickle cell care,data_privacy:1;genetic_privacy:1;privacy_generic:2;record_nondisclosure:2,r establishing a registry and obtaining information consistent with informed consent and protecting data privacy; (c) how to enhance the coordination of health care services for individuals with sickle cell disease who are transitioning from pediatric to adult h,https://malegislature.gov/Bills/193/S2879
S2881,An Act enhancing the health care market review process,personal_information:2;privacy_generic:4;record_nondisclosure:7,"ther public or quasi-public entity in the commonwealth that collects patient information, including personal data as defined in section 1 of chapter 66a, shall, upon a request from the center, provide such data to the center for any purpose consistent with this c",https://malegislature.gov/Bills/193/S2881
S2884,An Act relative to bus lane enforcement,personal_information:1;record_nondisclosure:1,"2 official edition, is hereby amended by adding the following subclause:- (w) photographs and other personal identifying information collected under chapter 90k. section 2. chapter 89 of the general laws is hereby amended by inserting after section 4d the following section:- sect",https://malegislature.gov/Bills/193/S2884
S2888,An Act making appropriations for the fiscal year 2024 to provide for supplementing certain existing appropriat,record_nondisclosure:1,"be considered a public record under clause twenty-sixth of section 7 of chapter 4 or chapter 66 and shall not be disclosed to any person or entity other than those listed or described in the confidential data-sharing agreement; provided, however, that a state or municipal",https://malegislature.gov/Bills/193/S2888
S2889,An Act relative to long-term care and assisted living,record_nondisclosure:2,m public disclosure by federal or state law and obtained by the department pursuant to this section shall be confidential and exempt from disclosure under clause twenty-sixth of section 7 of chapter 4 and chapter 66; (ii) the financial capacity of the applicant or potent,https://malegislature.gov/Bills/193/S2889
S2891,An Act making appropriations for the fiscal year 2024 to provide for supplementing certain existing appropriat,record_nondisclosure:1,"be considered a public record under clause twenty-sixth of section 7 of chapter 4 or chapter 66 and shall not be disclosed to any person or entity other than those listed or described in the confidential data-sharing agreement; provided, however, that a state or municipal",https://malegislature.gov/Bills/193/S2891
S2898,An Act relative to accessing harm reduction initiatives,privacy_generic:1;surveillance:1,"e context clearly requires otherwise: “drug testing services”, the use of testing equipment for the surveillance or identification of, or to analyze the strength, effectiveness or purity of, a controlled substance prior to its injection, inhalation or ingestion",https://malegislature.gov/Bills/193/S2898
S2899,An Act relative to increasing access to perinatal health care,privacy_generic:1,"d language interpreter or navigator. (e) the commissioner shall, in a manner that protects personal privacy and complies with federal law, collect and assess data regarding pregnancy loss, including information delineated by race, ethnicity, health insuranc",https://malegislature.gov/Bills/193/S2899
S29,An Act establishing a special commission on blockchain and cryptocurrency,privacy_generic:2,"xamining the following: (a) the feasibility, validity and admissibility as well as risks, including privacy risks, and benefits of using blockchain technology in state and local government and commonwealth-based businesses; provided that, for the purposes o",https://malegislature.gov/Bills/193/S29
S2900,An Act relative to long-term care and assisted living,record_nondisclosure:2,m public disclosure by federal or state law and obtained by the department pursuant to this section shall be confidential and exempt from disclosure under clause twenty-sixth of section 7 of chapter 4 and chapter 66; (ii) the financial capacity of the applicant or potent,https://malegislature.gov/Bills/193/S2900
S2906,An Act to ensure legal parentage equality,genetic_privacy:5;privacy_generic:2,"of said chapter 209c, as so appearing, is hereby further amended by adding the following sentence:- genetic testing shall not be used to challenge the parentage of an individual who is a parent under sections 25, 27 and 28 to 28p, inclusive, or to establish the",https://malegislature.gov/Bills/193/S2906
S2912,An Act to ensure legal parentage equality,genetic_privacy:5;privacy_generic:2,"of said chapter 209c, as so appearing, is hereby further amended by adding the following sentence:- genetic testing shall not be used to challenge the parentage of an individual who is a parent under sections 25, 27 and 28 to 28p, inclusive, or to establish the",https://malegislature.gov/Bills/193/S2912
S2921,An Act relative to accessing harm reduction initiatives,privacy_generic:1;surveillance:1,"e context clearly requires otherwise: “drug testing services”, the use of testing equipment for the surveillance or identification of, or to analyze the strength, effectiveness or purity of, a controlled substance related to its injection, inhalation or ingestio",https://malegislature.gov/Bills/193/S2921
S2928,An Act relative to increasing access to perinatal health care,privacy_generic:1,"d language interpreter or navigator. (e) the commissioner shall, in a manner that protects personal privacy and complies with federal law, collect and assess data regarding pregnancy loss, including information delineated by race, ethnicity, health insuranc",https://malegislature.gov/Bills/193/S2928
S2949,An Act authorizing the town of Nantucket to impose a real estate transfer fee for affordable and workforce hou,record_nondisclosure:1,r section ten or for the purpose of determining the existence of any exemption under section twelve shall not be public records for the purposes of section ten of chapter sixty-six of the general laws. section 6. a seller who fails to pay all or any portion of the fee establi,https://malegislature.gov/Bills/193/S2949
S2961,An Act relative to the uniform child custody jurisdiction and enforcement act,record_nondisclosure:1,"would be jeopardized by disclosure of identifying information, the information shall be sealed and shall not be disclosed to the other party or the public unless the court orders the disclosure to be made after a hearing in which the court takes into consideration the he",https://malegislature.gov/Bills/193/S2961
S2968,making appropriations for the fiscal year 2024 to provide for supplementing certain existing appropriations an,personal_information:2,ntary and secondary education and the bureau of special education appeals may share with each other personal data regarding students and other individuals to carry out their respective responsibilities under state and federal laws and regulations. section 17. sec,https://malegislature.gov/Bills/193/S2968
S2974,making appropriations for the fiscal year 2024 to provide for supplementing certain existing appropriations an,personal_information:2,ntary and secondary education and the bureau of special education appeals may share with each other personal data regarding students and other individuals to carry out their respective responsibilities under state and federal laws and regulations. section 18. sec,https://malegislature.gov/Bills/193/S2974
S2997,An Act relative to the regulation of money transmission by the Division of Banks,record_nondisclosure:2,"use of the commissioner, financial statements, balance sheets and authorized delegate information, shall be confidential and privileged, shall not be subject to subpoena and shall not be a public record under chapter 66. for the purpose of this paragraph, records of inv",https://malegislature.gov/Bills/193/S2997
S30,An Act relative to protecting sensitive information from security breaches,biometric:3;genetic_privacy:2;geolocation:5;personal_information:20;security_breach:14,"hat such unauthorized acquisition or use compromises the security, confidentiality, or integrity of personal information maintained by a person or agency; and provided further, that a good faith but unauthorized acquisition of personal information by an employee or agen",https://malegislature.gov/Bills/193/S30
S300,An Act relative to safer schools,surveillance:1,"h and safety practices upon completion of such grants. the purchase of metal detectors, weapons, or surveillance technology, or the hiring or employment of school-based security personnel is not an eligible use of such grant funds, nor shall such purchases or hi",https://malegislature.gov/Bills/193/S300
S3003,An Act to modernize the Massachusetts insurer’s insolvency fund,data_privacy:1;privacy_generic:1,"ct, admitted basis, providing indemnity for losses or loss mitigation arising out of or relating to data privacy breaches, unauthorized information network security intrusions, computer viruses, ransomware, cyber extortion, identity theft and similar exposures.",https://malegislature.gov/Bills/193/S3003
S3012,"An Act relative to pharmaceutical access, costs and transparency",record_nondisclosure:3,"lization management techniques employed by payers; provided, however, that any 36 confidential data shall not be a public record and shall be exempt from disclosure pursuant to 37 clause twenty-sixth of section 7 of chapter 4 and section 10 of chapter 66. 38 (c)(1) the office s",https://malegislature.gov/Bills/193/S3012
S31,An Act drafted with the help of ChatGPT to regulate generative artificial intelligence models like ChatGPT,privacy_generic:1,"enerative artificial intelligence models, such as chatgpt, in order to protect the public’s safety, privacy and intellectual property rights. section 2. definitions for the purposes of this chapter, the following words shall have the following meanings, unl",https://malegislature.gov/Bills/193/S31
S314,An Act stopping harm inflicted by the exploitation of life and development,privacy_generic:2,"velop healthy and respectful interpersonal relationships, including appropriate body boundaries and privacy rules; (4) learn how to communicate effectively to trusted adults any concerns they have about body boundaries or privacy violations; (5) learn about",https://malegislature.gov/Bills/193/S314
S32,An Act relative to cyber incident response,record_nondisclosure:1;security_breach:4,"following words shall have the following meanings, unless the context clearly requires otherwise: “breach of security” shall have the same meaning as defined in section 1 of chapter 93h. “critical infrastructure”, the systems and assets, either physical or virtual, w",https://malegislature.gov/Bills/193/S32
S321,An Act to ensure charter school transparency and public accountability,data_privacy:1;privacy_generic:2,"warrant special security measures to protect statutorily mandated information, it shall enhance its data privacy protection measures. (b) the department shall develop options for more efficient and accurate waitlist processing, which may include the use of a sin",https://malegislature.gov/Bills/193/S321
S325,An Act relative to the screening of prospective school employees for prior investigations into child abuse or ,record_nondisclosure:1,"temporary employment of the applicant. (e) information received by an employer under this act shall not be deemed a public record. an employer, school district, charter school, nonpublic school, school administrator, or contracted service provider that provides information or re",https://malegislature.gov/Bills/193/S325
S33,An Act establishing a commission on automated decision-making by government in the commonwealth,data_protection:1,"matters related to data sources, data sharing agreements, data security provisions, compliance with data protection laws and regulations, and all other issues related to how data is protected, used, and shared by agencies using automated decision systems, in massac",https://malegislature.gov/Bills/193/S33
S343,An Act establishing an education-to-career data center,data_privacy:1;personal_information:3;privacy_generic:10;security_breach:1,"s name, address, employer, date of birth, social security number, driver’s license number and other personal information from a data record. data shall be considered “de-identified” only if satisfying the standard for de-identification set forth in 45 cfr § 164.514(b)(1",https://malegislature.gov/Bills/193/S343
S36,An Act establishing a Cybersecurity Control and Review Commission,data_protection:1,"ains recommendations to ensure the sustainability of the commonwealth’s critical infrastructure and data protection cybersecurity standards and preparedness. (g) annually, not later than december 31, the commission shall make a condensed and redacted version of the",https://malegislature.gov/Bills/193/S36
S379,An Act to improve quality and oversight of long-term care,record_nondisclosure:3,rmation related to criminal or civil litigation obtained by the department pursuant to this section shall be confidential and exempt from disclosure under clause twenty-sixth of section 7 of chapter 4 and chapter 66; (ii) the financial capacity of the applicant or potent,https://malegislature.gov/Bills/193/S379
S380,An Act to improve Massachusetts home care,consumer_privacy:1;privacy_generic:3,"ates a potentially unsafe working environment. the standards and procedures shall respect home care consumer privacy while prioritizing home care worker safety and while ensuring continuity of care. (4) training and employer policies, including best practices for st",https://malegislature.gov/Bills/193/S380
S381,An Act establishing an LGBTQI long-term care facility bill of rights,personal_information:1;privacy_generic:1,"esident. (f) unless required by state or federal law, no long-term care facility shall disclose any personal identifying information regarding: (1) a resident's sexual orientation; (2) whether a resident is transgender or non-binary; (3) a resident's gender transition status; (4)",https://malegislature.gov/Bills/193/S381
S396,An Act to establish the office of elder advocate,privacy_generic:1;record_nondisclosure:1;right_to_privacy:1,"e humane and dignified treatment at all times, with full respect for the person's personal dignity, right to privacy, and right to a free and appropriate education in accordance with state and federal law; (c) examine, on a system-wide basis, the care and services t",https://malegislature.gov/Bills/193/S396
S4,"An Act making appropriations for the fiscal year 2025 for the maintenance of the departments, boards, commissi",electronic_monitoring:1;personal_information:2;privacy_generic:6;surveillance:9,and the early intervention program within the department of public health may share with each other personal data regarding the parents and children who receive services provided under early education and care programs administered by the commonwealth for waitlis,https://malegislature.gov/Bills/193/S4
S403,"An Act to improve resilience in older adults and people with disabilities during public health, environmental ",privacy_generic:1;record_nondisclosure:1,"state health, public safety and emergency management professionals, in compliance with any relevant privacy laws and shall not be public record, shall include: a)name and contact information of any adult over age 60 or any person with a disability regardles",https://malegislature.gov/Bills/193/S403
S419,An Act establishing an early electronic voting option for municipal elections,personal_information:1,lectronic ballot and signed with a wet signature or hand-drawn electronic signature; (ii) not store personal identifying information beyond the time necessary to confirm the identity of the voter; and (iii) provide clear instructions to voters for returning the marked ballot elec,https://malegislature.gov/Bills/193/S419
S437,An Act relative to early voting cost reimbursements,privacy_generic:1,"retary of state’s voter registration information system, the cost of voting booths, and the cost of privacy screens. in every year not later than september fifteenth, the state auditor shall determine and deliver to the state secretary a statement of the in",https://malegislature.gov/Bills/193/S437
S445,An Act establishing an ecologically-based mosquito management program in the Commonwealth to protect public he,surveillance:4,"health, least-toxic chemical control strategies. ebmm prioritizes preventative measures, including surveillance, monitoring, and public education on eliminating breeding sites and taking personal protective action. ebmm involves the selection, integration, and",https://malegislature.gov/Bills/193/S445
S471,An Act to reduce waste and recycling costs in the commonwealth,record_nondisclosure:1,pted pursuant to sections 330 to 345 that is identified by the submitter as proprietary information shall be kept confidential. section 2. chapter 10 of the general laws is hereby amended by inserting after section 35ddd the following section: section 35eee. sustainable packa,https://malegislature.gov/Bills/193/S471
S542,An Act establishing safe paint stewardship,record_nondisclosure:1,"sales data reported to the department by a manufacturer or by the representative organization shall not be subject to disclosure but the commissioner may release a summary form of such data that does not disclose financial, production or sales data of the manufacturer, retailer",https://malegislature.gov/Bills/193/S542
S551,An Act relative to paint recycling,record_nondisclosure:1,"sales data reported to the department by a manufacturer or by the representative organization shall not be subject to disclosure but the commissioner may release a summary form of such data that does not disclose financial, production or sales data of the manufacturer, retailer",https://malegislature.gov/Bills/193/S551
S612,An Act relative to promoting healthcare access and affordability for patients,record_nondisclosure:1,"h information shall be considered to be a trade secret and confidential commercial information, and shall not be a public record and shall be exempt from disclosure under clause twenty-sixth of section 7 of chapter 4 or section 10 of chapter 66. a carrier shall impose the confi",https://malegislature.gov/Bills/193/S612
S624,An Act to encourage retirement planning,record_nondisclosure:2,"m returns filed by an employer or from any investigation conducted under the provisions of this act shall be confidential, except for official purposes within the department or pursuant to official procedures for collection of penalties assessed under this act. nothing c",https://malegislature.gov/Bills/193/S624
S627,An Act establishing protections and accountability for TNC and DNC workers consumers and communities (EPA),privacy_generic:1;record_nondisclosure:1,"mmonwealth. the commonwealth will provide versions of this data, redacted to address the reasonable privacy concerns of both application-based transportation workers and consumers only to the extent absolutely necessary to individuals and organizations with",https://malegislature.gov/Bills/193/S627
S632,An Act to establish a Massachusetts public bank,record_nondisclosure:1,"tive officer shall be executive sessions, and the voting records of the directors at these meetings shall be kept confidential. the chief executive officer, acting chief executive officer, the chair of the board of advisors or any designee thereof shall not attend executive s",https://malegislature.gov/Bills/193/S632
S653,An Act establishing a Massachusetts foreclosure prevention program,record_nondisclosure:1,"se of conference information. the information discussed in or presented during a conference session shall be kept confidential and shall not be used in any legal proceeding, except for actions to enforce this section or if the information can be obtained from sources outside",https://malegislature.gov/Bills/193/S653
S655,An Act relative to telehealth and digital equity for patients,biometric:1;privacy_generic:7,"ance outputs from healthcare providers, including the remote monitoring of a patient’s vital signs, biometric data, or other objective or subjective data by a device that transmits such data electronically to a healthcare practitioner. section 5. subsection (",https://malegislature.gov/Bills/193/S655
S666,An Act establishing collective bargaining rights for TNC drivers,genetic_privacy:2;record_nondisclosure:2;surveillance:1,"shall not include persons whose sexual orientation involves minor children as the sex object, age, genetic information or ancestry of such individual or group because of imbalance which may exist between the total number or percentage of persons employed by any employ",https://malegislature.gov/Bills/193/S666
S675,An Act creating a climate bank in Massachusetts,record_nondisclosure:1,"er or regarding the competitive position of such applicant in a particular field of endeavor, shall not be deemed public records of the center and shall not be subject to section 10 of chapter 66. any discussion or consideration of such trade secrets or commercial or financial",https://malegislature.gov/Bills/193/S675
S678,An Act to improve sickle cell care,data_privacy:1;genetic_privacy:1;privacy_generic:2;record_nondisclosure:2,r establishing a registry and obtaining information consistent with informed consent and protecting data privacy; (c) how to enhance the coordination of health care services for individuals with sickle cell disease who are transitioning from pediatric to adult h,https://malegislature.gov/Bills/193/S678
S68,An Act establishing a bill of rights for children in foster care,privacy_generic:2,"with them. (vi) each child has the right to safe access to personal possessions, personal space and privacy. (2) connections to family, community and identity: (i) each child has the right to know, understand, learn and develop the child’s racial, cultural,",https://malegislature.gov/Bills/193/S68
S690,An Act protecting consumers in cryptocurrency exchanges,privacy_generic:1,"nce policies, including policies with respect to anti-fraud, anti-money laundering, cyber security, privacy and information security, that shall be reviewed and approved by the registrant's board of directors or an equivalent governing body. section 6. adve",https://malegislature.gov/Bills/193/S690
S728,An Act making technical changes to the Betsy Lehman Center for patient safety and medical error reduction enab,personal_information:1;privacy_generic:1;record_nondisclosure:2,"ency that collects or maintains patient safety information may transmit such information, including personal data under section 1 of chapter 66a, to each other through an agreement, that can be an interagency service agreement, that provides for any safeguards ne",https://malegislature.gov/Bills/193/S728
S732,An Act relative to promoting comprehensive transparency in the pharmaceutical industry,record_nondisclosure:3,"dy or studies shall be considered to be a trade secret and confidential commercial information, and shall not be a public record pursuant to clause twenty-sixth of section 7 of chapter 4 or chapter 66, and shall not be subject to public inspection, and shall not be released in",https://malegislature.gov/Bills/193/S732
S747,An Act relative to the nurse licensure compact in Massachusetts,biometric:3;personal_information:2;privacy_generic:2,to other entities or individuals without the express permission of the contributing state. (f) any personally identifiable information obtained from the coordinated licensure information system by a party state licensing board shall not be shared with non-party states or disclose,https://malegislature.gov/Bills/193/S747
S749,"An Act relative to pharmaceutical access, costs and transparency",privacy_generic:1;record_nondisclosure:9,"n believes that such disclosure should be made in the public interest after taking into account any privacy, trade secret or anticompetitive considerations. the confidential information and documents shall not be public records and shall be exempt from disc",https://malegislature.gov/Bills/193/S749
S761,An Act relative to hospital closures and health planning,privacy_generic:1;record_nondisclosure:1;surveillance:1,"ces, in a similar geographic type, and with a similar anticipated case mix based on epidemiological surveillance data; and (d) any other documentation that the department sees fit to evaluate the sustainability of essential health services at said hospital. sect",https://malegislature.gov/Bills/193/S761
S766,An Act establishing a public health option,personal_information:1;record_nondisclosure:1,"s of risk adjustment under this section. such information shall be limited to the minimum amount of personal information necessary, shall be confidential, and shall not constitute a public record. (d) section 123 of chapter 58 of the session laws of 2006 is hereby amend",https://malegislature.gov/Bills/193/S766
S783,An Act to promote transparency and prevent price gouging of pharmaceutical drug prices,privacy_generic:1;record_nondisclosure:4,"onwealth and that the disclosure shall be made in the public interest after taking into account any privacy, trade secret or anticompetitive considerations. the confidential information and documents shall not be public records and shall be exempt from disc",https://malegislature.gov/Bills/193/S783
S799,An Act to advance health equity,privacy_generic:1,"important for the general public and decision makers. these dashboards shall comply with applicable privacy law but shall be publicly presented in a user-friendly format, with a focus on ensuring accessibility in its design; and (f) coordinating with quasi-",https://malegislature.gov/Bills/193/S799
S815,An Act improving access to affordable community college,privacy_generic:2,"ancial information and student educational information, including the family educational rights and privacy act of 1974 (20 u.s.c. section 1232g), and any other state or federal law relating to the privacy of student information. the commissioner shall dire",https://malegislature.gov/Bills/193/S815
S818,An Act relative to college in high school,privacy_generic:1,"her education with all necessary data, in accordance with the federal family educational rights and privacy act of 1974, to conduct the analysis. section 4. chapter 29 of the general law is hereby amended by inserting after section 2ccccc the following new",https://malegislature.gov/Bills/193/S818
S838,An Act relative to advanced placement examinations,privacy_generic:1,"of trustees, with all necessary data, in accordance with the federal family educational rights and privacy act of 1974, to conduct the analysis. section 2. the first annual report required by subsection (c) of section 39a of chapter 15a of the general laws",https://malegislature.gov/Bills/193/S838
S839,An Act assisting low-income students success through work-study,personal_information:1,) employment rates of former recipients 1 year after completing a degree or certificate program. no personal identifying information shall be used in the report. the first report shall be filed on or before august 1 two years after said massachusetts community college career path,https://malegislature.gov/Bills/193/S839
S844,An Act protecting public higher education student information,privacy_generic:1,"stitution of higher education as directory information, as defined under the family educational and privacy rights act, 20 u.s.c. section 1232 (g). this section shall not apply to requests from federal, state, or municipal agencies.",https://malegislature.gov/Bills/193/S844
S857,An Act ensuring continued rights for public housing residents,privacy_generic:1,"ease terms, eviction, right to return, grievance, resident participation, preference in hiring, and privacy rights, except as may be required to secure financing necessary for the feasibility of the project, or to meet associated programmatic eligibility re",https://malegislature.gov/Bills/193/S857
S859,An Act promoting fair housing by preventing discrimination against affordable housing,genetic_privacy:1,"shall not include persons whose sexual orientation involves minor children as the sex object, age, genetic information, ancestry, marital status, veteran status or membership in the armed forces, familial status, disability condition, blindness, hearing impairment or",https://malegislature.gov/Bills/193/S859
S909,An Act relative to child-centered family law,record_nondisclosure:1,"such a child or party, the court may order that any part of such record pertaining to such address shall not be disclosed to such parent. section 3. section 31a of said chapter 208 of the general laws, as so appearing, is hereby amended by striking out, in lines 20 to 21",https://malegislature.gov/Bills/193/S909
S92,An Act relative to child fatality review,record_nondisclosure:1,"lic. information and records acquired by the state team or by a local team pursuant to this chapter shall be confidential, exempt from disclosure under chapter 66 and may only be disclosed as necessary to carry out a team’s duties and purposes. statistical compilations o",https://malegislature.gov/Bills/193/S92
S923,An Act relative to the uniform child custody jurisdiction and enforcement act,record_nondisclosure:1,"would be jeopardized by disclosure of identifying information, the information shall be sealed and shall not be disclosed to the other party or the public unless the court orders the disclosure to be made after a hearing in which the court takes into consideration the he",https://malegislature.gov/Bills/193/S923
S927,An Act to implement the recommendations of the special commission on facial recognition technology,biometric:12;facial_recognition:37;surveillance:7,"following words shall, unless the context clearly requires otherwise, have the following meanings: “biometric surveillance technology”, any computer software that performs facial recognition or other remote biometric recognition. “facial recognition”, an auto",https://malegislature.gov/Bills/193/S927
S931,An Act improving juvenile justice data collection,electronic_monitoring:1,"or superior court; to impose bail; to impose pretrial release conditions; to place a juvenile on an electronic monitoring device, either as a condition of pretrial release, as a condition of probation after disposition of a case to revoke bail; to order a juvenile to",https://malegislature.gov/Bills/193/S931
S938,An Act to protect the privacy of crime victims,record_nondisclosure:2,", obtained or maintained by the division in connection with any claim for crime victim compensation shall be confidential and privileged, and shall not be disclosed by the division or by anyone who receives such records or information from the division. (b) nothing in th",https://malegislature.gov/Bills/193/S938
S941,An Act relative to access to justice,personal_information:1;record_nondisclosure:1,"se twenty-sixth of section 7 of chapter 4, provided that the name, address, phone number, and other personal identifying information regarding the interview subject shall not be a public record. (c) the provisions of paragraphs (a) and (b) shall not apply to persons in federal cu",https://malegislature.gov/Bills/193/S941
S943,An Act modernizing notary services,biometric:1;facial_recognition:1;personal_information:2,"a notary public with a means to verify the identity of a remotely located individual by a review of personal information from public or private data sources, which may include credential analysis, dynamic knowledge-based authentication, analysis of biometric data includ",https://malegislature.gov/Bills/193/S943
S947,An Act to ensure legal parentage equality,genetic_privacy:4;privacy_generic:2,"ihood of other harm to the child. (b) if an individual challenges parentage based on the results of genetic testing, in addition to the factors listed in subsection (a), the court shall consider: (i) the facts surrounding the discovery that the individual might",https://malegislature.gov/Bills/193/S947
S953,An Act to create access to justice,genetic_privacy:1,"tional origin, ethnicity, ancestry, citizenship or immigration status, limited english proficiency, genetic information, sex, gender identity or gender expression, sexual orientation, age, disability, medical condition, familial status, pregnancy, status as a veteran o",https://malegislature.gov/Bills/193/S953
S956,An Act promoting housing opportunity and mobility through eviction sealing (HOMES),personal_information:2,"ty, scholarly, educational, journalistic or governmental purposes only, provided, however, that the personal identifying information of the parties involved in the action, shall remain sealed unless the court determines that release of such information is appropriate under this s",https://malegislature.gov/Bills/193/S956
S96,An Act updating terminology and investigative practices related to the protection of persons with disabilities,personal_information:8;record_nondisclosure:1,"d, collected, used, maintained or disseminated pursuant to this chapter and that is confidential or personally identifiable information pursuant to state or federal law shall not be a public record pursuant to clause twenty-six of section 7 of chapter 4 or chapter 66. section 16.",https://malegislature.gov/Bills/193/S96
S971,An Act relative to the malicious doxing of personal information,personal_information:9,"uting the crime of criminal harassment pursuant to section 43a of chapter 265 of the general laws. “personal information”, information that: (i) identifies, relates to or is reasonably capable of being associated with a specific individual or such individual’s family me",https://malegislature.gov/Bills/193/S971
S978,An Act relative to fair investment practices,genetic_privacy:1,"tation, which shall not include sexual orientation involving minor children as the sex object; age; genetic information; ancestry; status as a veteran; handicap; or pregnancy or a condition related to said pregnancy including, but not limited to, lactation or the need",https://malegislature.gov/Bills/193/S978
