bill_number,title,domain_title_terms,broad_title_terms,committee_net,fetch_status,legislation_type,text_chars,text_terms,snippet
,Worcester DA 2022 Wiretap Report,wiretap_interception,,,docket_only_no_text,,,,
,AGO 2022 Wiretap Report,wiretap_interception,,,docket_only_no_text,,,,
,Norfolk DA 2022 Wiretap Report,wiretap_interception,,,docket_only_no_text,,,,
,Middlesex DA 2022 Wiretap Report,wiretap_interception,,,docket_only_no_text,,,,
,An Act relative to student and educator data privacy,privacy;data_privacy_protection,data,,docket_only_no_text,,,,
,An Act relative to student and educator data privacy,privacy;data_privacy_protection,data,,docket_only_no_text,,,,
,Northwestern DA 2022 Wiretap Report,wiretap_interception,,,docket_only_no_text,,,,
,Essex County DA 2022 Wiretap Report,wiretap_interception,,,docket_only_no_text,,,,
,An Act relevant to the surveillance and reporting of Long COVID,surveillance,,,docket_only_no_text,,,,
,A report of the District Attorney of the Cape and Islands District (under Section 99 of Chapter 272 of the General Laws) submitting a report relative to wiretaps for calendar year 2022,wiretap_interception,,,docket_only_no_text,,,,
,A communication from the District Attorney of Essex County (see Section 99 of Chapter 272 of the General Laws) submitting a report relative to wiretaps for calendar year 2022,wiretap_interception,,,docket_only_no_text,,,,
,A report of the Middlesex District Attorney (under Section 99 of Chapter 272 of the General Laws) submitting a report relative to wiretaps for calendar year 2022,wiretap_interception,,,docket_only_no_text,,,,
,A communication from the District Attorney of Norfolk County (see Section 99 of Chapter 272 of the General Laws) submitting a report relative to wiretaps for calendar year 2022,wiretap_interception,,,docket_only_no_text,,,,
,A communication from the Northwestern District Attorney’s Office (see Section 99 of Chapter 272 of the General Laws) submitting a report relative to wiretaps for calendar year 2022,wiretap_interception,,,docket_only_no_text,,,,
,A report of the District Attorney of Worcester County (under Section 99 of Chapter 272 of the General Laws) submitting a report relative to wiretaps for calendar year 2022,wiretap_interception,,,docket_only_no_text,,,,
,A communication from the Hampden County District Attorney’s Office (see Section 99 of Chapter 272 of the General Laws) submitting a report relative to wiretaps for calendar year 2022,wiretap_interception,,,docket_only_no_text,,,,
,Special report of the Special Commission to Evaluate Government Use of Facial Recognition Technology (under Section 105 of Chapter 253 of the Acts of 2020 and most recently revived and continued by Section70 of Chapter 2 of the Acts of 2023) submitting its final report and appendices,facial_recognition,technology,,docket_only_no_text,,,,
,The annual report of the Norfolk County District Attorney’s Office (under Section 99(R) of Chapter 272 of the General Laws) submitting its report relative to wiretaps for calendar year 2023,wiretap_interception,,,docket_only_no_text,,,,
,A report of the District Attorney of Essex County (under Section 99 of Chapter 272 of the General Laws) submitting a report relative to wiretaps for calendar year 2023,wiretap_interception,,,docket_only_no_text,,,,
,A communication from the Hampden County District Attorney’s Office (see Section 99 of Chapter 272 of the General Laws) submitting a report relative to wiretaps for calendar year 2023,wiretap_interception,,,docket_only_no_text,,,,
,Annual report of wiretap interceptions for the 2023 calendar year,wiretap_interception,,,docket_only_no_text,,,,
,A communication from the District Attorney of the Cape and Islands District (see Section 99 of Chapter 272 of the General Laws) submitting a report relative to wiretaps for calendar year 2023,wiretap_interception,,,docket_only_no_text,,,,
,Worcester DA 2023 Wiretap Report,wiretap_interception,,,docket_only_no_text,,,,
,2023 Norfolk DA Wiretap Report,wiretap_interception,,,docket_only_no_text,,,,
,A report of the District Attorney of Worcester County (under Section 99 of Chapter 272 of the General Laws) submitting a report relative to wiretaps for calendar year 2023,wiretap_interception,,,docket_only_no_text,,,,
,Middlesex District Attorney 2023 Wiretap Report,wiretap_interception,,,docket_only_no_text,,,,
,Northwestern DA 2023 Wiretap Report,wiretap_interception,,,docket_only_no_text,,,,
,Modernizing information technology and enhancing cybersecurity,cybersecurity,information;technology,,docket_only_no_text,,,,
,A communication from the Northwestern District Attorney’s Office (see Section 99 of Chapter 272 of the General Laws) submitting a report relative to wiretaps for calendar year 2023,wiretap_interception,,,docket_only_no_text,,,,
,Bristol District Attorney 2023 Wiretap Report,wiretap_interception,,,docket_only_no_text,,,,
,A communication from the Bristol County District Attorney’s Office (see Section 99 of Chapter 272 of the General Laws) submitting a report relative to wiretaps for calendar year 2023,wiretap_interception,,,docket_only_no_text,,,,
H1049,An Act protecting consumers' privacy in mortgage applications,privacy,,,ok,Bill,2203,personal_information:1;consumer_privacy:1;privacy_generic:1,"e failure to clearly and conspicuously state in the initial phase of the solicitation that the solicitation is based on personal information about the consumer that was purchased, directly or indirectly, from a consumer reporting agency without the knowledge o"
H131,An Act fast-tracking adoptions for children in DCF custody,tracking,,,ok,Bill,459,,
H1428,An Act relative to personal information,personal_information,information,,ok,Bill,911,personal_information:2,"ss, or association shall publicly post or publicly display on the internet or make publicly available in any manner the personal information of any police officer, said police officer’s residing spouse or said police officer’s child without the consent of said"
H1442,An Act to protect the privacy of 911 callers,privacy,,,ok,Bill,1421,privacy_generic:1,"ed, except pursuant to a court order finding that the right of the public to the release of the recording outweighs the privacy interests of the individual who made the 911 call or any person involved in the facts or circumstances relating to the"
H1455,An Act relative to the tracking of certain electronic devices,tracking,electronic,,ok,Bill,3217,,
H1556,An Act relative to safety and privacy for elected officials,privacy,,,ok,Bill,729,,
H1572,An Act prohibiting motor vehicle tracking devices without consent,tracking,,,ok,Bill,2552,,
H1672,An Act to ensure backyard privacy,privacy,,,ok,Bill,1122,,
H1707,An Act relative to the malicious doxing of personal information,personal_information,information,,ok,Bill,5778,personal_information:9,"nt”, conduct constituting the crime of criminal harassment pursuant to section 43A of chapter 265 of the General Laws. “Personal information”, information that: (i) identifies, relates to or is reasonably capable of being associated with a specific individual"
H1722,An Act relative to wiretapping in the Commonwealth,wiretap_interception,,,ok,Bill,462,,
H1728,An Act to implement the recommendations of the special commission on facial recognition technology,facial_recognition,technology,,ok,Bill,11199,biometric:12;facial_recognition:37;surveillance:7,"n this section, the following words shall, unless the context clearly requires otherwise, have the following meanings: “Biometric surveillance technology”, any computer software that performs facial recognition or other remote biometric recognition."
H1760,An Act to establish a DNA exception rule for victims of rape,genetic,,,ok,Bill,262,,
H1786,An Act modernizing the Massachusetts wiretap law,wiretap_interception,,,ok,Bill,13535,personal_information:1;surveillance:2;wiretap_interception:2;privacy_generic:1,", sounds, data or intelligence of any nature transmitted in whole or in part by using a cellular telephone, smartphone, personal data assistant or similar device, but shall not include: (i) any communication made through a tone-only paging device; (ii)"
H1809,An Act prohibiting electronic tracking of motor vehicles,tracking,electronic,,ok,Bill,3460,,
H1893,An Act relative to social media privacy protection,privacy;social_media,,,ok,Bill,17888,,
H1976,"An Act to improve the quality of mental health services, and rights of patients, by providing for sufficient privacy.",privacy,,,ok,Bill,1757,privacy_generic:3,"apter: 1.) An Act to improve the quality of mental health services, and rights of patients, by providing for sufficient privacy. 2.) All individuals, who present themselves, for mental health services, and/or are admitted for such services, and/or"
H1986,Resolve relative to children’s mental health in social media,social_media,,,ok,Resolve,6157,personal_information:1;privacy_generic:3,ensure privacy in age verification; (3) data management best practices to mitigate the unauthorized access of a child’s personal information or data; and (4) tools and features that social media platforms may provide to prevent children from harm while using t
H2334,"An Act relative to tracking, tracing and stopping illegal firearms",tracking,,,ok,Bill,3644,,
H2336,An Act relative to the expansion of the state DNA database,genetic,,,ok,Bill,1793,,
H2342,An Act relative to lawfully owed DNA,genetic,,,ok,Bill,1478,,
H326,An Act to prohibit negative option sales and disclosure of financial and personal information without a consumer’s express agreement,personal_information,information,,ok,Bill,7180,personal_information:2,"eptive act or practice in violation of Chapter 93A. Section 117. Prohibited Disclosures (a) Disclosure of financial and personal information prohibited Except as otherwise expressly provided in this chapter, a financial institution, its officers, employees, ag"
H3404,An Act establishing driver privacy protections,privacy,,,ok,Bill,8209,data_privacy:1;geolocation:1;privacy_generic:1,"CTION 1. The General Laws are hereby amended by inserting after chapter 90J the following chapter:- CHAPTER 90K. DRIVER PRIVACY PROTECTIONS. Section 1. As used in this chapter, the following words shall have the following meanings unless the context clearly"
H3434,An Act relative to all-electronic tolling data privacy,privacy;data_privacy_protection,data;electronic,,ok,Bill,5071,geolocation:1,"er in connection with the assessment or collection of a toll, including, without limitation, GPS coordinates or vehicle location information, dates and times traveled, images, vehicle speed, and license plate numbers, existing in an any form or medium, whether"
H357,"An Act protecting reproductive health access, LGBTQ lives, religious liberty, and freedom of movement by banning the sale of cell phone location information",location_data,information,,ok,Bill,16257,data_privacy:1;geolocation:54;opt_out_privacy:1;privacy_generic:9,"ing in the 2018 Official Edition, are hereby amended by inserting after chapter 93K the following chapter: CHAPTER 93L. Privacy Protections for Location Information Derived from Electronic Devices Section 1. Definitions As used in this chapter, the following"
H377,An Act to protect patient privacy and prevent unfair and deceptive advertising of pregnancy-related services,privacy,,,ok,Bill,15090,personal_information:19;privacy_generic:2,"ssessment of a health condition. “Collect”, buying, renting, gathering, obtaining, receiving or otherwise accessing any personal information pertaining to an individual by any means, including, but not limited to, obtaining information from an individual, eith"
H4299,"Extension Order - Advanced Information Technology, the Internet and Cybersecurity",cybersecurity,information;internet;technology,,ok,Extension Order,337,,
H4323,An Act to protect the privacy of 911 callers,privacy,,,ok,Bill,2238,personal_information:1;privacy_generic:1;record_nondisclosure:1,"costs related to transcript preparation. Before providing the transcript, the name, address, telephone number and other personally identifying information of the caller or any person involved in the facts or circumstances relating to the 911 call may be redacted."
H4359,An Act to implement the recommendations of the special commission on facial recognition technology,facial_recognition,technology,,ok,Bill,11469,biometric:12;facial_recognition:38;surveillance:7,"n this section, the following words shall, unless the context clearly requires otherwise, have the following meanings: “Biometric surveillance technology”, any computer software that performs facial recognition or other remote biometric recognition."
H4536,"Extension Order - Advanced Information Technology, the Internet and Cybersecurity",cybersecurity,information;internet;technology,,ok,Extension Order,330,,
H4632,An Act establishing the Massachusetts Data Privacy Act,privacy;data_privacy_protection,data,J33,ok,Bill,96301,personal_information:11;data_privacy:5;data_broker:22;biometric:7;geolocation:56;genetic_privacy:5;sale_of_data:1;opt_out_privacy:8;privacy_generic:51,"ividual’s freely given, specific, informed, and unambiguous agreement to allow the processing of specific categories of personal information relating to the individual for a narrowly defined particular purpose after having been informed, in response to a speci"
H4836,An Act to establish a DNA exception rule for victims of rape,genetic,,,ok,Bill,1231,,
H4844,An Act providing protections for reproductive or gender-affirming care location information,location_data,information,,ok,Bill,15030,data_privacy:1;geolocation:38;privacy_generic:8,"ter chapter 93l the 2 following chapter:- 3 chapter 93m. 4 reproductive or gender-affirming care location information 5 privacy protections 6 section 1. as used in this chapter, the following words shall, unless the context clearly 7 requires otherwise, have"
H532,An Act relative to student and educator data privacy,privacy;data_privacy_protection,data,,ok,Bill,20604,personal_information:4;data_privacy:5;biometric:1;geolocation:1;data_protection:1;security_breach:4;privacy_generic:11,"aphs; voice recordings; and persistent unique identifiers. “De-identified data”, records and information from which all personally identifiable information has been removed or obscured such that the remaining information does not reasonably identify a specific individual, in"
H60,An Act establishing the Massachusetts information privacy and security act,privacy,information,J33,ok,Bill,109390,personal_information:246;data_privacy:8;data_broker:31;biometric:5;geolocation:5;genetic_privacy:3;sale_of_data:19;opt_out_privacy:12;security_breach:4;right_to_privacy:3;privacy_generic:48;record_nondisclosure:1,"etina or iris scan, fingerprint, voiceprint, map or scan of hand or face geometry, vein pattern, gait pattern, or other personal information generated from the specific technical processing of an individual’s unique biological or physiological patterns or char"
H63,An Act to protect biometric information,biometric,information,J33,ok,Bill,17428,data_privacy:1;biometric:66;security_breach:1;surveillance:1;privacy_generic:8,"ing in the 2020 Official Edition, are hereby amended by inserting after chapter 93L the following chapter: CHAPTER 93M. Privacy Protections for Biometric Information Section 1. Definitions a. As used in this chapter, the following words shall, unless the con"
H655,"An Act requiring dignity, privacy, and safety for residents in nursing homes and rest homes",privacy,,,ok,Bill,2071,privacy_generic:1,"rivate room shall be defined by regulation promulgated by the department, but shall be sufficiently spacious to provide privacy for each resident, space for facility equipment, beds, supplies, television, personal item and clothing storage and sea"
H73,An Act relative to the interception of wire and oral communications,wiretap_interception,,J33,ok,Bill,4235,surveillance:1,"violent acts, and holding these groups and individuals responsible for such acts, requires the use of modern electronic surveillance devices. Therefore, the general court finds that the use of such devices by law enforcement officials, as it relates to"
H76,An Act relative to protecting sensitive information from security breaches,data_security_breach,information,J33,ok,Bill,10015,personal_information:20;biometric:3;geolocation:5;genetic_privacy:2;security_breach:14,"provided, however, that such unauthorized acquisition or use compromises the security, confidentiality, or integrity of personal information maintained by a person or agency; and provided further, that a good faith but unauthorized acquisition of personal info"
H80,An Act relative to internet privacy rights for children,privacy,internet,J33,ok,Bill,11787,personal_information:1,"mobile application shall not knowingly use, disclose, compile, or allow a third party to use, disclose or compile, the personal information of a minor with actual knowledge that the use, disclosure or compilation is for the purpose of marketing or advertising"
H83,An Act to establish the Massachusetts data privacy protection act,privacy;data_privacy_protection,data,J33,ok,Bill,88425,personal_information:11;data_privacy:5;data_broker:23;biometric:9;geolocation:4;facial_recognition:2;genetic_privacy:4;sale_of_data:1;opt_out_privacy:5;surveillance:1;electronic_monitoring:26;privacy_generic:49,e is reasonably necessary to enable the third party to provide a benefit to which the consumer is entitled; the sale of personal data to third parties is clearly disclosed in the terms of the program; and the third party uses the personal data only for
S1022,An Act to protect the privacy of 911 callers,privacy,,,ok,Bill,1372,privacy_generic:1,"ed, except pursuant to a court order finding that the right of the public to the release of the recording outweighs the privacy interests of the individual who made the 911 call or any person involved in the facts or circumstances relating to the"
S1060,An Act to provide a DNA exception for statute of limitations on sex offenses,genetic,,,ok,Bill,562,,
S1075,An Act updating the Commonwealth's wiretap statutes,wiretap_interception,,,ok,Bill,2973,surveillance:2;privacy_generic:1,"rime as described in clause 7 of paragraph B. Therefore, law enforcement officials may use modern methods of electronic surveillance, under strict judicial supervision, when investigating those specific crimes. The general court further finds that the"
S1093,"An Act providing a defense to prosecution for violations of the wiretap law for interceptions made to make a record of threats, harassment or other crimes",wiretap_interception,,,ok,Bill,1915,,
S1123,An Act relative to the tracking of medical malpractice cases,tracking,,,ok,Bill,496,,
S1128,An Act updating the wiretap statutes in the Commonwealth,wiretap_interception,,,ok,Bill,13536,personal_information:1;surveillance:2;wiretap_interception:2;privacy_generic:1,", sounds, data or intelligence of any nature transmitted in whole or in part by using a cellular telephone, smartphone, personal data assistant or similar device, but shall not include: (i) any communication made through a tone-only paging device; (ii)"
S1141,An Act relative to the length of wiretap warrants,wiretap_interception,,,ok,Bill,453,,
S1368,An Act relative to patient identity and privacy protection in waiting rooms,privacy,,,ok,Bill,806,,
S140,An Act relative to protecting biometric information under the security breach law,biometric;data_security_breach,information,,ok,Bill,762,biometric:2;genetic_privacy:1,"ring in the 2020 Official Edition, is hereby amended by inserting after the second paragraph the following paragraph:- “Biometric indicator”, any unique biological attribute or measurement that can be used to authenticate the identity of an individu"
S148,"An Act protecting reproductive health access, LGBTQ lives, religious liberty, and freedom of movement by banning the sale of cell phone location information",location_data,information,,ok,Bill,16257,data_privacy:1;geolocation:54;opt_out_privacy:1;privacy_generic:9,"ing in the 2018 Official Edition, are hereby amended by inserting after chapter 93K the following chapter: CHAPTER 93L. Privacy Protections for Location Information Derived from Electronic Devices Section 1. Definitions As used in this chapter, the following"
S1528,An Act permitting familial searching and partial DNA matches in investigating certain unsolved crimes,genetic,,,ok,Bill,9509,privacy_generic:1,"ict law enforcement use of any DNA records disclosed by the lab as a result of the above search steps and to ensure the privacy of any individuals who are identified by the lab as potential familial leads; and, iv) the circumstances in which out-o"
S1551,An Act to promote transparency of facial recognition and driver's license photos,facial_recognition,,,ok,Bill,701,facial_recognition:2,"ing commonwealth investigative or law enforcement officers’ searches of driver’s license and ID photos through targeted face recognition. The notices, written information, and online information must address how officers' use and access targeted face recog"
S1554,An Act relative to lawfully owed DNA,genetic,,,ok,Bill,1331,,
S1587,An Act relative to the expansion of the state DNA database,genetic,,,ok,Bill,5688,,
S174,An Act to protect patient privacy and prevent unfair and deceptive advertising of pregnancy-related services,privacy,,,ok,Bill,15160,personal_information:19;privacy_generic:2,"ssessment of a health condition. “Collect”, buying, renting, gathering, obtaining, receiving or otherwise accessing any personal information pertaining to an individual by any means, including, but not limited to, obtaining information from an individual, eith"
S1892,An Act taxing the mental health impacts of social media,social_media,,,ok,Bill,12142,,
S1896,An Act to increase accountability in the sale of personal data,personal_information,data,,ok,Bill,6957,personal_information:14;biometric:1;sale_of_data:3,"foreign and domestic entities, that generates gross income of the business from selling or exchanging for consideration personal information of individuals located in the Commonwealth and has gross income attributable to the sale, or exchange for consideration"
S194,An Act to protect the privacy of lottery winners,privacy,,,ok,Bill,1082,record_nondisclosure:1,"law to the contrary, the name, address or other identifying information of any holder of a winning lottery ticket shall not be deemed public records of the commission and shall not be subject to section 10 of chapter 66. The commission shall not publicly disclose the"
S195,An Act to protect personal biometric data,biometric,data,J33,ok,Bill,7615,personal_information:1;data_privacy:1;biometric:48;genetic_privacy:1;privacy_generic:1,"ace of entertainment, a retail store, or a food and drink establishment. ""Confidential and sensitive information"" means personal information that can be used to uniquely identify an individual or an individual's account or property. Examples of confidential an"
S209,An Act to ensure driver privacy with electronic tolling,privacy,electronic,,ok,Bill,3206,,
S218,An Act ensuring internet security and privacy,privacy,internet,,ok,Bill,1204,personal_information:2,"eement, or otherwise operates in the commonwealth of Massachusetts may collect, use, disclose or otherwise disseminate, personal information from a customer resulting from the customer’s use of the telecommunications or internet service provider without expres"
S227,An Act establishing the Massachusetts Information Privacy and Security Act,privacy,information,J33,ok,Bill,109390,personal_information:246;data_privacy:8;data_broker:31;biometric:5;geolocation:5;genetic_privacy:3;sale_of_data:19;opt_out_privacy:12;security_breach:4;right_to_privacy:3;privacy_generic:48;record_nondisclosure:1,"etina or iris scan, fingerprint, voiceprint, map or scan of hand or face geometry, vein pattern, gait pattern, or other personal information generated from the specific technical processing of an individual’s unique biological or physiological patterns or char"
S25,An Act establishing the Massachusetts Data Privacy Protection Act,privacy;data_privacy_protection,data,J33,ok,Bill,90069,personal_information:11;data_privacy:5;data_broker:23;biometric:9;geolocation:4;facial_recognition:2;genetic_privacy:4;sale_of_data:1;opt_out_privacy:5;surveillance:1;electronic_monitoring:26;privacy_generic:49,reasonably necessary to enable the third party to provide a benefit to which the consumer is entitled; (ii)the sale of personal data to third parties is clearly disclosed in the terms of the program; and (iii)the third party uses the personal data only
S2539,An Act relative to cybersecurity and artificial intelligence,cybersecurity,artificial_intelligence,J33,ok,Bill,71043,personal_information:20;biometric:3;geolocation:5;genetic_privacy:3;data_protection:1;security_breach:18;surveillance:3;privacy_generic:1;record_nondisclosure:2,"provided, however, that such unauthorized acquisition or use compromises the security, confidentiality, or integrity of personal information maintained by a person or agency; and provided further, that a good faith but unauthorized acquisition of personal info"
S2770,An Act establishing the Massachusetts Data Privacy Act,privacy;data_privacy_protection,data,J33,ok,Bill,96447,personal_information:11;data_privacy:5;data_broker:22;biometric:7;geolocation:56;genetic_privacy:5;sale_of_data:1;opt_out_privacy:8;privacy_generic:51,"ividual’s freely given, specific, informed, and unambiguous agreement to allow the processing of specific categories of personal information relating to the individual for a narrowly defined particular purpose after having been informed, in response to a speci"
S280,An Act relative to student and educator data privacy,privacy;data_privacy_protection,data,,ok,Bill,20604,personal_information:4;data_privacy:5;biometric:1;geolocation:1;data_protection:1;security_breach:4;privacy_generic:11,"aphs; voice recordings; and persistent unique identifiers. “De-identified data”, records and information from which all personally identifiable information has been removed or obscured such that the remaining information does not reasonably identify a specific individual, in"
S2811,Enhancing Cybersecurity Protections and Response in the Commonwealth,cybersecurity,,,ok,Amendment,24471,security_breach:2;record_nondisclosure:2,"s through analysis in an automated manner; and (3) use model inference to formulate options for information or action. “Breach of security”, shall have the same meaning as defined in section 1 of chapter 93H. “Covered Entity"", shall mean (i) any governmental"
S30,An Act relative to protecting sensitive information from security breaches,data_security_breach,information,J33,ok,Bill,10038,personal_information:20;biometric:3;geolocation:5;genetic_privacy:2;security_breach:14,"provided, however, that such unauthorized acquisition or use compromises the security, confidentiality, or integrity of personal information maintained by a person or agency; and provided further, that a good faith but unauthorized acquisition of personal info"
S36,An Act establishing a Cybersecurity Control and Review Commission,cybersecurity,,J33,ok,Bill,4390,data_protection:1,"the senate that contains recommendations to ensure the sustainability of the commonwealth’s critical infrastructure and data protection cybersecurity standards and preparedness. (g) Annually, not later than December 31, the commission shall make a condens"
S560,An Act establishing tracking and reporting requirements for Massachusetts transportation fuels and associated greenhouse gas emissions,tracking,,,ok,Bill,1088,,
S927,An Act to implement the recommendations of the special commission on facial recognition technology,facial_recognition,technology,,ok,Bill,11246,biometric:12;facial_recognition:37;surveillance:7,"n this section, the following words shall, unless the context clearly requires otherwise, have the following meanings: “Biometric surveillance technology”, any computer software that performs facial recognition or other remote biometric recognition."
S938,An Act to protect the privacy of crime victims,privacy,,,ok,Bill,1351,record_nondisclosure:2,"information received, obtained or maintained by the division in connection with any claim for crime victim compensation shall be confidential and privileged, and shall not be disclosed by the division or by anyone who receives such records or information from t"
S961,An Act strengthening identity theft laws,identity_theft,,,ok,Bill,826,,
S971,An Act relative to the malicious doxing of personal information,personal_information,information,,ok,Bill,5793,personal_information:9,"nt”, conduct constituting the crime of criminal harassment pursuant to section 43A of chapter 265 of the General Laws. “Personal information”, information that: (i) identifies, relates to or is reasonably capable of being associated with a specific individual"
,An Act relative to access to a decedent's electronic mail accounts,,electronic,,docket_only_no_text,,,,
,An Act to promote housing data reporting,,data,,docket_only_no_text,,,,
,An Act expanding opportunities for individuals in the criminal offender record information system,,information,,docket_only_no_text,,,,
,An Act regarding death certificates online,,online,,docket_only_no_text,,,,
,An Act regarding death certificates online,,online,,docket_only_no_text,,,,
,An Act supporting the dissemination of public information on Long COVID,,information,,docket_only_no_text,,,,
,A quarterly report of the Sheriff’s Department of Plymouth County (under Section 40 of Chapter 126 of the General Laws) submitting the aggregate data on the population of the Plymouth County Correctional Facility for the fourth quarter of the calendar year 2022,,data,,docket_only_no_text,,,,
,"A communication from the Office of the Norfolk County Registry of Deeds (see Section 2KKK of Chapter 29 of the General Laws) submitting the County Registers Technology Fund fifty-first planned expenditure [copies of the communication were forwarded to the committees on Ways and Means and Post Audit and Oversight, as required by said law]",,technology,,docket_only_no_text,,,,
,A communication from the Massachusetts District Attorneys Association (see item 0340-2100 of Chapter 126 of the Acts of 2022) submitting its data from the District Attorneys relative to their criminal prosecutions and workloads for calendar year 2022,,data,,docket_only_no_text,,,,
,EOLWD Online Delivery System for UI Benefits 6th Report,,online,,docket_only_no_text,,,,
,A communication from the Massachusetts Technology Transfer Center (Mass Ventures) (see Section 45B of Chapter 75 of the General Laws) submitting the Acorn Innovation Fund Report for fiscal year 2023,,technology,,docket_only_no_text,,,,
,"A communication from the Lowell Regional Transit Authority (under Section 8(g) of Chapter 161B of the General Laws) submitting financial statements, supplementary information, and a schedule of expenditures of federal awards and OMB uniform guidance auditors’ reports for fiscal year 2022",,information,,docket_only_no_text,,,,
,The sixth quarterly report of the Executive Office of Labor and Workforce Development (under item 1790-3009 of Section 2 of Chapter 151 of the Acts of 2020) regarding the comprehensive modernization and transformation for the deployment of an online delivery system for unemployment insurance compensation benefits,,online,,docket_only_no_text,,,,
,"A statement of available resources and expenditures - statutory basis - and additional information regarding the joint accounts of the General Court for the Fiscal Year ended June 30, 2019",,information,,docket_only_no_text,,,,
,DCJIS FY22 Criminal Offender Record Information Annual Report,,information,,docket_only_no_text,,,,
,"A communication from the Greater Attleboro-Taunton Regional Transit Authority (see Section 8(g) of Chapter 161B of the General Laws) submitting financial statements, supplementary information, and a schedule of expenditures of federal awards and OMB uniform guidance auditors’ reports for fiscal year 2022",,information,,docket_only_no_text,,,,
,"A communication from the Montachusett Regional Transit Authority (see Section 8(g) of Chapter 161B of the General Laws) submitting financial statements, supplementary information, and a schedule of expenditures of federal awards and OMB uniform guidance auditors’ reports for fiscal year 2022",,information,,docket_only_no_text,,,,
,Annual report of the Department of Criminal Justice Information Services (under Section 168 of Chapter 6 of the General Laws) summarizing the status of the complaints reviewed by the Criminal Record Review Board,,information,,docket_only_no_text,,,,
,Annual report of the Department of Criminal Justice Information Services (under Section 168 of Chapter 6 of the General Laws) submitting the Commissioner Approved Access to Criminal Offender Record Information (CORI),,information,,docket_only_no_text,,,,
,A report of the Massachusetts District Attorneys Association (under item 0340-2100 of Chapter 24 of the Acts of 2021) submitting the amended and final Disabled Persons Protection Commission data for fiscal year 2022,,data,,docket_only_no_text,,,,
,A quarterly report of the Sheriff’s Department of Plymouth County (under Section 40 of Chapter 126 of the General Laws) submitting the aggregate data on the population of the Plymouth County Correctional Facility for the first quarter of the calendar year 2023,,data,,docket_only_no_text,,,,
,"A communication from the State Retiree Benefits Trust (“HST”) Board (see Section 24(f) of Chapter 32A of the General Laws) submitting the approved budget for said board for fiscal year 2024 [a copy of the communication was forwarded to the committee on Public Service, for their information]",,information,,docket_only_no_text,,,,
,A communication from the Executive Office of Health and Human Services (see Section 15 of Chapter 118I of the General Laws) submitting the annual report of the Health Information Technology Council for the calendar year 2022,,information;technology,,docket_only_no_text,,,,
,A report of the MetroWest Regional Transit Authority (under Section 8(g) of Chapter 161B of the General Laws) submitting financial statements and supplementary information for fiscal year 2022,,information,,docket_only_no_text,,,,
,The annual report of the Executive Office of Technology Services and Security (under Section 13 of Chapter 69 of the Acts of 2018) on data collection and reporting in the criminal justice system,,data;technology,,docket_only_no_text,,,,
,JRPOB FY23 Criminal Justice System Data Report,,data,,docket_only_no_text,,,,
,DPH 2020 Birth Data Annual Report,,data,,docket_only_no_text,,,,
,A quarterly report of the Sheriff’s Department of Plymouth County (under Section 84 of Chapter 69 of the Acts of 2018) submitting the aggregate data on the population of the Plymouth County Correctional Facility for the second quarter of calendar year 2023,,data,,docket_only_no_text,,,,
,A communication from the Department of Transitional Assistance (see Section 2 of Chapter 18 of the General Laws) submitting a report entitled: Electronic Benefit Transfer (EBT) Photo Requirements Exemptions,,electronic,,docket_only_no_text,,,,
,Plymouth County Sheriff 2023 Q2 Population Data Report,,data,,docket_only_no_text,,,,
,EOLWD Online Delivery System for UI Benefits 7th Report,,online,,docket_only_no_text,,,,
,A quarterly report of the Executive Office of Labor and Workforce Development (under item 1790-3009 of Section 2 of Chapter 151 of the Acts of 2020) submitting its seventh quarterly report relative to the comprehensive modernization and transformation for the deployment of an online delivery system for unemployment insurance compensation benefits,,online,,docket_only_no_text,,,,
,DPH 2021 Birth Data Annual Report,,data,,docket_only_no_text,,,,
,A communication from the Department of Public Health (see Section 2 of Chapter 111 of the General Laws) submitting a report summarizing the birth data and statistics for calendar year 2021,,data,,docket_only_no_text,,,,
,"A communication from the Department of Energy Resources (see Section 10 of Chapter 25B of the General Laws) of the effectiveness of energy efficiency in the Commonwealth [a copy of the report was forwarded to the committee on Telecommunications, Utilities and Energy, as required by said law]",,telecommunications,,docket_only_no_text,,,,
,Plymouth County Sheriff 2023 Q3 Population Data Report,,data,,docket_only_no_text,,,,
,"A communication from the Berkshire Regional Transit Authority (see Section 8(g) of Chapter 161B of the General Laws) submitting its financial statements and supplementary information for fiscal years ending June 30, 2022, and June 30, 2023",,information,,docket_only_no_text,,,,
,"A communication from the Berkshire Regional Transit Authority (see Section 8(g) of Chapter 161B of the General Laws) submitting financial statements, supplementary information, and a schedule of expenditures of federal awards and OMB uniform guidance auditors’ reports for fiscal year ending June 30, 2023",,information,,docket_only_no_text,,,,
,A quarterly report of the Sheriff’s Department of Plymouth County (under Section 40 of Chapter126 of the General Laws) submitting the aggregate data on the population of the Plymouth County Correctional Facility for the third quarter of calendar year 2023,,data,,docket_only_no_text,,,,
,A communication from the Massachusetts Technology Development Corporation (Mass Ventures) (see Section 6 of Chapter 40G of the General Laws) submitting financial statements for fiscal year 2023,,technology,,docket_only_no_text,,,,
,"A communication from the Pioneer Valley Transit Authority (see Section 8(g) of Chapter 161B of the General Laws) submitting its financial statements and supplementary information for fiscal years ending June 30, 2022, and June 30, 2023",,information,,docket_only_no_text,,,,
,"A communication from the Pioneer Valley Transit Authority (see Section 8(g) of Chapter 161B of the General Laws) submitting financial statements, supplementary information, and a schedule of expenditures of federal awards and OMB uniform guidance auditors’ reports for fiscal year ending June 30, 2023",,information,,docket_only_no_text,,,,
,EOLWD Online Delivery System for UI Benefits 8th Report,,online,,docket_only_no_text,,,,
,A quarterly report of the Executive Office of Labor and Workforce Development (under item 1790-3009 of Section 2 of Chapter 151 of the Acts of 2020) submitting its eighth quarterly report relative to the comprehensive modernization and transformation for the deployment of an online delivery system for unemployment insurance compensation benefits,,online,,docket_only_no_text,,,,
,A communication from the Department of Telecommunications and Cable (see Section 6 of Chapter 25C of the General Laws) submitting the annual report for said department for fiscal year 2023,,telecommunications,,docket_only_no_text,,,,
,A communication from the Executive Office of Public Safety and Security (see item 8900-0001 of Chapter 28 of the Acts of 2023) submitting the second quarterly data report of the Massachusetts Department of Correction for fiscal year 2023,,data,,docket_only_no_text,,,,
,A communication from the Executive Office of Public Safety and Security (see item 8900-0001 of Section 2 of Chapter 28 of the Acts of 2023) submitting the fourth quarter data report of the Department of Correction for calendar year 2022,,data,,docket_only_no_text,,,,
,Communication from the Department of Correction (pursuant to item 8900-0001 of Section 2 of Chapter 126 of the Acts of 2022) submitting its quarterly corrections data report for the fourth quarter of calendar year 2022,,data,,docket_only_no_text,,,,
,An Act relating to access to motor vehicle data by the owner or designee of a motor vehicle,,data;right_to_repair,,docket_only_no_text,,,,
,EOPSS 2021 Electronic Control Weapons Report,,electronic,,docket_only_no_text,,,,
,A communication from the Executive Office of Public Safety and Security (see Section 2 of Chapter 170 of the Acts of 2004) submitting its annual report examining data reported by Massachusetts law enforcement agencies with approved electronic control weapons training programs for calendar year 2021,,data;electronic,,docket_only_no_text,,,,
,"A statement of available resources and expenditures - statutory basis - and additional information regarding the House of Representatives for the Fiscal Year ended June 30, 2021",,information,,docket_only_no_text,,,,
,"A statement of available resources and expenditures - statutory basis - and additional information regarding the joint accounts of the General Court for the Fiscal Year ended June 30, 2021",,information,,docket_only_no_text,,,,
,Plymouth County Sheriff 2023 Q4 Population Data Report,,data,,docket_only_no_text,,,,
,DPH 2023 Priority Public Health Trends from the Public Health Data Warehouse Report,,data,,docket_only_no_text,,,,
,A report of the Department of Public Health (under Section 237 of Chapter 111 of the General Laws) submitting its 2023 Report on Priority Public Health Trends from the Public Health Data Warehouse,,data,,docket_only_no_text,,,,
,An Act relative to artificial intelligence disclosure,,artificial_intelligence,,docket_only_no_text,,,,
,A communication from the Executive Office of Public Safety and Security (see item 8900-0001 of Chapter 28 of the Acts of 2023) submitting the third quarter data report of the Department of Correction for fiscal year 2023,,data,,docket_only_no_text,,,,
,Communication from the Department of Correction (pursuant to item 8900-0001 of Section 2 of Chapter 28 of the Acts of 2023) submitting its quarterly corrections data report for the third quarter of calendar year 2023,,data,,docket_only_no_text,,,,
,A report of the Massachusetts District Attorneys Association (under item 0340-2100 of Section 2 of Chapter 28 of the Acts of 2023) submitting its data from the District Attorneys relative to their criminal prosecutions and workloads for calendar year 2023,,data,,docket_only_no_text,,,,
,A quarterly report of the Sheriff’s Department of Plymouth County (under Section 40 of Chapter 126 of the General Laws) submitting the aggregate data on the population of the Plymouth County Correctional Facility for the fourth quarter of calendar year 2023,,data,,docket_only_no_text,,,,
,A communication from the Center for Health Information and Analysis (see Section 24 of Chapter 12C of the General Laws) submitting its continuous skilled nursing (CSN) care biennial report,,information,,docket_only_no_text,,,,
,"A communication from the Cape Cod Regional Transit Authority (see Section 8(g) of Chapter 161B of the General Laws) submitting financial statements, supplementary information, and a schedule of expenditures of federal awards and OMB uniform guidance auditors’ reports for fiscal year ending June 30, 2023",,information,,docket_only_no_text,,,,
,"A communication from the Nantucket Regional Transit Authority (see Section 8(g) of Chapter 161B of the General Laws) submitting financial statements, supplementary information, and a schedule of expenditures of federal awards and OMB uniform guidance auditors’ reports for fiscal year ending June 30, 2023 and 2022",,information,,docket_only_no_text,,,,
,A communication from the Massachusetts Department of Transportation (see Section 6C of Chapter 25 of the General Laws) submitting its annual report of the project information system and performance measurement report for calendar year 2023,,information,,docket_only_no_text,,,,
,A communication from the Executive Office of Technology Services and Security (see item 1790-0100 of Section 2 of Chapter 28 of the Acts of 2023) submitting its annual report on data collection and reporting in the criminal justice system,,data;technology,,docket_only_no_text,,,,
,EOLWD Online Delivery System for UI Benefits 9th Report,,online,,docket_only_no_text,,,,
,A report of the Massachusetts District Attorneys Association (under item 0340-2100 of Section 2 of Chapter 28 of the Acts of 2023) submitting Disabled Persons Protection Commission data for fiscal year 2023,,data,,docket_only_no_text,,,,
,A quarterly report of the Executive Office of Labor and Workforce Development (under item 1790-3009 of Section 2 of Chapter 151 of the Acts of 2020) submitting its ninth quarterly report relative to the comprehensive modernization and transformation for the deployment of an online delivery system for unemployment insurance compensation benefits,,online,,docket_only_no_text,,,,
,A communication from the Massachusetts Technology Transfer Center (Mass Ventures) (see Section 45B of Chapter 75 of the General Laws) submitting the Acorn Innovation Fund Report for fiscal year 2024,,technology,,docket_only_no_text,,,,
,Communication from the Department of Correction (pursuant to item 8900-0001 of Section 2 of Chapter 28 of the Acts of 2023) submitting its quarterly corrections data report for the fourth quarter of calendar year 2023,,data,,docket_only_no_text,,,,
,A communication from the Executive Office of Public Safety and Security (see item 8900-0001 Section 2 of Chapter 28 of the Acts of 2023) submitting the fourth quarter data report of the Department of Correction for calendar year 2023,,data,,docket_only_no_text,,,,
,"A communication from the Merrimack Valley Regional Transit Authority (see Section 8(g) of Chapter 161B of the General Laws) submitting financial statements, supplementary information, and a schedule of expenditures of federal awards and OMB uniform guidance auditors’ reports for fiscal year 2023",,information,,docket_only_no_text,,,,
,A quarterly report of the Sheriff’s Department of Plymouth County (under Section 40 of Chapter 126 of the General Laws) submitting the aggregate data on the population of the Plymouth County Correctional Facility for the first quarter of calendar year 2024,,data,,docket_only_no_text,,,,
,Communication from the Department of Economic Research relative to its May 2024 Unemployment Insurance Trust Fund data,,data,,docket_only_no_text,,,,
,"A communication from the Greater Attleboro-Taunton Regional Transit Authority (see Section 8(g) of Chapter 161B of the General Laws) submitting financial statements, supplementary information, and a schedule of expenditures of federal awards and OMB uniform guidance auditors’ reports for fiscal year 2023",,information,,docket_only_no_text,,,,
,"A communication from the Office of the Bristol County Registry of Deeds, Southern District (see Section 2KKK of Chapter 29 of the General Laws) submitting the County Registers Technology Fund request for funds [copies of the communication were forwarded to the committee on Ways and Means and the committee on Post Audit and Oversight, as required by said law]",,technology,,docket_only_no_text,,,,
,A communication from the Executive Office of Health and Human Services (see Section 15 of Chapter 118I of the General Laws) submitting the annual report of the Health Information Technology Council for the calendar year 2023,,information;technology,,docket_only_no_text,,,,
,Order relative to procedures to be followed when considering the House Bill to provide for the future information technology needs of Massachusetts,,information;technology,,docket_only_no_text,,,,
,"A communication from the Barnstable County Registry of Deeds (see Section 2KKK of Chapter 29 of the General Laws) submitting the County Registers Technology Fund plan for expenditure of funds [copies of the communication were forwarded to the committees on Ways and Means and Post Audit and Oversight, as required by said law]",,technology,,docket_only_no_text,,,,
,The annual report of the MetroWest Regional Transit Authority (under Section 8(g) of Chapter 161B of the General Laws) submitting financial statements and supplementary information for fiscal year 2023,,information,,docket_only_no_text,,,,
,A communication from the Massachusetts Gaming Commission submitting its 2023 annual report (see S2824 for electronic copy),,electronic,,docket_only_no_text,,,,
,"A communication from the State Retiree Benefits Trust (“HST”) Board (see Section 24(f) of Chapter 32A of the General Laws) submitting the approved budget for said board for fiscal year 2025 [a copy of the communication was forwarded to the committee on Public Service, for their information]",,information,,docket_only_no_text,,,,
,A quarterly report of the Sheriff’s Department of Plymouth County (under Section 40 of Chapter 126 of the General Laws) submitting the aggregate data on the population of the Plymouth County Correctional Facility for the second quarter of calendar year 2024,,data,,docket_only_no_text,,,,
,A communication from the Justice Reinvestment Policy Oversight Board (see Section 11 of Chapter 7D of the General Laws) submitting the annual report on the collection of data and the compliance with justice reinvestment policies for fiscal year 2024,,data,,docket_only_no_text,,,,
,"A statement of available resources and expenditures - statutory basis and supplementary information regarding the House of Representatives for the Fiscal Year ended June 30, 2022",,information,,docket_only_no_text,,,,
,"A statement of available resources and expenditures - statutory basis - and supplementary information regarding the joint accounts of the General Court for the Fiscal Year ended June 30, 2022",,information,,docket_only_no_text,,,,
,"A communication from the Berkshire Regional Transit Authority (see Section 8(g) of Chapter 161B of the General Laws) submitting its financial statements and supplementary information for fiscal years ending June 30, 2023, and June 30, 2024",,information,,docket_only_no_text,,,,
,"A communication from the Berkshire Regional Transit Authority (see Section 8(g) of Chapter 161B of the General Laws) submitting financial statements, supplementary information, and a schedule of expenditures of federal awards and OMB uniform guidance auditors’ reports for fiscal year ending June 30, 2024",,information,,docket_only_no_text,,,,
,"A communication from the Franklin Regional Transit Authority (see Section 8(g) of Chapter 161B of the General Laws) submitting its financial statements and supplementary information for fiscal years ending June 30, 2023, and June 30, 2024",,information,,docket_only_no_text,,,,
,"A communication from Franklin Regional Transit Authority (see Section 8(g) of Chapter 161B of the General Laws) submitting financial statements, supplementary information, and a schedule of expenditures of federal awards and OMB uniform guidance auditors’ reports for fiscal year ending June 30, 2024",,information,,docket_only_no_text,,,,
,A quarterly report of the Sheriff’s Department of Plymouth County (under Section 40 of Chapter 126 of the General Laws) submitting the aggregate data on the population of the Plymouth County Correctional Facility for the third quarter of calendar year 2024,,data,,docket_only_no_text,,,,
,"A communication from the Department of Energy Resources (see Section 10 of Chapter 25B of the General Laws) of the effectiveness of energy efficiency in the Commonwealth [a copy of the report was forwarded to the committee on Telecommunications, Utilities and Energy, as required by said law]",,telecommunications,,docket_only_no_text,,,,
,A communication from the Massachusetts Technology Development Corporation (Mass Ventures) (see Section 6 of Chapter 40G of the General Laws) submitting financial statements for fiscal year 2024,,technology,,docket_only_no_text,,,,
,"A communication from the Pioneer Valley Transit Authority (see Section 8(g) of Chapter 161B of the General Laws) submitting its financial statements and supplementary information for fiscal years ending June 30, 2023, and June 30, 2024",,information,,docket_only_no_text,,,,
,"A communication from the Pioneer Valley Transit Authority (see Section 8(g) of Chapter 161B of the General Laws) submitting financial statements, supplementary information, and a schedule of expenditures of federal awards and OMB uniform guidance auditors’ reports for fiscal year ending June 30, 2024",,information,,docket_only_no_text,,,,
,Department of Telecommunications and Cable FY24 Annual Report,,telecommunications,,docket_only_no_text,,,,
,A communication from the Department of Telecommunications and Cable (see Section 6 of Chapter 25C of the General Laws) submitting its annual report for fiscal year 2024,,telecommunications,,docket_only_no_text,,,,
,Communication from the Executive Office of Public Safety and Security relative to the appointment of Jeff Farnsworth (pursuant to Chapter 135 of the Acts of 2024) to the Special Commission on Emerging Firearms Technology,,technology,,docket_only_no_text,,,,
,"A communication from the Martha’s Vineyard Transit Authority (see Section 8(g) of Chapter 161B of the General Laws) submitting its financial statements and supplementary information for fiscal years ending June 30, 2023, and June 30, 2024",,information,,docket_only_no_text,,,,
,"A communication from the Martha’s Vineyard Transit Authority (see Section 8(g) of Chapter 161B of the General Laws) submitting financial statements, supplementary information, and a schedule of expenditures of federal awards and OMB uniform guidance auditors’ reports for fiscal year ending June 30, 2024",,information,,docket_only_no_text,,,,
,FY23 Charter School Data Annual Report,,data,,docket_only_no_text,,,,
,FY24 Charter School Data Annual Report,,data,,docket_only_no_text,,,,
,A communication from the Department of Elementary and Secondary Education (see Section 89(kk) of Chapter 71 of the General Laws) submitting the Charter School Data annual report for fiscal year 2024,,data,,docket_only_no_text,,,,
,A communication from the Department of Elementary and Secondary Education (see Section 89(kk) of Chapter 71 of the General Laws) submitting the Charter School Data annual report for fiscal year 2023,,data,,docket_only_no_text,,,,
,A communication from the Department of Public Health (see Section 2 of Chapter 111 of the General Laws) submitting a report summarizing the birth data and statistics for calendar year 2022,,data,,docket_only_no_text,,,,
,A communication from the Department of Public Health (see Section 2 of Chapter 111 of the General Laws) submitting a report summarizing mortality data and statistics for calendar year 2022,,data,,docket_only_no_text,,,,
,"A report of the Southeastern Regional Transit Authority (under Section 8(g) of Chapter 161B of the General Laws) submitting its financial statements and supplementary information for fiscal years ending June 30, 2023, and June 30, 2024",,information,,docket_only_no_text,,,,
,Data Collection for Government Assisted Housing in Massachusetts FY24 Report,,data,,docket_only_no_text,,,,
H105,An Act relative to data transparency in the cannabis industry,,data,,ok,Bill,1999,,
H1051,An Act relative to establishing a financial technology task force,,technology,,ok,Bill,1724,,
H1059,An Act relative to electronic automobile insurance charges,,electronic,,ok,Bill,316,,
H1131,"An Act relating to patient cost, benefit and coverage information, choice, and price transparency",,information,,ok,Bill,7605,,
H1169,An Act providing Medicaid coverage for tobacco cessation programs and information,,information,,ok,Bill,382,,
H1212,An Act relative to determination of need of new technology,,technology,,ok,Bill,698,,
H1222,An Act to ensure uniform and transparent reporting of medical debt data,,data,,ok,Bill,5746,,
H1238,An Act to improve patient care through integrated electronic health records,,electronic,,ok,Bill,11777,data_privacy:1;privacy_generic:2,expert in health information technology; 1 shall be an expert in law and health policy; 1 shall be an expert in health information privacy and security; 1 shall be from an academic medical center; 1 shall be from a community hospital; 1 shall be from a commu
H1283,An Act protecting public higher education student information,,information,,ok,Bill,462,privacy_generic:1,"of Chapter 15A shall not be required to produce records defined as education records in the Family Education Rights and Privacy Act (20 USC 11232g) at 34 CFR § 99.3, including those education records designated by the public colleges and universit"
H1308,An Act relative to the use of credit reporting in housing,,credit_reporting,,ok,Bill,4294,,
H1338,An Act relative to electronic meetings and voting in condominiums,,electronic,,ok,Bill,3122,,
H1349,An Act improving municipal access to general existing housing data,,data,,ok,Bill,2680,,
H1394,An Act relative to law enforcement access to prescription monitoring data,,data,,ok,Bill,1029,,
H1405,An Act relative to uniform real property electronic recordings,,electronic,,ok,Bill,5383,,
H1422,An Act relative to Trial Court data collection,,data,,ok,Bill,350,,
H1433,An Act relative to the free flow of information,,information,,ok,Bill,4734,,
H1488,An Act relative to unmanned aerial vehicles,,drones,,ok,Bill,2815,privacy_generic:1,"ally surveil another person when the other person in such place and circumstance would have a reasonable expectation of privacy in not being so photographed, videotaped or electronically surveilled, and without that person's knowledge and consent,"
H1490,An Act relative to authorizing electronic signatures for criminal complaints,,electronic,,ok,Bill,1291,,
H1519,An Act relative to locating missing persons via mobile data  (Kelsey's Bill),,data,,ok,Bill,2227,geolocation:4,"reless telecommunications carrier or in-vehicle security and communications service provider, shall immediately provide location information concerning the telecommunications devices of the user to the requesting law enforcement agency (i) in order to respond"
H1522,An Act relative to the Uniform Electronic Legal Material Act,,electronic,,ok,Bill,6261,,
H1545,An Act to simplify the administrative aspect of evidentiary use of medical information,,information,,ok,Bill,2479,,
H1555,An Act establishing an internet bill of rights,,internet,,ok,Bill,135592,personal_information:246;biometric:3;geolocation:1;genetic_privacy:3;data_protection:77;security_breach:23,"ing terms shall, unless the context clearly requires otherwise, have the following meanings: “Binding corporate rules”, personal data protection policies adhered to by a controller or processor established in the commonwealth for transfers or a set of t"
H1580,An Act relative to the release of sex offender information to victims,,information,,ok,Bill,453,,
H1582,An Act relative to the enticement of children online,,online,,ok,Bill,329,,
H1627,An Act requiring the inclusion of certain civil rights offense information in the statewide domestic violence recordkeeping system,,information,,ok,Bill,2336,,
H1641,An Act for uniform fiduciary access to digital assets,,digital,,ok,Bill,23195,,
H1653,"An Act to protect private electronic communication, browsing and other activity",,electronic,,ok,Bill,30818,geolocation:13;surveillance:2;privacy_generic:2;record_nondisclosure:1,"lectronic form and that enables access to, or use of, an electronic communication service, remote computing service, or location information service. “Electronic device information”, electronic communication information and location information stored in a dev"
H170,An Act requiring licensure for use of graduated electronic decelerators,,electronic,,ok,Bill,2177,,
H1719,An Act relative to criminal offender record information checks,,information,,ok,Bill,1816,,
H1723,An Act relative to legal advertisements in online-only newspapers,,online,,ok,Bill,1074,,
H1733,An Act expanding opportunities for individuals in the criminal offender record information system,,information,,ok,Bill,1630,,
H1748,An Act relative to access to a decedent's electronic mail accounts,,electronic,,ok,Bill,24233,,
H1762,An Act relative to civil asset forfeiture transparency and data reporting,,data,,ok,Bill,4406,personal_information:1;privacy_generic:1,"he publication of information in violation of any law or regulation relating to criminal offender record information or personally identifiable information, or any other applicable privacy law. If an agency has made no seizures or forfeitures during the previous year, a null"
H1769,An Act relative to the use of administrative subpoenas to obtain telephone and internet records without judicial review,,internet,,ok,Bill,2483,,
H1787,An Act automatically sealing cannabis records and promoting uniform digital record keeping,,digital,,ok,Bill,1356,,
H1802,An Act improving juvenile justice data collection,,data,,ok,Bill,18571,electronic_monitoring:1,"a case to district or superior Court; to impose bail; to impose pretrial release conditions; to place a juvenile on an electronic monitoring device, either as a condition of pretrial release, as a condition of probation after disposition of a case to revoke"
H1841,An Act protecting wages of employees who receive wages through an electronic wage card,,electronic,,ok,Bill,1630,,
H1859,An Act relative to improving PFML data reporting,,data,,ok,Bill,2112,,
H1862,An Act relative to workforce data accessibility,,data,,ok,Bill,6382,privacy_generic:4,"vices; and educational and other credential attainment. The department shall adhere to all applicable state and federal privacy laws, to protect individuals’ private information while allowing measurement of aggregate data. SECTION 3. Not later th"
H190,An Act creating an electronic backpack for foster children’s educational records,,electronic,,ok,Bill,3195,,
H1939,An Act relative to the confidentiality of communications of information of labor organizations,,information,,ok,Bill,5235,record_nondisclosure:1,"1)Except as provided in subsection (c) or (d) of this section, a labor organization or an agent of a labor organization may not be compelled to disclose any communication or information the labor organization or agent received or acquired in confidence from an employee wh"
H1974,An Act regulating the use of artificial intelligence (AI) in providing mental health services,,artificial_intelligence,,ok,Bill,2454,,
H2015,An Act relative to the limited sharing of medical information with the family of mentally ill patients in emergency situations,,information,,ok,Bill,774,,
H210,An Act relative to the use of electronic benefit transfer cards with regard to online grocery delivery services,,electronic;online,,ok,Bill,559,,
H2169,An Act relative to patient access to information regarding breast reconstructive surgery,,information,,ok,Bill,1096,,
H2307,An Act relative to crime gun data reporting and analysis,,data,,ok,Bill,2874,,
H2332,An Act relative to electronic defensive devices,,electronic,,ok,Bill,8058,,
H2341,An Act relative to the transparency of electronic weapons and devices,,electronic,,ok,Bill,741,,
H2377,An Act relative to armed private security information,,information,,ok,Bill,1924,,
H2385,An Act establishing a smart gun technology task force,,technology,,ok,Bill,976,,
H2453,An Act relative to documentary material or data received by retirement boards,,data,,ok,Bill,270,,
H255,An Act relative to establishing an online lottery,,online,,ok,Bill,14320,record_nondisclosure:1,"ts, games or shares online, over the internet, through the use of a mobile application or through any other means shall not be deemed public records of the commission for the purposes of section 10 of chapter 66; provided, however, that this section shall not prohibi"
H2671,An Act relative to electronic monitoring department personnel pension group classification,,electronic,,ok,Bill,426,,
H2751,An Act relative to the electronic filing of certain forms used in property valuation,,electronic,,ok,Bill,895,,
H2773,An Act providing incentives to the digital interactive media/entertainment industries,,digital,,ok,Bill,11570,,
H2787,An Act relative to taxation of digital advertising services,,digital,,ok,Bill,5035,,
H2792,An Act relative to qualified data centers in the Commonwealth,,data,,ok,Bill,13619,biometric:1;surveillance:1,"personnel, permanent security guards, video camera surveillance, an electronic system requiring pass codes, keycards or biometric scans or similar security features. “Qualification period”, a 20-year period of time beginning on the effective date of"
H281,An Act relative to the security of personal financial information,,information,,ok,Bill,7681,personal_information:10;biometric:1;security_breach:2,"data and the confidential process or key that is capable of compromising the security, confidentiality, or integrity of personal information, maintained by a person or agency that creates an identifiable risk of identity theft or fraud. A good faith but unauth"
H2814,An Act relative to smart gun technology tax incentive program,,technology,,ok,Bill,4346,biometric:1;facial_recognition:1,"r” the following two definitions:- “smart gun”, is a firearm that can detect its authorized user(s) through identifying biometric technology (including fingerprints, facial recognition, etc.), blue tooth, or other technology-based identifying inform"
H2821,An Act to establish a digital advertising revenue commission,,digital,,ok,Bill,2611,,
H2828,An Act establishing a tax for online advertising,,online,,ok,Bill,1740,,
H2847,An Act relative to exempting small businesses from the telecommunications tax,,telecommunications,,ok,Bill,707,,
H290,An Act relative to the right to repair motor vehicle data law,,data;right_to_repair,,ok,Bill,1206,,
H2930,An Act establishing a tax for online advertising,,online,,ok,Bill,1684,,
H2966,An Act establishing a tax on local revenues from digital advertising,,digital,,ok,Bill,5126,,
H2972,An Act relative to preserving information content of historic resources with community preservation funds,,information,,ok,Bill,288,,
H2993,An Act relative to civil asset forfeiture data reporting,,data,,ok,Bill,7357,,
H3021,An Act relative to the technology fund,,technology,,ok,Bill,494,,
H3064,An Act relative to online posting of CMRs,,online,,ok,Bill,491,,
H3082,An Act regarding information governance,,information,,ok,Bill,1583,privacy_generic:1,"intain, and enforce a comprehensive information governance plan, including, at minimum, protocols for: storage, naming, privacy, security, routine disposal and methods for halting that disposal when necessary, and appropriate sharing of documents"
H3179,An Act relative to internet service provider data,,data;internet,,ok,Bill,1498,personal_information:3,"eement, or otherwise operates in the commonwealth of Massachusetts may collect, use, disclose or otherwise disseminate, personal information from a customer resulting from the customer’s use of the telecommunications or internet service provider without expres"
H319,An Act to clarify the Consumer Protection Act,,consumer_protection,,ok,Bill,377,,
H3191,An Act encouraging advanced leak repair technology and renewable thermal energy infrastructure,,technology,,ok,Bill,543,,
H3217,An Act relative to consumer access to residential energy information,,information,,ok,Bill,13654,personal_information:1;record_nondisclosure:1,"g and, where appropriate, recommendations for energy related improvements. Such information shall not contain any other personal data as defined in section 1 of chapter 66A. SECTION 7. Said section 3 of said chapter 25A, as so appearing, is hereby amend"
H3239,An Act empowering library access to electronic books and digital audiobooks,,electronic;digital,,ok,Bill,7077,,
H3256,"An Act regulating the flight of unmanned aircraft/drones in the airspace over all early, elementary and secondary education facilities in the Commonwealth",,drones,,ok,Bill,1528,,
H3278,An Act relative to electronic license plates,,electronic,,ok,Bill,2975,,
H329,An Act relative to disclosure notice in the right to repair motor vehicle data law,,data;right_to_repair,,ok,Bill,974,,
H3309,An Act establishing an auction or online transfer for low number registration plates in the Registry of Motor Vehicles,,online,,ok,Bill,814,,
H3325,An Act relative to the safe operation of drones in the Commonwealth,,drones,,ok,Bill,5030,,
H3358,An Act relative to airplane noise data collection and Good Neighbor Policy,,data,,ok,Bill,3294,,
H3372,An Act relative to third party delivery data reporting,,data,,ok,Bill,7670,record_nondisclosure:1,"ubsection shall not be considered a public record under clause Twenty-sixth of section 7 of chapter 4 or chapter 66 and shall not be disclosed to any person or entity other than those listed or described in the confidential data-sharing agreement; provided, howe"
H3429,An Act relative to unmanned aerial systems,,drones,,ok,Bill,6112,surveillance:2,"orrection for not more than six months, or both. (e) No person shall operate a UAS or UAV for the purpose of conducting surveillance or observation of an individual, their private real property, or dwelling inclusive of the curtilage without said indiv"
H3431,An Act relative to license plate readers,,plate_reader,,ok,Bill,13428,,
H3445,An Act relative to automobile technology,,technology,,ok,Bill,9551,,
H3469,An Act relative to electronic toll payments,,electronic,,ok,Bill,941,,
H351,An Act relative to consumer protection on online automobile franchise transactions,,online;consumer_protection,,ok,Bill,565,,
H3561,An Act relative to posting information about the National Human Trafficking Resource Center hotline,,information,,ok,Bill,1685,,
H3585,An Act relative to telehealth and digital equity for patients,,digital,,ok,Bill,23453,,
H360,An Act relative to digital right to repair,,digital;right_to_repair,,ok,Bill,8534,,
H3700,An Act relative to consumer protection and private utility lines and poles,,consumer_protection,,ok,Bill,2331,,
H3763,An Act relative to healthcare proxy information,,information,,ok,Bill,1312,,
H3780,"An Act related to the resiliency, public safety and quality of broadband in Massachusetts",,,J33,ok,Bill,5120,privacy_generic:1,"cluding broadband speed, peak usage data and packet loss; (iii) network management practices; (iv) data allowances; (v) privacy policies; and (vi) any other information that the department determines to be necessary. The department shall promulgat"
H3818,An Act preventing rampant online technological exploitation and criminal trafficking,,online,,ok,Bill,19103,facial_recognition:1,"rom the visual depiction itself or information displayed in connection with the visual depiction, including through (i) facial recognition, (ii) an identifying marking on the individual, including a birthmark or piercing, (iii) an identifying feature of the"
H383,An Act allowing electronic delivery receipts for certain bulk sale customers,,electronic,,ok,Bill,911,,
H3831,An Act to establish public internet service,,internet,J33,ok,Bill,5041,geolocation:1;privacy_generic:2,"the following steps: (a) not collect, use, disclose or retain internet data through the use of a device, web browsing, location information or any other internet usage beyond what is necessary to provide, maintain and secure the service; (b) monitor data info"
H3847,"Communication from the Department of Energy Resources of the Executive Office of Energy and Environmental Affairs (under the provisions of section 12 of Chapter 25A of the General Laws) submitting regulations 225 CMR 24.00 – Municipal Fossil Fuel Free Building Construction and Renovation Demonstration Project, and also establishing data reporting requirements and assessment procedures to measure impacts of fossil fuel free building code requirements",,data,,ok,Bill,27121,,
H386,An Act relative to consumer health data,,data,,ok,Bill,15744,personal_information:10;data_privacy:5;biometric:3;geolocation:1;sale_of_data:3;privacy_generic:9,"consumer’s acceptance of a general or broad Terms of Use agreement or a similar document that contains descriptions of personal data processing along with other, unrelated information; (ii) A consumer hovering over, muting, pausing, or closing a given"
H3863,An Act relative to the dangerous release of personal civil rights information,,information,,ok,Bill,3443,personal_information:1,", shotguns, machine guns and ammunition therefor, as defined in said section 121 of said chapter 140, that contains any personal information including but not limited to names, street address, town, zip code, license identification numbers, date of birth, date"
H395,An Act relative to online advertising,,online,,ok,Bill,12240,personal_information:26;privacy_generic:2,"using or accessing a website, webpage or online service that includes the display of advertisements. (B) The term “non-personally identifiable information” means information collected or logged by a third party advertising network that cannot be used, by itself, to contact,"
H4021,An Act requiring employers to post information on veterans' benefits and services,,information,,ok,Bill,1349,,
H4024,An Act establishing a commission on automated decision-making by government in the Commonwealth,,,J33,ok,Bill,7307,data_protection:1,"ctions; (v) examine matters related to data sources, data sharing agreements, data security provisions, compliance with data protection laws and regulations, and all other issues related to how data is protected, used, and shared by executive agencies usi"
H4027,An Act allowing print free digital legal notices for the town of Arlington,,digital,,ok,Bill,2276,,
H4132,An Act allowing electronic delivery receipts for certain bulk sale customers,,electronic,,ok,Bill,695,,
H4154,An Act relative to stores offering digital coupons,,digital,,ok,Bill,2006,,
H419,"An Act establishing an advisory commission on science, technology, engineering, and mathematics",,technology,,ok,Bill,5216,,
H4222,An Act advancing grid enhancement technology,,technology,,ok,Bill,3629,,
H4242,An Act to provide for the future information technology needs of Massachusetts,,information;technology,,ok,Bill,20357,,
H4266,An Act protecting public higher education student information,,information,,ok,Bill,547,privacy_generic:1,"of Chapter 15A shall not be required to produce records defined as education records in the Family Education Rights and Privacy Act (20 USC 11232g) at 34 CFR § 99.3, including those education records designated by the public colleges and universit"
H431,An Act to expand the Massachusetts School Building Authority and create a new program to assist public school districts with 21st century technology upgrades,,technology,,ok,Bill,599,,
H4331,An Act relative to authorizing electronic signatures for criminal complaints,,electronic,,ok,Bill,1268,,
H4332,An Act to simplify the administrative aspect of evidentiary use of medical information,,information,,ok,Bill,851,,
H4345,Extension Order - Consumer Protection and Professional Licensure,,consumer_protection,,ok,Extension Order,340,,
H4346,Extension Order - Consumer Protection and Professional Licensure,,consumer_protection,,ok,Extension Order,298,,
H4347,Extension Order - Consumer Protection and Professional Licensure,,consumer_protection,,ok,Extension Order,330,,
H4348,Extension Order - Consumer Protection and Professional Licensure,,consumer_protection,,ok,Extension Order,315,,
H4349,Extension Order - Consumer Protection and Professional Licensure,,consumer_protection,,ok,Extension Order,287,,
H4378,"Extension Order - Telecommunications, Utilities and Energy",,telecommunications,,ok,Extension Order,1045,,
H4406,An Act establishing a task force on the use of deepfake and digital content forgery,,digital;deepfake,J33,ok,Bill,6406,privacy_generic:2,"deepfakes impacting state and local government, Massachusetts-based businesses, and residents. (2) The risks, including privacy risks, associated with the deployment of digital content forgery technologies and deepfakes on Massachusetts state and"
H4411,"An Act relating to patient cost, benefit and coverage information, choice, and price transparency",,information,,ok,Bill,8003,,
H4421,An Act establishing an education-to-career data center,,data,,ok,Bill,13269,personal_information:3;data_privacy:1;security_breach:1;privacy_generic:10,"al of an individual’s name, address, employer, date of birth, social security number, driver’s license number and other personal information from a data record. Data shall be considered “de-identified” only if satisfying the standard for de-identification set"
H4456,An Act relative to financial technology services,,technology,,ok,Bill,27356,privacy_generic:1;record_nondisclosure:2,"ime, without incurring a cancellation fee imposed by the provider. Comply with all applicable local, state, and federal privacy and information security laws. If a provider solicits, charges, or receives a tip, gratuity, or other donation from a c"
H4538,"Extension Order - Telecommunications, Utilities and Energy",,telecommunications,,ok,Extension Order,299,,
H4571,Extension Order - Consumer Protection and Professional Licensure,,consumer_protection,,ok,Extension Order,254,,
H4578,Study Order,,,J33,ok,Order,4370,wiretap_interception:1,"se of blockchain technology; the petition (accompanied by bill, house, no. 73) of christopher m. markey relative to the interception of wire and oral communications; the petition (accompanied by bill, house, no. 75) of frank a. moran and estela a. reyes for le"
H459,An Act relative to creating statutes relating to requiring school boards to make information about learning materials and educational activities used for pupil instruction available to the public,,information,,ok,Bill,11694,,
H4631,An Act to modernize funding for community media programming,,,J33,ok,Bill,19863,,
H4642,An Act to provide for the future information technology needs of Massachusetts.,,information;technology,,ok,Bill,14058,,
H4648,An Act to provide for the future information technology needs of Massachusetts.,,information;technology,,ok,Bill,23205,,
H4650,"An Act allowing ""print free"" digital legal notices for the town of Lexington",,digital,,ok,Bill,2314,,
H4664,"An Act allowing ""print-free"" digital legal notices for the town of Lincoln",,digital,,ok,Bill,1645,,
H4776,"Extension Order - Telecommunications, Utilities and Energy",,telecommunications,,ok,Extension Order,300,,
H4798,Extension Order - Consumer Protection and Professional Licensure,,consumer_protection,,ok,Extension Order,254,,
H4802,An Act addressing challenges facing public libraries and digital resource collections,,digital,,ok,Bill,6360,privacy_generic:2,"ese differences may impact consumer experience and access to diverse collections; (iv) research and describe how patron privacy records and metadata are kept, used, accessed and sold as it relates to patrons using and accessing digital and electro"
H4832,An Act relative to civil rights and technology,,technology,,ok,Bill,6058,surveillance:2,ation in which a warrant would be required if the entry onto that property were made by an officer; and (ii) to conduct surveillance or location tracking in any situation in which a warrant or other legally required judicial authorization would be requ
H4838,An Act relative to airplane noise data collection and Good Neighbor Policy,,data,,ok,Bill,3056,,
H4889,An Act to provide for the future information technology needs of Massachusetts,,information;technology,,ok,Bill,29717,,
H4955,Extension Order - Consumer Protection and Professional Licensure,,consumer_protection,,ok,Extension Order,332,,
H4961,Extension Order - Consumer Protection and Professional Licensure,,consumer_protection,,ok,Extension Order,313,,
H530,An Act establishing an education-to-career data center,,data,,ok,Bill,13041,personal_information:3;data_privacy:1;security_breach:1;privacy_generic:10,"al of an individual’s name, address, employer, date of birth, social security number, driver’s license number and other personal information from a data record. Data shall be considered “de-identified” only if satisfying the standard for de-identification set"
H59,An Act relative to the oversight of cable contracts,,,J33,ok,Bill,647,,
H61,An Act relative to filing slander against anonymous parties on the internet,,internet,J33,ok,Bill,1081,,
H62,An Act establishing the Massachusetts open data standard,,data,J33,ok,Bill,7116,personal_information:1;privacy_generic:1,to agile management; (3) support for open data platforms and data standardization; and (4) commitment to the privacy of personal identifying information. Section 3. (a) The chief data officer shall establish the Massachusetts Open Data Standard for state and municipal age
H64,An Act establishing a commission on automated decision-making by government in the Commonwealth,,,J33,ok,Bill,10655,data_protection:1,"ctions; (v) examine matters related to data sources, data sharing agreements, data security provisions, compliance with data protection laws and regulations, and all other issues related to how data is protected, used, and shared by agencies using automat"
H65,An Act relative to efficient access to the affordable connectivity program,,,J33,ok,Bill,566,,
H659,An Act relative to candidate information on ballots,,information,,ok,Bill,1722,,
H66,An Act relative to cyberattack response in Massachusetts,,,J33,ok,Bill,1596,,
H67,An Act creating a task force to study the use of the internet by sex offenders,,internet,J33,ok,Bill,1771,,
H678,An Act relative to random placement for candidate names and removal of incumbent information on primary and state ballots,,information,,ok,Bill,1251,,
H68,An Act relative to internet service outages,,internet,J33,ok,Bill,7726,,
H69,An Act establishing a special commission on blockchain and cryptocurrency,,,J33,ok,Bill,4925,privacy_generic:2,"ll be charged with examining the following: (a) The feasibility, validity and admissibility as well as risks, including privacy risks, and benefits of using blockchain technology in state and local government and Massachusetts-based businesses; pr"
H70,An Act providing for consumer protection in a digital economy,,digital;consumer_protection,J33,ok,Bill,434,,
H704,An Act relative to honest online political advertisement disclosure and election interference,,online,,ok,Bill,3147,,
H71,An Act creating a pilot program to explore digital innovation in government,,digital,J33,ok,Bill,1297,,
H72,An Act to protect against deep fakes used to facilitate criminal or torturous conduct,,deepfake,J33,ok,Bill,4655,privacy_generic:2,"ration of deepfakes impacting state government, Massachusetts-based businesses, and residents. (2) The risks, including privacy risks, associated with the deployment of digital content forgery technologies and deepfakes on Massachusetts State and"
H728,An Act relative to public information requests,,information,,ok,Bill,1717,,
H74,An Act to modernize funding for community media programming,,,J33,ok,Bill,18420,,
H75,An Act creating the Massachusetts digital equity broadband adoption program,,digital,J33,ok,Bill,5019,,
H77,An Act relative to the Office of Information Technology considering cloud computing service options under certain circumstances,,information;technology,J33,ok,Bill,3274,data_protection:1,"when making a purchase for an information technology, cloud computing service options, including any security benefits, data protection safeguards, and cost savings associated with purchasing a cloud computing service option; (12) develop systems and meth"
H78,An Act relative to assuring a jumpstart in investments in telecoms to preserve access to the internet,,internet,J33,ok,Bill,4935,,
H79,An Act relative to providing for net neutrality and consumer protection,,consumer_protection,J33,ok,Bill,14863,,
H81,An Act establishing free broadband internet access in public housing,,internet,J33,ok,Bill,2283,privacy_generic:1,"to food, housing, work, education, human dignity, life, non-discrimination, equality, the prohibition against torture, privacy, access to information, and the freedoms of association, assembly and movement. Broadband internet access is now an ess"
H82,An Act relative to protecting the residents of the Commonwealth,,,J33,ok,Bill,5701,,
H84,An Act relative to electronic security for the Commonwealth,,electronic,J33,ok,Bill,2081,,
H85,An Act internet access on private ways,,internet,J33,ok,Bill,222,,
H86,"Resolve establishing a special commission to review advancements in educational technology, digital/online learning and related programs",,digital;online;technology,J33,ok,Resolve,3183,,
H871,"An Act to require producer responsibility for collection, reuse and recycling of discarded electronic products",,electronic,,ok,Bill,42515,,
H933,An Act providing mortgage customers additional mandatory information regarding their accounts,,information,,ok,Bill,492,,
H954,"An Act protecting the use of bank names, trade names and trademarks in electronic communications",,electronic,,ok,Bill,4265,,
H972,An Act to require financial institutions to pay late fees when it fails to conduct an electronic transfer,,electronic,,ok,Bill,975,,
H986,An Act relative to telehealth and digital equity for patients,,digital,,ok,Bill,45428,biometric:1;privacy_generic:7,"bers and member guidance outputs from healthcare providers, including the remote monitoring of a patient’s vital signs, biometric data, or other objective or subjective data by a device that transmits such data electronically to a healthcare practit"
H994,An Act to increase access and transparency of health insurance data,,data,,ok,Bill,926,,
S1106,An Act specifying an electronic system to ensure that sales of certain products containing pseudoephedrine (PSE) do not exceed limits established under federal law,,electronic,,ok,Bill,5153,,
S1111,An Act relative to civil asset forfeiture transparency and data reporting,,data,,ok,Bill,4406,personal_information:1;privacy_generic:1,"he publication of information in violation of any law or regulation relating to criminal offender record information or personally identifiable information, or any other applicable privacy law. If an agency has made no seizures or forfeitures during the previous year, a null"
S1115,An Act to protect the free flow of information in Massachusetts,,information,,ok,Bill,5891,,
S1137,An Act relative to legal advertisements in online-only newspapers,,online,,ok,Bill,1074,,
S1144,An Act regulating the use of credit reports by employers,,credit_reporting,,ok,Bill,2452,,
S1187,An Act to make data on workforce development outcomes public and accessible,,data,,ok,Bill,6617,privacy_generic:4,"vices, and educational and other credential attainment. The department shall adhere to all applicable state and federal privacy laws, to protect individuals’ private information while allowing measurement of aggregate data. SECTION 3. Not later th"
S1378,An Act regarding death certificates online,,online,,ok,Bill,280,,
S1386,An Act relative to the determination of need of new technology,,technology,,ok,Bill,697,,
S142,An Act relative to digital right to repair,,digital;right_to_repair,,ok,Bill,8531,,
S1433,An Act relative to stroke data reporting,,data,,ok,Bill,984,,
S1470,An Act relative to personal health information portability and accessibility,,information,,ok,Bill,3594,,
S1492,An Act relative to crime gun data reporting and analysis,,data,,ok,Bill,2874,,
S150,An Act relative to consumer protection on online automobile franchise transactions,,online;consumer_protection,,ok,Bill,555,,
S1557,An Act relative to the use of unmanned aerial systems,,drones,,ok,Bill,7304,biometric:1;facial_recognition:1,"avoid data collection on individuals, homes, and areas other than the warrant subject. (2) Facial recognition and other biometric matching technology shall not be used to analyze data produced by an unmanned aerial vehicle, except as judicially auth"
S156,An Act relative to the safe use of electronic devices by children,,electronic,,ok,Bill,766,,
S1567,Resolve establishing a special commission to study technology to monitor and protect individuals in law enforcement custody,,technology,,ok,Resolve,2118,privacy_generic:1,on; (v) using technology to monitor and report on in-custody health or safety incidents; (vi) safeguards to protect the privacy and rights of individuals being monitored; (vii) cost assessments of the implementing the technology and of the civil l
S170,An Act establishing an online lottery,,online,,ok,Bill,12353,record_nondisclosure:1,"ts, games or shares online, over the internet, through the use of a mobile application or through any other means shall not be deemed public records of the commission for the purposes of section 10 of chapter 66; provided, however, that this section shall not prohibi"
S184,An Act relative to consumer health data,,data,,ok,Bill,15744,personal_information:10;data_privacy:5;biometric:3;geolocation:1;sale_of_data:3;privacy_generic:9,"consumer’s acceptance of a general or broad Terms of Use agreement or a similar document that contains descriptions of personal data processing along with other, unrelated information; (ii) A consumer hovering over, muting, pausing, or closing a given"
S1846,An Act establishing a tax on local revenues from digital advertising,,digital,,ok,Bill,5126,,
S1877,An Act clarifying occupancy excise and internet hotel room resellers,,internet,,ok,Bill,465,,
S193,An Act to protect life-saving electronic health records from reckless corporate greed and corruption,,electronic,,ok,Bill,3040,,
S1958,An Act relative to qualified data centers in the Commonwealth,,data,,ok,Bill,13619,biometric:1;surveillance:1,"personnel, permanent security guards, video camera surveillance, an electronic system requiring pass codes, keycards or biometric scans or similar security features. “Qualification period”, a 20-year period of time beginning on the effective date of"
S198,An Act protecting personal identifying information,,information,J33,ok,Bill,188,personal_information:1,"Section 1 of Chapter 93H, as appearing in the 2020 Official Edition, is hereby amended by adding to the definition of “personal information” the following subsection:- (d) date of birth."
S2060,An Act regarding information governance,,information,,ok,Bill,1583,privacy_generic:1,"intain, and enforce a comprehensive information governance plan, including, at minimum, protocols for: storage, naming, privacy, security, routine disposal and methods for halting that disposal when necessary, and appropriate sharing of documents"
S2188,An Act modernizing library access to electronic books and digital audiobooks,,electronic;digital,,ok,Bill,2329,,
S2210,An Act relative to increasing operational safety for keyless ignition technology in motor vehicles,,technology,,ok,Bill,7673,,
S2235,An Act to remediate and reopen the visitor information center on I-95 in Northern Bristol County for traveler safety and convenience and to promote regional tourism and economic development,,information,,ok,Bill,2038,,
S2261,An Act relative to online driver education,,online,,ok,Bill,650,,
S2308,An Act relative to unmanned aerial vehicles in the Commonwealth,,drones,,ok,Bill,1032,,
S2367,An Act relative to third party delivery data reporting,,data,,ok,Bill,7670,record_nondisclosure:1,"ubsection shall not be considered a public record under clause Twenty-sixth of section 7 of chapter 4 or chapter 66 and shall not be disclosed to any person or entity other than those listed or described in the confidential data-sharing agreement; provided, howe"
S2478,An Act relative to digital right to repair,,digital;right_to_repair,,ok,Bill,8558,,
S26,An Act relative to the modernization of state agency information technology systems,,information;technology,J33,ok,Bill,6953,surveillance:1;privacy_generic:1,"imaging, printing, scanning, and copying peripherals and input, output, and storage devices necessary for security and surveillance, peripheral equipment designed to be controlled by the central processing unit of a computer, software and firmware and"
S2620,"Telecommunications, Utilities, and Energy - Extension Order",,telecommunications,,ok,Extension Order,841,,
S2630,"Order relative to authorizing the joint committee on Consumer Protection and Professional Licensure, to make an investigation and study of certain current Senate documents relative to consumer protection and professional licensure matters",,consumer_protection,,ok,Order,380,,
S2637,"An Act relating to patient cost, benefit and coverage information, choice, and price transparency",,information,,ok,Bill,8004,,
S2666,An Act establishing an education-to-career data center,,data,,ok,Bill,13269,personal_information:3;data_privacy:1;security_breach:1;privacy_generic:10,"al of an individual’s name, address, employer, date of birth, social security number, driver’s license number and other personal information from a data record. Data shall be considered “de-identified” only if satisfying the standard for de-identification set"
S27,"An Act to protect private electronic communication, browsing and other activity",,electronic,J33,ok,Bill,30818,geolocation:13;surveillance:2;privacy_generic:2;record_nondisclosure:1,"lectronic form and that enables access to, or use of, an electronic communication service, remote computing service, or location information service. “Electronic device information”, electronic communication information and location information stored in a dev"
S2718,"Telecommunications, Utilities and Energy - Extension Order",,telecommunications,,ok,Extension Order,429,,
S2719,"Order relative to authorizing the joint committee on Telecommunications, Utilities and Energy to make an investigation and study of certain current Senate documents relative to matters of telecommunications, utilities and energy.",,telecommunications,,ok,Order,626,,
S2730,An Act relative to deceptive and fraudulent deepfakes in election communications,,deepfake,J33,ok,Bill,5331,,
S275,An Act relative to licensed care and financial resource information for parents of newborns,,information,,ok,Bill,1422,,
S2771,An Act to modernize funding for community media programming,,,J33,ok,Bill,19863,,
S28,An Act to ensure a free and open internet in the commonwealth,,internet,J33,ok,Bill,16226,,
S2806,An Act to provide for the future information technology needs of Massachusetts.,,information;technology,,ok,Amendment,12677,,
S2810,An Act relative to fusion investment and research for sustainable technology to be known as the FIRST Act,,technology,,ok,Bill,31560,,
S2814,An Act to provide for the future information technology needs of Massachusetts,,information;technology,,ok,Amendment,18566,,
S2831,An Act relative to disinformation in elections,,,J33,ok,Bill,6013,,
S2832,"Telecommunications, Utilities, and Energy - Extension Order",,telecommunications,,ok,Extension Order,418,,
S29,An Act establishing a special commission on blockchain and cryptocurrency,,,J33,ok,Bill,4934,privacy_generic:2,"ll be charged with examining the following: (a) The feasibility, validity and admissibility as well as risks, including privacy risks, and benefits of using blockchain technology in state and local government and commonwealth-based businesses; pro"
S2907,"Order relative to authorizing the joint committee on Consumer Protection and Professional Licensure, to make an investigation and study of a certain current Senate document relative to online lottery",,online;consumer_protection,,ok,Order,217,,
S293,An Act relative to student assessment data,,data,,ok,Bill,676,,
S31,An Act drafted with the help of ChatGPT to regulate generative artificial intelligence models like ChatGPT,,artificial_intelligence,J33,ok,Bill,3412,privacy_generic:1,"ter is to regulate generative artificial intelligence models, such as ChatGPT, in order to protect the public’s safety, privacy and intellectual property rights. Section 2. Definitions For the purposes of this chapter, the following words shall ha"
S32,An Act relative to cyber incident response,,,J33,ok,Bill,12542,security_breach:4;record_nondisclosure:1,"and section 13, the following words shall have the following meanings, unless the context clearly requires otherwise: “Breach of security” shall have the same meaning as defined in section 1 of chapter 93H. “Critical infrastructure”, the systems and assets,"
S33,An Act establishing a commission on automated decision-making by government in the commonwealth,,,J33,ok,Bill,10644,data_protection:1,"ctions; (v) examine matters related to data sources, data sharing agreements, data security provisions, compliance with data protection laws and regulations, and all other issues related to how data is protected, used, and shared by agencies using automat"
S34,An Act to modernize funding for community media programming,,,J33,ok,Bill,18362,,
S343,An Act establishing an education-to-career data center,,data,,ok,Bill,13041,personal_information:3;data_privacy:1;security_breach:1;privacy_generic:10,"al of an individual’s name, address, employer, date of birth, social security number, driver’s license number and other personal information from a data record. Data shall be considered “de-identified” only if satisfying the standard for de-identification set"
S35,An Act protecting against cyber ransom,,,J33,ok,Bill,574,,
S37,An Act relative to protecting the residents of the Commonwealth,,,J33,ok,Bill,5701,,
S38,"Resolve establishing a special commission to review advancements in educational technology, digital/online learning and related programs in order to provide the Commonwealth with the most current research and information",,information;digital;online;technology,J33,ok,Resolve,2576,,
S419,An Act establishing an early electronic voting option for municipal elections,,electronic,,ok,Bill,4256,personal_information:1,ertification of an electronic ballot and signed with a wet signature or hand-drawn electronic signature; (ii) not store personal identifying information beyond the time necessary to confirm the identity of the voter; and (iii) provide clear instructions to voters for retu
S46,An Act relative to the Farm Technology Review Commission,,technology,,ok,Bill,2811,,
S554,"An Act to require producer responsibility for collection, reuse and recycling of discarded electronic products",,electronic,,ok,Bill,42544,,
S616,"An Act relating to patient cost, benefit and coverage information, choice, and price transparency",,information,,ok,Bill,7604,,
S62,An Act relative to data transparency in the cannabis industry,,data,,ok,Bill,1875,,
S63,An Act to require closed captioning in telecommunications in public areas,,telecommunications,,ok,Bill,1652,,
S655,An Act relative to telehealth and digital equity for patients,,digital,,ok,Bill,44927,biometric:1;privacy_generic:7,"bers and member guidance outputs from healthcare providers, including the remote monitoring of a patient’s vital signs, biometric data, or other objective or subjective data by a device that transmits such data electronically to a healthcare practit"
S743,An Act to ensure uniform and transparent reporting of medical debt data,,data,,ok,Bill,5745,,
S78,An Act updating the juvenile justice policy and data board,,data,,ok,Bill,617,,
S80,An Act creating an electronic backpack for foster children’s educational records,,electronic,,ok,Bill,3195,,
S801,An Act strengthening health spending accountability processes within the health policy commission and the center for health information and analysis,,information,,ok,Bill,11266,,
S81,An Act requiring licensure for use of graduated electronic decelerators,,electronic,,ok,Bill,28130,,
S844,An Act protecting public higher education student information,,information,,ok,Bill,615,privacy_generic:1,"ted by the public institution of higher education as directory information, as defined under the Family Educational and Privacy Rights Act, 20 U.S.C. section 1232 (g). This section shall not apply to requests from federal, state, or municipal agen"
S865,An Act improving municipal access to general existing housing data,,data,,ok,Bill,2681,,
S87,An Act providing for coordinated data and assistance to address family homelessness,,data,,ok,Bill,4162,,
S877,An Act relative to the use of credit reporting in housing,,credit_reporting,,ok,Bill,4368,,
S900,An Act relative to electronic meetings and voting in condominiums,,electronic,,ok,Bill,3122,,
S930,An Act relative to access to a decedent's electronic mail accounts,,electronic,,ok,Bill,24223,,
S931,An Act improving juvenile justice data collection,,data,,ok,Bill,18599,electronic_monitoring:1,"a case to district or superior Court; to impose bail; to impose pretrial release conditions; to place a juvenile on an electronic monitoring device, either as a condition of pretrial release, as a condition of probation after disposition of a case to revoke"
S974,An Act relative to fiduciary access to digital assets,,digital,,ok,Bill,23470,,
